time,episode_id,fault,joint_0,joint_1,joint_2,joint_3,joint_4,joint_5,joint_vel_0,joint_vel_1,joint_vel_2,joint_vel_3,joint_vel_4,joint_vel_5,target_joint_0,target_joint_1,target_joint_2,target_joint_3,target_joint_4,target_joint_5,target_joint_vel_0,target_joint_vel_1,target_joint_vel_2,target_joint_vel_3,target_joint_vel_4,target_joint_vel_5,joint_current_0,joint_current_1,joint_current_2,joint_current_3,joint_current_4,joint_current_5,target_joint_current_0,target_joint_current_1,target_joint_current_2,target_joint_current_3,target_joint_current_4,target_joint_current_5,joint_temp_0,joint_temp_1,joint_temp_2,joint_temp_3,joint_temp_4,joint_temp_5,joint_control_output_0,joint_control_output_1,joint_control_output_2,joint_control_output_3,joint_control_output_4,joint_control_output_5,joint_mode_0,joint_mode_1,joint_mode_2,joint_mode_3,joint_mode_4,joint_mode_5,tcp_x,tcp_y,tcp_z,tcp_rx,tcp_ry,tcp_rz,target_tcp_x,target_tcp_y,target_tcp_z,target_tcp_rx,target_tcp_ry,target_tcp_rz,tcp_speed_x,tcp_speed_y,tcp_speed_z,tcp_speed_rx,tcp_speed_ry,tcp_speed_rz,target_tcp_speed_x,target_tcp_speed_y,target_tcp_speed_z,target_tcp_speed_rx,target_tcp_speed_ry,target_tcp_speed_rz,tcp_force_x,tcp_force_y,tcp_force_z,tcp_torque_x,tcp_torque_y,tcp_torque_z,robot_mode,safety_mode,robot_status,safety_status,runtime_state,main_voltage,robot_voltage,robot_current,digital_inputs,digital_outputs,analog_input_0,analog_input_1,analog_output_0,analog_output_1,speed_scaling,target_speed_fraction,momentum,task_phase,skill_index,status,busy,grip_detected,external_width,internal_width,force,max_force,min_external_width,max_external_width,operation_counter,frame_count,connected,streaming,created_at,updated_at,joint_accel_0,joint_accel_1,joint_accel_2,joint_accel_3,joint_accel_4,joint_accel_5,target_joint_accel_0,target_joint_accel_1,target_joint_accel_2,target_joint_accel_3,target_joint_accel_4,target_joint_accel_5,tool_accel_x,tool_accel_y,tool_accel_z
1776085910732,002c2969-c559-4f02-85a2-f2403051e800,0,40.368641221350195,-71.17949502105458,58.541032281802366,-77.70421081062767,-90.56991030110053,304.9462264395087,0.8492432031194656,0.10327148641502754,0.33645631913401813,-0.11260986245452913,-0.1235961950540682,0.2471923901081364,40.37720542606252,-71.19968340348679,58.56113398865508,-77.720815776892,-90.57514133386537,304.9605518078164,0.0,0.0,0.0,0.0,0.0,0.0,0.0605621412396431,-1.684524655342102,-1.7568473815917969,-0.7139180898666382,-0.012308932840824127,-0.05594969168305397,3.8400812166193866e-17,-1.4221934300024481,-1.3499407044391685,-0.5631802975998803,-0.004385814375176274,0.0,33.77998352050781,36.609981536865234,38.769981384277344,40.680015563964844,43.129981994628906,40.949981689453125,-0.008972168900072575,-0.8792725801467896,-1.5204660892486572,-0.6501354575157166,-0.1018284410238266,-0.0839245393872261,253,253,253,253,253,253,-0.20993247679166155,-0.32740701667343164,0.29308076260678745,0.15717391295102978,-3.130279155726224,-0.0001656834969790365,-0.20985993236310665,-0.32740202421072845,0.29313365565710187,0.15699917486795378,-3.130000359990222,1.4098975787250864e-06,4.708086517576091e-8,-0.0000014754358597079561,0.0000019970110088709276,0.000002346971399105828,0.00003379116443745309,0.00001828767795727037,0,0,0,0,0,0,1.26350879329836,-2.4030721620351585,-13.336193485974245,-0.7491940668146357,0.37016637149668924,-0.4505791329670696,7,1,3,1,2,48.19097137451172,48.19097137451172,0.6445291042327881,0,0,0.0040280818939208984,0.0040280818939208984,0.004000000189989805,0.004000000189989805,1,1,0,0,1,0,false,false,100.4000015258789,113,-3,280,55,105,1357,,,,1775568896229,1775568896229,,,,,,,,,,,,,,,
1776085910741,002c2969-c559-4f02-85a2-f2403051e800,0,40.368641221350195,-71.17949502105458,58.541032281802366,-77.70421081062767,-90.56991030110053,304.9462264395087,0.8492432031194656,0.10327148641502754,0.33645631913401813,-0.11260986245452913,-0.1235961950540682,0.2471923901081364,40.37720542606252,-71.19968340348679,58.56113398865508,-77.720815776892,-90.57514133386537,304.9605518078164,0.0,0.0,0.0,0.0,0.0,0.0,0.0605621412396431,-1.684524655342102,-1.7568473815917969,-0.7139180898666382,-0.012308932840824127,-0.05594969168305397,3.8400812166193866e-17,-1.4221934300024481,-1.3499407044391685,-0.5631802975998803,-0.004385814375176274,0.0,33.77998352050781,36.609981536865234,38.769981384277344,40.680015563964844,43.129981994628906,40.949981689453125,-0.008972168900072575,-0.8792725801467896,-1.5204660892486572,-0.6501354575157166,-0.1018284410238266,-0.0839245393872261,253,253,253,253,253,253,-0.20993247679166155,-0.32740701667343164,0.29308076260678745,0.15717391295102978,-3.130279155726224,-0.0001656834969790365,-0.20985993236310665,-0.32740202421072845,0.29313365565710187,0.15699917486795378,-3.130000359990222,1.4098975787250864e-06,4.708086517576091e-8,-0.0000014754358597079561,0.0000019970110088709276,0.000002346971399105828,0.00003379116443745309,0.00001828767795727037,0,0,0,0,0,0,1.26350879329836,-2.4030721620351585,-13.336193485974245,-0.7491940668146357,0.37016637149668924,-0.4505791329670696,7,1,3,1,2,48.19097137451172,48.19097137451172,0.6445291042327881,0,0,0.0040280818939208984,0.0040280818939208984,0.004000000189989805,0.004000000189989805,1,1,0,0,7,0,false,false,100.4000015258789,113,-3,280,55,105,1357,,,,1775568896229,1775568896229,,,,,,,,,,,,,,,
1776085910751,002c2969-c559-4f02-85a2-f2403051e800,0,40.38303926012058,-71.18017803997158,58.544474697144054,-77.70901926380336,-90.56165943258316,304.9441773827577,0.12634277153384635,0.04614258024279754,0.10574341458497713,-0.13320923274361157,0.11123657421464006,0.09475708198543807,40.37720542606252,-71.19968340348679,58.56113398865508,-77.720815776892,-90.57514133386537,304.9605518078164,0.0,0.0,0.0,0.0,0.0,0.0,-0.0942077711224556,-1.7787325382232666,-1.6912707090377808,-0.7351789474487305,-0.01678490824997425,-0.044759754091501236,3.8400812166193866e-17,-1.4221934300024481,-1.3499407044391685,-0.5631802975998803,-0.004385814375176274,0.0,33.77998352050781,36.609981536865234,38.769981384277344,40.680015563964844,43.129981994628906,40.949981689453125,-0.008972168900072575,-0.8792725801467896,-1.5204660892486572,-0.6501354575157166,-0.1018284410238266,-0.0839245393872261,253,253,253,253,253,253,-0.2098406318087997,-0.3274776345254738,0.2930746566180701,0.15762622514190447,-3.130316551861918,4.8159238130346975e-05,-0.20985993236310665,-0.32740202421072845,0.29313365565710187,0.15699917486795378,-3.130000359990222,1.4098975787250864e-06,4.708086517576091e-8,-0.0000014754358597079561,0.0000019970110088709276,0.000002346971399105828,0.00003379116443745309,0.00001828767795727037,0,0,0,0,0,0,1.26350879329836,-2.4030721620351585,-13.336193485974245,-0.7491940668146357,0.37016637149668924,-0.4505791329670696,7,1,3,1,2,48.19097137451172,48.19097137451172,0.6445291042327881,0,0,0.0040280818939208984,0.0040280818939208984,0.004000000189989805,0.004000000189989805,1,1,0,0,7,0,false,false,100.4000015258789,113,-3,280,55,105,1357,,,,1775568896229,1775568896229,,,,,,,,,,,,,,,
1776085910761,002c2969-c559-4f02-85a2-f2403051e800,0,40.38303926012058,-71.18017803997158,58.544474697144054,-77.70901926380336,-90.56165943258316,304.9441773827577,0.12634277153384635,0.04614258024279754,0.10574341458497713,-0.13320923274361157,0.11123657421464006,0.09475708198543807,40.37720542606252,-71.19968340348679,58.56113398865508,-77.720815776892,-90.57514133386537,304.9605518078164,0.0,0.0,0.0,0.0,0.0,0.0,-0.0942077711224556,-1.7787325382232666,-1.6912707090377808,-0.7351789474487305,-0.01678490824997425,-0.044759754091501236,3.8400812166193866e-17,-1.4221934300024481,-1.3499407044391685,-0.5631802975998803,-0.004385814375176274,0.0,33.77998352050781,36.609981536865234,38.769981384277344,40.680015563964844,43.129981994628906,40.949981689453125,-0.008972168900072575,-0.8792725801467896,-1.5204660892486572,-0.6501354575157166,-0.1018284410238266,-0.0839245393872261,253,253,253,253,253,253,-0.2098406318087997,-0.3274776345254738,0.2930746566180701,0.15762622514190447,-3.130316551861918,4.8159238130346975e-05,-0.20985993236310665,-0.32740202421072845,0.29313365565710187,0.15699917486795378,-3.130000359990222,1.4098975787250864e-06,4.708086517576091e-8,-0.0000014754358597079561,0.0000019970110088709276,0.000002346971399105828,0.00003379116443745309,0.00001828767795727037,0,0,0,0,0,0,1.26350879329836,-2.4030721620351585,-13.336193485974245,-0.7491940668146357,0.37016637149668924,-0.4505791329670696,7,1,3,1,2,48.19097137451172,48.19097137451172,0.6445291042327881,0,0,0.0040280818939208984,0.0040280818939208984,0.004000000189989805,0.004000000189989805,1,1,0,0,7,0,false,false,100.4000015258789,113,-3,280,55,105,1357,,,,1775568896229,1775568896229,,,,,,,,,,,,,,,
1776085910770,002c2969-c559-4f02-85a2-f2403051e800,0,40.376861354016306,-71.17812898322057,58.54239831963637,-77.70967496196369,-90.56578486684184,304.9462264395087,-0.2955322268656818,0.029663088013595556,0.0617980975270341,-0.11947632366429435,0.160675050902246,0.05767822613726026,40.37720542606252,-71.19968340348679,58.56113398865508,-77.720815776892,-90.57514133386537,304.9605518078164,0.0,0.0,0.0,0.0,0.0,0.0,-0.1076660305261612,-1.8146212100982666,-1.6439944505691528,-0.7653917670249939,-0.06042566895484924,-0.04028377681970596,3.8400812166193866e-17,-1.4221934300024481,-1.3499407044391685,-0.5631802975998803,-0.004385814375176274,0.0,33.77998352050781,36.609981536865234,38.769981384277344,40.680015563964844,43.129981994628906,40.949981689453125,-0.008972168900072575,-0.8792725801467896,-1.5204660892486572,-0.6501354575157166,-0.1018284410238266,-0.0839245393872261,253,253,253,253,253,253,-0.20988990777094174,-0.3274539048570773,0.2930730364792964,0.15739820965965048,-3.1302745137055354,-2.9652864502739103e-05,-0.20985993236310665,-0.32740202421072845,0.29313365565710187,0.15699917486795378,-3.130000359990222,1.4098975787250864e-06,4.708086517576091e-8,-0.0000014754358597079561,0.0000019970110088709276,0.000002346971399105828,0.00003379116443745309,0.00001828767795727037,0,0,0,0,0,0,1.26350879329836,-2.4030721620351585,-13.336193485974245,-0.7491940668146357,0.37016637149668924,-0.4505791329670696,7,1,3,1,2,48.19097137451172,48.19097137451172,0.6445291042327881,0,0,0.0040280818939208984,0.0040280818939208984,0.004000000189989805,0.004000000189989805,1,1,0,0,7,0,false,false,100.4000015258789,113,-3,280,55,105,1357,,,,1775568896229,1775568896229,,,,,,,,,,,,,,,
1776085910780,002c2969-c559-4f02-85a2-f2403051e800,0,40.376861354016306,-71.17812898322057,58.54239831963637,-77.70967496196369,-90.56578486684184,304.9462264395087,-0.2955322268656818,0.029663088013595556,0.0617980975270341,-0.11947632366429435,0.160675050902246,0.05767822613726026,40.37720542606252,-71.19968340348679,58.56113398865508,-77.720815776892,-90.57514133386537,304.9605518078164,0.0,0.0,0.0,0.0,0.0,0.0,-0.1076660305261612,-1.8146212100982666,-1.6439944505691528,-0.7653917670249939,-0.06042566895484924,-0.04028377681970596,3.8400812166193866e-17,-1.4221934300024481,-1.3499407044391685,-0.5631802975998803,-0.004385814375176274,0.0,33.77998352050781,36.609981536865234,38.769981384277344,40.680015563964844,43.129981994628906,40.949981689453125,-0.008972168900072575,-0.8792725801467896,-1.5204660892486572,-0.6501354575157166,-0.1018284410238266,-0.0839245393872261,253,253,253,253,253,253,-0.20988990777094174,-0.3274539048570773,0.2930730364792964,0.15739820965965048,-3.1302745137055354,-2.9652864502739103e-05,-0.20985993236310665,-0.32740202421072845,0.29313365565710187,0.15699917486795378,-3.130000359990222,1.4098975787250864e-06,4.708086517576091e-8,-0.0000014754358597079561,0.0000019970110088709276,0.000002346971399105828,0.00003379116443745309,0.00001828767795727037,0,0,0,0,0,0,1.26350879329836,-2.4030721620351585,-13.336193485974245,-0.7491940668146357,0.37016637149668924,-0.4505791329670696,7,1,3,1,2,48.19097137451172,48.19097137451172,0.6445291042327881,0,0,0.0040280818939208984,0.0040280818939208984,0.004000000189989805,0.004000000189989805,1,1,0,0,7,0,false,false,100.4000015258789,113,-3,280,55,105,1357,,,,1775568896229,1775568896229,,,,,,,,,,,,,,,
1776085910790,002c2969-c559-4f02-85a2-f2403051e800,0,40.37413610853747,-71.17878468138089,58.544474697144054,-77.71792583048106,-90.56441882900783,304.9489858359334,-0.10327148641502754,-0.027465821493687745,0.046691896872774495,-0.44494629685856024,0.07827758975623608,0.04257202214794735,40.37720542606252,-71.19968340348679,58.56113398865508,-77.720815776892,-90.57514133386537,304.9605518078164,0.0,0.0,0.0,0.0,0.0,0.0,-0.0471038855612278,-1.879669427871704,-1.5890929698944092,-0.7732247710227966,-0.06042566895484924,-0.02909383922815323,3.8400812166193866e-17,-1.4221934300024481,-1.3499407044391685,-0.5631802975998803,-0.004385814375176274,0.0,33.77998352050781,36.609981536865234,38.769981384277344,40.680015563964844,43.129981994628906,40.949981689453125,-0.008972168900072575,-0.8792725801467896,-1.5204660892486572,-0.6501354575157166,-0.1018284410238266,-0.0839245393872261,253,253,253,253,253,253,-0.20991460975277718,-0.32745605766302,0.29307900514028457,0.15724298119856014,-3.13020270560463,0.00011447833878937445,-0.20985993236310665,-0.32740202421072845,0.29313365565710187,0.15699917486795378,-3.130000359990222,1.4098975787250864e-06,4.708086517576091e-8,-0.0000014754358597079561,0.0000019970110088709276,0.000002346971399105828,0.00003379116443745309,0.00001828767795727037,0,0,0,0,0,0,1.26350879329836,-2.4030721620351585,-13.336193485974245,-0.7491940668146357,0.37016637149668924,-0.4505791329670696,7,1,3,1,2,48.19097137451172,48.19097137451172,0.6445291042327881,0,0,0.0040280818939208984,0.0040280818939208984,0.004000000189989805,0.004000000189989805,1,1,0,0,7,0,false,false,100.4000015258789,113,-3,280,55,105,1357,,,,1775568896229,1775568896229,,,,,,,,,,,,,,,
1776085910799,002c2969-c559-4f02-85a2-f2403051e800,0,40.37413610853747,-71.17878468138089,58.544474697144054,-77.71792583048106,-90.56441882900783,304.9489858359334,-0.10327148641502754,-0.027465821493687745,0.046691896872774495,-0.44494629685856024,0.07827758975623608,0.04257202214794735,40.37720542606252,-71.19968340348679,58.56113398865508,-77.720815776892,-90.57514133386537,304.9605518078164,0.0,0.0,0.0,0.0,0.0,0.0,-0.0471038855612278,-1.879669427871704,-1.5890929698944092,-0.7732247710227966,-0.06042566895484924,-0.02909383922815323,3.8400812166193866e-17,-1.4221934300024481,-1.3499407044391685,-0.5631802975998803,-0.004385814375176274,0.0,33.77998352050781,36.609981536865234,38.769981384277344,40.680015563964844,43.129981994628906,40.949981689453125,-0.008972168900072575,-0.8792725801467896,-1.5204660892486572,-0.6501354575157166,-0.1018284410238266,-0.0839245393872261,253,253,253,253,253,253,-0.20991460975277718,-0.32745605766302,0.29307900514028457,0.15724298119856014,-3.13020270560463,0.00011447833878937445,-0.20985993236310665,-0.32740202421072845,0.29313365565710187,0.15699917486795378,-3.130000359990222,1.4098975787250864e-06,4.708086517576091e-8,-0.0000014754358597079561,0.0000019970110088709276,0.000002346971399105828,0.00003379116443745309,0.00001828767795727037,0,0,0,0,0,0,1.26350879329836,-2.4030721620351585,-13.336193485974245,-0.7491940668146357,0.37016637149668924,-0.4505791329670696,7,1,3,1,2,48.19097137451172,48.19097137451172,0.6445291042327881,0,0,0.0040280818939208984,0.0040280818939208984,0.004000000189989805,0.004000000189989805,1,1,0,0,7,0,false,false,100.4000015258789,113,-3,280,55,105,1357,,,,1775568896229,1775568896229,,,,,,,,,,,,,,,
1776085910810,002c2969-c559-4f02-85a2-f2403051e800,0,40.3775477880279,-71.18293743639626,58.55064918815375,-77.71997488723207,-90.56165943258316,304.9489858359334,-0.052734376467467675,-0.0736084017364853,0.3254699865344791,-0.21148682916995426,0.05767822613726026,0.03570556760828874,40.37720542606252,-71.19968340348679,58.56113398865508,-77.720815776892,-90.57514133386537,304.9605518078164,0.0,0.0,0.0,0.0,0.0,0.0,-0.0717773512005806,-1.893127679824829,-1.5845178365707397,-0.7262269854545593,-0.07161560654640198,-0.015665914863348007,3.8400812166193866e-17,-1.4221934300024481,-1.3499407044391685,-0.5631802975998803,-0.004385814375176274,0.0,33.77998352050781,36.609981536865234,38.769981384277344,40.680015563964844,43.129981994628906,40.949981689453125,-0.008972168900072575,-0.8792725801467896,-1.5204660892486572,-0.6501354575157166,-0.1018284410238266,-0.0839245393872261,253,253,253,253,253,253,-0.20987935287296522,-0.3274638517457452,0.29307732866105,0.15733782650848752,-3.130226895089503,0.0001744015784327173,-0.20985993236310665,-0.32740202421072845,0.29313365565710187,0.15699917486795378,-3.130000359990222,1.4098975787250864e-06,4.708086517576091e-8,-0.0000014754358597079561,0.0000019970110088709276,0.000002346971399105828,0.00003379116443745309,0.00001828767795727037,0,0,0,0,0,0,1.26350879329836,-2.4030721620351585,-13.336193485974245,-0.7491940668146357,0.37016637149668924,-0.4505791329670696,7,1,3,1,2,48.19097137451172,48.19097137451172,0.6445291042327881,0,0,0.0040280818939208984,0.0040280818939208984,0.004000000189989805,0.004000000189989805,1,1,0,0,7,0,false,false,100.4000015258789,113,-3,280,55,105,1357,,,,1775568896229,1775568896229,,,,,,,,,,,,,,,
1776085910818,002c2969-c559-4f02-85a2-f2403051e800,0,40.3775477880279,-71.18293743639626,58.55064918815375,-77.71997488723207,-90.56165943258316,304.9489858359334,-0.052734376467467675,-0.0736084017364853,0.3254699865344791,-0.21148682916995426,0.05767822613726026,0.03570556760828874,40.37720542606252,-71.19968340348679,58.56113398865508,-77.720815776892,-90.57514133386537,304.9605518078164,0.0,0.0,0.0,0.0,0.0,0.0,-0.0717773512005806,-1.893127679824829,-1.5845178365707397,-0.7262269854545593,-0.07161560654640198,-0.015665914863348007,3.8400812166193866e-17,-1.4221934300024481,-1.3499407044391685,-0.5631802975998803,-0.004385814375176274,0.0,33.77998352050781,36.609981536865234,38.769981384277344,40.680015563964844,43.129981994628906,40.949981689453125,-0.008972168900072575,-0.8792725801467896,-1.5204660892486572,-0.6501354575157166,-0.1018284410238266,-0.0839245393872261,253,253,253,253,253,253,-0.20987935287296522,-0.3274638517457452,0.29307732866105,0.15733782650848752,-3.130226895089503,0.0001744015784327173,-0.20985993236310665,-0.32740202421072845,0.29313365565710187,0.15699917486795378,-3.130000359990222,1.4098975787250864e-06,4.708086517576091e-8,-0.0000014754358597079561,0.0000019970110088709276,0.000002346971399105828,0.00003379116443745309,0.00001828767795727037,0,0,0,0,0,0,1.26350879329836,-2.4030721620351585,-13.336193485974245,-0.7491940668146357,0.37016637149668924,-0.4505791329670696,7,1,3,1,2,48.19097137451172,48.19097137451172,0.6445291042327881,0,0,0.0040280818939208984,0.0040280818939208984,0.004000000189989805,0.004000000189989805,1,1,0,0,7,0,false,false,100.4000015258789,113,-3,280,55,105,1357,,,,1775568896229,1775568896229,,,,,,,,,,,,,,,
1776085910828,002c2969-c559-4f02-85a2-f2403051e800,0,40.3775477880279,-71.18293743639626,58.55064918815375,-77.71997488723207,-90.56165943258316,304.9489858359334,-0.052734376467467675,-0.0736084017364853,0.3254699865344791,-0.21148682916995426,0.05767822613726026,0.03570556760828874,40.37720542606252,-71.19968340348679,58.56113398865508,-77.720815776892,-90.57514133386537,304.9605518078164,0.0,0.0,0.0,0.0,0.0,0.0,-0.0717773512005806,-1.893127679824829,-1.5845178365707397,-0.7262269854545593,-0.07161560654640198,-0.015665914863348007,3.8400812166193866e-17,-1.4221934300024481,-1.3499407044391685,-0.5631802975998803,-0.004385814375176274,0.0,33.77998352050781,36.609981536865234,38.769981384277344,40.680015563964844,43.129981994628906,40.949981689453125,-0.008972168900072575,-0.8792725801467896,-1.5204660892486572,-0.6501354575157166,-0.1018284410238266,-0.0839245393872261,253,253,253,253,253,253,-0.20987935287296522,-0.3274638517457452,0.29307732866105,0.15733782650848752,-3.130226895089503,0.0001744015784327173,-0.20985993236310665,-0.32740202421072845,0.29313365565710187,0.15699917486795378,-3.130000359990222,1.4098975787250864e-06,4.708086517576091e-8,-0.0000014754358597079561,0.0000019970110088709276,0.000002346971399105828,0.00003379116443745309,0.00001828767795727037,0,0,0,0,0,0,1.26350879329836,-2.4030721620351585,-13.336193485974245,-0.7491940668146357,0.37016637149668924,-0.4505791329670696,7,1,3,1,2,48.19097137451172,48.19097137451172,0.6445291042327881,0,0,0.0040280818939208984,0.0040280818939208984,0.004000000189989805,0.004000000189989805,1,1,0,0,7,0,false,false,100.4000015258789,113,-3,280,55,105,1357,,,,1775568896229,1775568896229,,,,,,,,,,,,,,,
1776085910838,002c2969-c559-4f02-85a2-f2403051e800,0,40.3775477880279,-71.18293743639626,58.55064918815375,-77.71997488723207,-90.56165943258316,304.9489858359334,-0.052734376467467675,-0.0736084017364853,0.3254699865344791,-0.21148682916995426,0.05767822613726026,0.03570556760828874,40.37720542606252,-71.19968340348679,58.56113398865508,-77.720815776892,-90.57514133386537,304.9605518078164,0.0,0.0,0.0,0.0,0.0,0.0,-0.0717773512005806,-1.893127679824829,-1.5845178365707397,-0.7262269854545593,-0.07161560654640198,-0.015665914863348007,3.8400812166193866e-17,-1.4221934300024481,-1.3499407044391685,-0.5631802975998803,-0.004385814375176274,0.0,33.77998352050781,36.609981536865234,38.769981384277344,40.680015563964844,43.129981994628906,40.949981689453125,-0.008972168900072575,-0.8792725801467896,-1.5204660892486572,-0.6501354575157166,-0.1018284410238266,-0.0839245393872261,253,253,253,253,253,253,-0.20987935287296522,-0.3274638517457452,0.29307732866105,0.15733782650848752,-3.130226895089503,0.0001744015784327173,-0.20985993236310665,-0.32740202421072845,0.29313365565710187,0.15699917486795378,-3.130000359990222,1.4098975787250864e-06,4.708086517576091e-8,-0.0000014754358597079561,0.0000019970110088709276,0.000002346971399105828,0.00003379116443745309,0.00001828767795727037,0,0,0,0,0,0,1.26350879329836,-2.4030721620351585,-13.336193485974245,-0.7491940668146357,0.37016637149668924,-0.4505791329670696,7,1,3,1,2,48.19097137451172,48.19097137451172,0.6445291042327881,0,0,0.0040280818939208984,0.0040280818939208984,0.004000000189989805,0.004000000189989805,1,1,0,0,7,0,false,false,100.4000015258789,113,-3,280,55,105,1357,,,,1775568896229,1775568896229,,,,,,,,,,,,,,,
1776085910846,002c2969-c559-4f02-85a2-f2403051e800,0,40.37413610853747,-71.19116098415695,58.556823679163436,-77.71587677373006,-90.56510184792484,304.9469094584257,-0.015380858969248078,-0.18676758749109798,0.19500733027064568,-0.06454468067691886,0.0,0.027465821493687745,40.37720542606252,-71.19968340348679,58.56113398865508,-77.720815776892,-90.57514133386537,304.9605518078164,0.0,0.0,0.0,0.0,0.0,0.0,-0.0740203931927681,-1.937988519668579,-1.5235161781311035,-0.7530828714370728,-0.09287648648023605,-0.0033569815568625927,3.8400812166193866e-17,-1.4221934300024481,-1.3499407044391685,-0.5631802975998803,-0.004385814375176274,0.0,33.77998352050781,36.609981536865234,38.769981384277344,40.680015563964844,43.129981994628906,40.949981689453125,-0.008972168900072575,-0.8792725801467896,-1.5204660892486572,-0.6501354575157166,-0.1018284410238266,-0.0839245393872261,253,253,253,253,253,253,-0.2098739797653766,-0.3274193401569932,0.2930929224105729,0.15730162637955505,-3.130219562594111,6.401855694381489e-05,-0.20985993236310665,-0.32740202421072845,0.29313365565710187,0.15699917486795378,-3.130000359990222,1.4098975787250864e-06,4.708086517576091e-8,-0.0000014754358597079561,0.0000019970110088709276,0.000002346971399105828,0.00003379116443745309,0.00001828767795727037,0,0,0,0,0,0,1.26350879329836,-2.4030721620351585,-13.336193485974245,-0.7491940668146357,0.37016637149668924,-0.4505791329670696,7,1,3,1,2,48.19097137451172,48.19097137451172,0.6445291042327881,0,0,0.0040280818939208984,0.0040280818939208984,0.004000000189989805,0.004000000189989805,1,1,0,0,7,0,false,false,100.4000015258789,113,-3,280,55,105,1357,,,,1775568896229,1775568896229,,,,,,,,,,,,,,,
1776085910855,002c2969-c559-4f02-85a2-f2403051e800,0,40.37413610853747,-71.19116098415695,58.556823679163436,-77.71587677373006,-90.56510184792484,304.9469094584257,-0.015380858969248078,-0.18676758749109798,0.19500733027064568,-0.06454468067691886,0.0,0.027465821493687745,40.37720542606252,-71.19968340348679,58.56113398865508,-77.720815776892,-90.57514133386537,304.9605518078164,0.0,0.0,0.0,0.0,0.0,0.0,-0.0740203931927681,-1.937988519668579,-1.5235161781311035,-0.7530828714370728,-0.09287648648023605,-0.0033569815568625927,3.8400812166193866e-17,-1.4221934300024481,-1.3499407044391685,-0.5631802975998803,-0.004385814375176274,0.0,33.77998352050781,36.609981536865234,38.769981384277344,40.680015563964844,43.129981994628906,40.949981689453125,-0.008972168900072575,-0.8792725801467896,-1.5204660892486572,-0.6501354575157166,-0.1018284410238266,-0.0839245393872261,253,253,253,253,253,253,-0.2098739797653766,-0.3274193401569932,0.2930929224105729,0.15730162637955505,-3.130219562594111,6.401855694381489e-05,-0.20985993236310665,-0.32740202421072845,0.29313365565710187,0.15699917486795378,-3.130000359990222,1.4098975787250864e-06,4.708086517576091e-8,-0.0000014754358597079561,0.0000019970110088709276,0.000002346971399105828,0.00003379116443745309,0.00001828767795727037,0,0,0,0,0,0,1.26350879329836,-2.4030721620351585,-13.336193485974245,-0.7491940668146357,0.37016637149668924,-0.4505791329670696,7,1,3,1,2,48.19097137451172,48.19097137451172,0.6445291042327881,0,0,0.0040280818939208984,0.0040280818939208984,0.004000000189989805,0.004000000189989805,1,1,0,0,7,0,false,false,100.4000015258789,113,-3,280,55,105,1357,,,,1775568896229,1775568896229,,,,,,,,,,,,,,,
1776085910866,002c2969-c559-4f02-85a2-f2403051e800,0,40.37617150491014,-71.18979494632295,58.560266094505124,-77.71997488723207,-90.56510184792484,304.9469094584257,-0.015380858969248078,-0.16040038925220423,0.1840209976711066,-0.04943848002265926,0.0,0.027465821493687745,40.37720542606252,-71.19968340348679,58.56113398865508,-77.720815776892,-90.57514133386537,304.9605518078164,0.0,0.0,0.0,0.0,0.0,0.0,-0.0560760572552681,-1.964905023574829,-1.5829927921295166,-0.7374169230461121,-0.09959045052528381,0.001118993852287531,3.8400812166193866e-17,-1.4221934300024481,-1.3499407044391685,-0.5631802975998803,-0.004385814375176274,0.0,33.77998352050781,36.609981536865234,38.769981384277344,40.680015563964844,43.129981994628906,40.949981689453125,-0.008972168900072575,-0.8792725801467896,-1.5204660892486572,-0.6501354575157166,-0.1018284410238266,-0.0839245393872261,253,253,253,253,253,253,-0.2098682568268689,-0.32743183567795553,0.2930725396557516,0.15735724700968412,-3.1302266843092377,5.253146633100458e-05,-0.20985993236310665,-0.32740202421072845,0.29313365565710187,0.15699917486795378,-3.130000359990222,1.4098975787250864e-06,4.708086517576091e-8,-0.0000014754358597079561,0.0000019970110088709276,0.000002346971399105828,0.00003379116443745309,0.00001828767795727037,0,0,0,0,0,0,1.26350879329836,-2.4030721620351585,-13.336193485974245,-0.7491940668146357,0.37016637149668924,-0.4505791329670696,7,1,3,1,2,48.19097137451172,48.19097137451172,0.6445291042327881,0,0,0.0040280818939208984,0.0040280818939208984,0.004000000189989805,0.004000000189989805,1,1,0,0,7,0,false,false,100.4000015258789,113,-3,280,55,105,1357,,,,1775568896229,1775568896229,,,,,,,,,,,,,,,
1776085910869,002c2969-c559-4f02-85a2-f2403051e800,0,40.37617150491014,-71.18979494632295,58.560266094505124,-77.71997488723207,-90.56510184792484,304.9469094584257,-0.015380858969248078,-0.16040038925220423,0.1840209976711066,-0.04943848002265926,0.0,0.027465821493687745,40.37720542606252,-71.19968340348679,58.56113398865508,-77.720815776892,-90.57514133386537,304.9605518078164,0.0,0.0,0.0,0.0,0.0,0.0,-0.0560760572552681,-1.964905023574829,-1.5829927921295166,-0.7374169230461121,-0.09959045052528381,0.001118993852287531,3.8400812166193866e-17,-1.4221934300024481,-1.3499407044391685,-0.5631802975998803,-0.004385814375176274,0.0,33.77998352050781,36.609981536865234,38.769981384277344,40.680015563964844,43.129981994628906,40.949981689453125,-0.008972168900072575,-0.8792725801467896,-1.5204660892486572,-0.6501354575157166,-0.1018284410238266,-0.0839245393872261,253,253,253,253,253,253,-0.2098682568268689,-0.32743183567795553,0.2930725396557516,0.15735724700968412,-3.1302266843092377,5.253146633100458e-05,-0.20985993236310665,-0.32740202421072845,0.29313365565710187,0.15699917486795378,-3.130000359990222,1.4098975787250864e-06,4.708086517576091e-8,-0.0000014754358597079561,0.0000019970110088709276,0.000002346971399105828,0.00003379116443745309,0.00001828767795727037,0,0,0,0,0,0,1.26350879329836,-2.4030721620351585,-13.336193485974245,-0.7491940668146357,0.37016637149668924,-0.4505791329670696,7,1,3,1,2,48.19097137451172,48.19097137451172,0.6445291042327881,0,0,0.0040280818939208984,0.0040280818939208984,0.004000000189989805,0.004000000189989805,1,1,0,0,7,0,false,false,100.4000015258789,113,-3,280,55,105,1357,,,,1775568896229,1775568896229,,,,,,,,,,,,,,,
1776085910878,002c2969-c559-4f02-85a2-f2403051e800,0,40.37823422203948,-71.19463072025532,58.560266094505124,-77.71997488723207,-90.56305279117385,304.9475924773427,-0.015380858969248078,-0.2702636752269552,0.11947632366429435,-0.041198730573004966,0.0,0.027465821493687745,40.37720542606252,-71.19968340348679,58.56113398865508,-77.720815776892,-90.57514133386537,304.9605518078164,0.0,0.0,0.0,0.0,0.0,0.0,-0.0717773512005806,-1.9671480655670166,-1.5753675699234009,-0.7553208470344543,-0.10742340981960297,0.006713963113725185,3.8400812166193866e-17,-1.4221934300024481,-1.3499407044391685,-0.5631802975998803,-0.004385814375176274,0.0,33.77998352050781,36.609981536865234,38.769981384277344,40.680015563964844,43.129981994628906,40.949981689453125,-0.008972168900072575,-0.8792725801467896,-1.5204660892486572,-0.6501354575157166,-0.1018284410238266,-0.0839245393872261,253,253,253,253,253,253,-0.2098441645227277,-0.327435403321591,0.2931039104766649,0.15739265213185197,-3.130179824989113,0.00017760174109525946,-0.20985993236310665,-0.32740202421072845,0.29313365565710187,0.15699917486795378,-3.130000359990222,1.4098975787250864e-06,4.708086517576091e-8,-0.0000014754358597079561,0.0000019970110088709276,0.000002346971399105828,0.00003379116443745309,0.00001828767795727037,0,0,0,0,0,0,1.26350879329836,-2.4030721620351585,-13.336193485974245,-0.7491940668146357,0.37016637149668924,-0.4505791329670696,7,1,3,1,2,48.19097137451172,48.19097137451172,0.6445291042327881,0,0,0.0040280818939208984,0.0040280818939208984,0.004000000189989805,0.004000000189989805,1,1,0,0,7,0,false,false,100.4000015258789,113,-3,280,55,105,1357,,,,1775568896229,1775568896229,,,,,,,,,,,,,,,
1776085910888,002c2969-c559-4f02-85a2-f2403051e800,0,40.37823422203948,-71.19463072025532,58.560266094505124,-77.71997488723207,-90.56305279117385,304.9475924773427,-0.015380858969248078,-0.2702636752269552,0.11947632366429435,-0.041198730573004966,0.0,0.027465821493687745,40.37720542606252,-71.19968340348679,58.56113398865508,-77.720815776892,-90.57514133386537,304.9605518078164,0.0,0.0,0.0,0.0,0.0,0.0,-0.0717773512005806,-1.9671480655670166,-1.5753675699234009,-0.7553208470344543,-0.10742340981960297,0.006713963113725185,3.8400812166193866e-17,-1.4221934300024481,-1.3499407044391685,-0.5631802975998803,-0.004385814375176274,0.0,33.77998352050781,36.609981536865234,38.769981384277344,40.680015563964844,43.129981994628906,40.949981689453125,-0.008972168900072575,-0.8792725801467896,-1.5204660892486572,-0.6501354575157166,-0.1018284410238266,-0.0839245393872261,253,253,253,253,253,253,-0.2098441645227277,-0.327435403321591,0.2931039104766649,0.15739265213185197,-3.130179824989113,0.00017760174109525946,-0.20985993236310665,-0.32740202421072845,0.29313365565710187,0.15699917486795378,-3.130000359990222,1.4098975787250864e-06,4.708086517576091e-8,-0.0000014754358597079561,0.0000019970110088709276,0.000002346971399105828,0.00003379116443745309,0.00001828767795727037,0,0,0,0,0,0,1.26350879329836,-2.4030721620351585,-13.336193485974245,-0.7491940668146357,0.37016637149668924,-0.4505791329670696,7,1,3,1,2,48.19097137451172,48.19097137451172,0.6445291042327881,0,0,0.0040280818939208984,0.0040280818939208984,0.004000000189989805,0.004000000189989805,1,1,0,0,7,0,false,false,100.4000015258789,113,-3,280,55,105,1357,,,,1775568896229,1775568896229,,,,,,,,,,,,,,,
1776085910897,002c2969-c559-4f02-85a2-f2403051e800,0,40.37823422203948,-71.19463072025532,58.560266094505124,-77.71997488723207,-90.56305279117385,304.9475924773427,-0.015380858969248078,-0.2702636752269552,0.11947632366429435,-0.041198730573004966,0.0,0.027465821493687745,40.37720542606252,-71.19968340348679,58.56113398865508,-77.720815776892,-90.57514133386537,304.9605518078164,0.0,0.0,0.0,0.0,0.0,0.0,-0.0717773512005806,-1.9671480655670166,-1.5753675699234009,-0.7553208470344543,-0.10742340981960297,0.006713963113725185,3.8400812166193866e-17,-1.4221934300024481,-1.3499407044391685,-0.5631802975998803,-0.004385814375176274,0.0,33.77998352050781,36.609981536865234,38.769981384277344,40.680015563964844,43.129981994628906,40.949981689453125,-0.008972168900072575,-0.8792725801467896,-1.5204660892486572,-0.6501354575157166,-0.1018284410238266,-0.0839245393872261,253,253,253,253,253,253,-0.2098441645227277,-0.327435403321591,0.2931039104766649,0.15739265213185197,-3.130179824989113,0.00017760174109525946,-0.20985993236310665,-0.32740202421072845,0.29313365565710187,0.15699917486795378,-3.130000359990222,1.4098975787250864e-06,4.708086517576091e-8,-0.0000014754358597079561,0.0000019970110088709276,0.000002346971399105828,0.00003379116443745309,0.00001828767795727037,0,0,0,0,0,0,1.26350879329836,-2.4030721620351585,-13.336193485974245,-0.7491940668146357,0.37016637149668924,-0.4505791329670696,7,1,3,1,2,48.19097137451172,48.19097137451172,0.6445291042327881,0,0,0.0040280818939208984,0.0040280818939208984,0.004000000189989805,0.004000000189989805,1,1,0,0,7,0,false,false,100.4000015258789,113,-3,280,55,105,1357,,,,1775568896229,1775568896229,,,,,,,,,,,,,,,
1776085910907,002c2969-c559-4f02-85a2-f2403051e800,0,40.37823422203948,-71.19463072025532,58.560266094505124,-77.71997488723207,-90.56305279117385,304.9475924773427,-0.015380858969248078,-0.2702636752269552,0.11947632366429435,-0.041198730573004966,0.0,0.027465821493687745,40.37720542606252,-71.19968340348679,58.56113398865508,-77.720815776892,-90.57514133386537,304.9605518078164,0.0,0.0,0.0,0.0,0.0,0.0,-0.0717773512005806,-1.9671480655670166,-1.5753675699234009,-0.7553208470344543,-0.10742340981960297,0.006713963113725185,3.8400812166193866e-17,-1.4221934300024481,-1.3499407044391685,-0.5631802975998803,-0.004385814375176274,0.0,33.77998352050781,36.609981536865234,38.769981384277344,40.680015563964844,43.129981994628906,40.949981689453125,-0.008972168900072575,-0.8792725801467896,-1.5204660892486572,-0.6501354575157166,-0.1018284410238266,-0.0839245393872261,253,253,253,253,253,253,-0.2098441645227277,-0.327435403321591,0.2931039104766649,0.15739265213185197,-3.130179824989113,0.00017760174109525946,-0.20985993236310665,-0.32740202421072845,0.29313365565710187,0.15699917486795378,-3.130000359990222,1.4098975787250864e-06,4.708086517576091e-8,-0.0000014754358597079561,0.0000019970110088709276,0.000002346971399105828,0.00003379116443745309,0.00001828767795727037,0,0,0,0,0,0,1.26350879329836,-2.4030721620351585,-13.336193485974245,-0.7491940668146357,0.37016637149668924,-0.4505791329670696,7,1,3,1,2,48.19097137451172,48.19097137451172,0.6445291042327881,0,0,0.0040280818939208984,0.0040280818939208984,0.004000000189989805,0.004000000189989805,1,1,0,0,7,0,false,false,100.4000015258789,113,-3,280,55,105,1357,,,,1775568896229,1775568896229,,,,,,,,,,,,,,,
1776085910916,002c2969-c559-4f02-85a2-f2403051e800,0,40.37823422203948,-71.19463072025532,58.560266094505124,-77.71997488723207,-90.56305279117385,304.9475924773427,-0.015380858969248078,-0.2702636752269552,0.11947632366429435,-0.041198730573004966,0.0,0.027465821493687745,40.37720542606252,-71.19968340348679,58.56113398865508,-77.720815776892,-90.57514133386537,304.9605518078164,0.0,0.0,0.0,0.0,0.0,0.0,-0.0717773512005806,-1.9671480655670166,-1.5753675699234009,-0.7553208470344543,-0.10742340981960297,0.006713963113725185,3.8400812166193866e-17,-1.4221934300024481,-1.3499407044391685,-0.5631802975998803,-0.004385814375176274,0.0,33.77998352050781,36.609981536865234,38.769981384277344,40.680015563964844,43.129981994628906,40.949981689453125,-0.008972168900072575,-0.8792725801467896,-1.5204660892486572,-0.6501354575157166,-0.1018284410238266,-0.0839245393872261,253,253,253,253,253,253,-0.2098441645227277,-0.327435403321591,0.2931039104766649,0.15739265213185197,-3.130179824989113,0.00017760174109525946,-0.20985993236310665,-0.32740202421072845,0.29313365565710187,0.15699917486795378,-3.130000359990222,1.4098975787250864e-06,4.708086517576091e-8,-0.0000014754358597079561,0.0000019970110088709276,0.000002346971399105828,0.00003379116443745309,0.00001828767795727037,0,0,0,0,0,0,1.26350879329836,-2.4030721620351585,-13.336193485974245,-0.7491940668146357,0.37016637149668924,-0.4505791329670696,7,1,3,1,2,48.19097137451172,48.19097137451172,0.6445291042327881,0,0,0.0040280818939208984,0.0040280818939208984,0.004000000189989805,0.004000000189989805,1,1,0,0,7,0,false,false,100.4000015258789,113,-3,280,55,105,1357,,,,1775568896229,1775568896229,,,,,,,,,,,,,,,
1776085910926,002c2969-c559-4f02-85a2-f2403051e800,0,40.37548507089855,-71.19943917343102,58.55958307558812,-77.71997488723207,-90.56578486684184,304.9503518737674,0.0,-0.11975098531433613,0.05218505983749072,-0.027465821493687745,0.0,0.05218505983749072,40.37720542606252,-71.19968340348679,58.56113398865508,-77.720815776892,-90.57514133386537,304.9605518078164,0.0,0.0,0.0,0.0,0.0,0.0,-0.0672912672162056,-1.920044183731079,-1.5738425254821777,-0.749725878238678,-0.12197033315896988,0.02349887043237686,3.8400812166193866e-17,-1.4221934300024481,-1.3499407044391685,-0.5631802975998803,-0.004385814375176274,0.0,33.77998352050781,36.609981536865234,38.769981384277344,40.680015563964844,43.129981994628906,40.949981689453125,-0.008972168900072575,-0.8792725801467896,-1.5204660892486572,-0.6501354575157166,-0.1018284410238266,-0.0839245393872261,253,253,253,253,253,253,-0.20985590952374814,-0.32741339215981985,0.2931386608054974,0.15723638838473608,-3.1300823091122205,0.00021010992120108478,-0.20985993236310665,-0.32740202421072845,0.29313365565710187,0.15699917486795378,-3.130000359990222,1.4098975787250864e-06,4.708086517576091e-8,-0.0000014754358597079561,0.0000019970110088709276,0.000002346971399105828,0.00003379116443745309,0.00001828767795727037,0,0,0,0,0,0,1.26350879329836,-2.4030721620351585,-13.336193485974245,-0.7491940668146357,0.37016637149668924,-0.4505791329670696,7,1,3,1,2,48.19097137451172,48.19097137451172,0.6445291042327881,0,0,0.0040280818939208984,0.0040280818939208984,0.004000000189989805,0.004000000189989805,1,1,0,0,7,0,false,false,100.4000015258789,113,-3,280,55,105,1357,,,,1775568896229,1775568896229,,,,,,,,,,,,,,,
1776085910935,002c2969-c559-4f02-85a2-f2403051e800,0,40.37548507089855,-71.19943917343102,58.55958307558812,-77.71997488723207,-90.56578486684184,304.9503518737674,0.0,-0.11975098531433613,0.05218505983749072,-0.027465821493687745,0.0,0.05218505983749072,40.37720542606252,-71.19968340348679,58.56113398865508,-77.720815776892,-90.57514133386537,304.9605518078164,0.0,0.0,0.0,0.0,0.0,0.0,-0.0672912672162056,-1.920044183731079,-1.5738425254821777,-0.749725878238678,-0.12197033315896988,0.02349887043237686,3.8400812166193866e-17,-1.4221934300024481,-1.3499407044391685,-0.5631802975998803,-0.004385814375176274,0.0,33.77998352050781,36.609981536865234,38.769981384277344,40.680015563964844,43.129981994628906,40.949981689453125,-0.008972168900072575,-0.8792725801467896,-1.5204660892486572,-0.6501354575157166,-0.1018284410238266,-0.0839245393872261,253,253,253,253,253,253,-0.20985590952374814,-0.32741339215981985,0.2931386608054974,0.15723638838473608,-3.1300823091122205,0.00021010992120108478,-0.20985993236310665,-0.32740202421072845,0.29313365565710187,0.15699917486795378,-3.130000359990222,1.4098975787250864e-06,4.708086517576091e-8,-0.0000014754358597079561,0.0000019970110088709276,0.000002346971399105828,0.00003379116443745309,0.00001828767795727037,0,0,0,0,0,0,1.26350879329836,-2.4030721620351585,-13.336193485974245,-0.7491940668146357,0.37016637149668924,-0.4505791329670696,7,1,3,1,2,48.19097137451172,48.19097137451172,0.6445291042327881,0,0,0.0040280818939208984,0.0040280818939208984,0.004000000189989805,0.004000000189989805,1,1,0,0,7,0,false,false,100.4000015258789,113,-3,280,55,105,1357,,,,1775568896229,1775568896229,,,,,,,,,,,,,,,
1776085910945,002c2969-c559-4f02-85a2-f2403051e800,0,40.37548507089855,-71.200805211265,58.56299817017313,-77.71929186831507,-90.56305279117385,304.95240093051837,0.0,-0.05493164298737549,0.0384521507581735,-0.023345948436387248,0.0,0.05218505983749072,40.37720542606252,-71.19968340348679,58.56113398865508,-77.720815776892,-90.57514133386537,304.9605518078164,0.0,0.0,0.0,0.0,0.0,0.0,-0.0807495191693306,-1.9312593936920166,-1.5845178365707397,-0.74189293384552,-0.12756529450416565,0.03580780327320099,3.8400812166193866e-17,-1.4221934300024481,-1.3499407044391685,-0.5631802975998803,-0.004385814375176274,0.0,33.77998352050781,36.609981536865234,38.769981384277344,40.680015563964844,43.129981994628906,40.949981689453125,-0.008972168900072575,-0.8792725801467896,-1.5204660892486572,-0.6501354575157166,-0.1018284410238266,-0.0839245393872261,253,253,253,253,253,253,-0.20984376508454536,-0.32741164700006214,0.29312894823621155,0.15718440346825546,-3.1301518202061964,0.00022332528466832355,-0.20985993236310665,-0.32740202421072845,0.29313365565710187,0.15699917486795378,-3.130000359990222,1.4098975787250864e-06,4.708086517576091e-8,-0.0000014754358597079561,0.0000019970110088709276,0.000002346971399105828,0.00003379116443745309,0.00001828767795727037,0,0,0,0,0,0,1.26350879329836,-2.4030721620351585,-13.336193485974245,-0.7491940668146357,0.37016637149668924,-0.4505791329670696,7,1,3,1,2,48.19097137451172,48.19097137451172,0.6445291042327881,0,0,0.0040280818939208984,0.0040280818939208984,0.004000000189989805,0.004000000189989805,1,1,0,0,7,0,false,false,100.4000015258789,113,-3,280,55,105,1357,,,,1775568896229,1775568896229,,,,,,,,,,,,,,,
1776085910955,002c2969-c559-4f02-85a2-f2403051e800,0,40.37548507089855,-71.200805211265,58.56299817017313,-77.71929186831507,-90.56305279117385,304.95240093051837,0.0,-0.05493164298737549,0.0384521507581735,-0.023345948436387248,0.0,0.05218505983749072,40.37720542606252,-71.19968340348679,58.56113398865508,-77.720815776892,-90.57514133386537,304.9605518078164,0.0,0.0,0.0,0.0,0.0,0.0,-0.0807495191693306,-1.9312593936920166,-1.5845178365707397,-0.74189293384552,-0.12756529450416565,0.03580780327320099,3.8400812166193866e-17,-1.4221934300024481,-1.3499407044391685,-0.5631802975998803,-0.004385814375176274,0.0,33.77998352050781,36.609981536865234,38.769981384277344,40.680015563964844,43.129981994628906,40.949981689453125,-0.008972168900072575,-0.8792725801467896,-1.5204660892486572,-0.6501354575157166,-0.1018284410238266,-0.0839245393872261,253,253,253,253,253,253,-0.20984376508454536,-0.32741164700006214,0.29312894823621155,0.15718440346825546,-3.1301518202061964,0.00022332528466832355,-0.20985993236310665,-0.32740202421072845,0.29313365565710187,0.15699917486795378,-3.130000359990222,1.4098975787250864e-06,4.708086517576091e-8,-0.0000014754358597079561,0.0000019970110088709276,0.000002346971399105828,0.00003379116443745309,0.00001828767795727037,0,0,0,0,0,0,1.26350879329836,-2.4030721620351585,-13.336193485974245,-0.7491940668146357,0.37016637149668924,-0.4505791329670696,7,1,3,1,2,48.19097137451172,48.19097137451172,0.6445291042327881,0,0,0.0040280818939208984,0.0040280818939208984,0.004000000189989805,0.004000000189989805,1,1,0,0,7,0,false,false,100.4000015258789,113,-3,280,55,105,1357,,,,1775568896229,1775568896229,,,,,,,,,,,,,,,
1776085910964,002c2969-c559-4f02-85a2-f2403051e800,0,40.37617150491014,-71.20217124909901,58.56163213233913,-77.71792583048106,-90.56373581009085,304.9558160251034,0.0,-0.0373535174982196,0.03295898445840397,-0.020599365286502483,0.0,0.08102417290612085,40.37720542606252,-71.19968340348679,58.56113398865508,-77.720815776892,-90.57514133386537,304.9605518078164,0.0,0.0,0.0,0.0,0.0,0.0,-0.0628051832318306,-1.915558099746704,-1.5723174810409546,-0.7642728090286255,-0.14211222529411316,0.034688808023929596,3.8400812166193866e-17,-1.4221934300024481,-1.3499407044391685,-0.5631802975998803,-0.004385814375176274,0.0,33.77998352050781,36.609981536865234,38.769981384277344,40.680015563964844,43.129981994628906,40.949981689453125,-0.008972168900072575,-0.8792725801467896,-1.5204660892486572,-0.6501354575157166,-0.1018284410238266,-0.0839245393872261,253,253,253,253,253,253,-0.20983748609543143,-0.32741000817199967,0.29314278283263195,0.1571085922076836,-3.130129363932201,0.00023172174275490275,-0.20985993236310665,-0.32740202421072845,0.29313365565710187,0.15699917486795378,-3.130000359990222,1.4098975787250864e-06,4.708086517576091e-8,-0.0000014754358597079561,0.0000019970110088709276,0.000002346971399105828,0.00003379116443745309,0.00001828767795727037,0,0,0,0,0,0,1.26350879329836,-2.4030721620351585,-13.336193485974245,-0.7491940668146357,0.37016637149668924,-0.4505791329670696,7,1,3,1,2,48.19097137451172,48.19097137451172,0.6445291042327881,0,0,0.0040280818939208984,0.0040280818939208984,0.004000000189989805,0.004000000189989805,1,1,0,0,7,0,false,false,100.4000015258789,113,-3,280,55,105,1357,,,,1775568896229,1775568896229,,,,,,,,,,,,,,,
1776085910974,002c2969-c559-4f02-85a2-f2403051e800,0,40.37413610853747,-71.19943917343102,58.560949113422126,-77.71860884939807,-90.56854426326653,304.95925844044507,0.0,-0.028564454753641652,0.02883911306863013,-0.01922607537908675,-0.005493164215361216,0.08102417290612085,40.37720542606252,-71.19968340348679,58.56113398865508,-77.720815776892,-90.57514133386537,304.9605518078164,0.0,0.0,0.0,0.0,0.0,0.0,-0.0695343092083931,-1.911072015762329,-1.5814677476882935,-0.7441309094429016,-0.15665914118289948,0.022379877045750618,3.8400812166193866e-17,-1.4221934300024481,-1.3499407044391685,-0.5631802975998803,-0.004385814375176274,0.0,33.77998352050781,36.609981536865234,38.769981384277344,40.680015563964844,43.129981994628906,40.949981689453125,-0.008972168900072575,-0.8792725801467896,-1.5204660892486572,-0.6501354575157166,-0.1018284410238266,-0.0839245393872261,253,253,253,253,253,253,-0.20986383084578608,-0.32739992560203435,0.29312963136411785,0.15695681652538843,-3.1301044707677006,0.00010542966202629305,-0.20985993236310665,-0.32740202421072845,0.29313365565710187,0.15699917486795378,-3.130000359990222,1.4098975787250864e-06,4.708086517576091e-8,-0.0000014754358597079561,0.0000019970110088709276,0.000002346971399105828,0.00003379116443745309,0.00001828767795727037,0,0,0,0,0,0,1.26350879329836,-2.4030721620351585,-13.336193485974245,-0.7491940668146357,0.37016637149668924,-0.4505791329670696,7,1,3,1,2,48.19097137451172,48.19097137451172,0.6445291042327881,0,0,0.0040280818939208984,0.0040280818939208984,0.004000000189989805,0.004000000189989805,1,1,0,0,7,0,false,false,100.4000015258789,113,-3,280,55,105,1357,,,,1775568896229,1775568896229,,,,,,,,,,,,,,,
1776085910984,002c2969-c559-4f02-85a2-f2403051e800,0,40.37413610853747,-71.19943917343102,58.560949113422126,-77.71860884939807,-90.56854426326653,304.95925844044507,0.0,-0.028564454753641652,0.02883911306863013,-0.01922607537908675,-0.005493164215361216,0.08102417290612085,40.37720542606252,-71.19968340348679,58.56113398865508,-77.720815776892,-90.57514133386537,304.9605518078164,0.0,0.0,0.0,0.0,0.0,0.0,-0.0695343092083931,-1.911072015762329,-1.5814677476882935,-0.7441309094429016,-0.15665914118289948,0.022379877045750618,3.8400812166193866e-17,-1.4221934300024481,-1.3499407044391685,-0.5631802975998803,-0.004385814375176274,0.0,33.77998352050781,36.609981536865234,38.769981384277344,40.680015563964844,43.129981994628906,40.949981689453125,-0.008972168900072575,-0.8792725801467896,-1.5204660892486572,-0.6501354575157166,-0.1018284410238266,-0.0839245393872261,253,253,253,253,253,253,-0.20986383084578608,-0.32739992560203435,0.29312963136411785,0.15695681652538843,-3.1301044707677006,0.00010542966202629305,-0.20985993236310665,-0.32740202421072845,0.29313365565710187,0.15699917486795378,-3.130000359990222,1.4098975787250864e-06,4.708086517576091e-8,-0.0000014754358597079561,0.0000019970110088709276,0.000002346971399105828,0.00003379116443745309,0.00001828767795727037,0,0,0,0,0,0,1.26350879329836,-2.4030721620351585,-13.336193485974245,-0.7491940668146357,0.37016637149668924,-0.4505791329670696,7,1,3,1,2,48.19097137451172,48.19097137451172,0.6445291042327881,0,0,0.0040280818939208984,0.0040280818939208984,0.004000000189989805,0.004000000189989805,1,1,0,0,7,0,false,false,100.4000015258789,113,-3,280,55,105,1357,,,,1775568896229,1775568896229,,,,,,,,,,,,,,,
1776085910994,002c2969-c559-4f02-85a2-f2403051e800,0,40.37482254254906,-71.19943917343102,58.560266094505124,-77.71929186831507,-90.56715090467584,304.95718206293736,0.0,-0.02087402360149096,0.023345948436387248,-0.016479492229201986,-0.005493164215361216,0.13595582256360295,40.378514509513,-71.2011881330905,58.564520742331595,-77.72267765548924,-90.57513199294259,304.96211190733584,0.3378334235521277,-0.38829637237442816,0.8739646941647149,-0.4804695024408177,0.0024105674770856706,0.4026117580563701,-0.0740203931927681,-1.8998568058013916,-1.566217303276062,-0.7609158158302307,-0.16561108827590942,0.019022895023226738,0.2188436143446676,-1.6533989360024108,-1.103886967821072,-0.7433421498115722,0.008891961593772974,0.16943730604306423,33.77998352050781,36.609981536865234,38.769981384277344,40.680015563964844,43.129981994628906,40.949981689453125,-0.008972168900072575,-0.8792725801467896,-1.5204660892486572,-0.6501354575157166,-0.1018284410238266,-0.0839245393872261,253,253,253,253,253,253,-0.209859780613936,-0.3274067275427652,0.29313414585665576,0.15703201185357,-3.1300967841978533,0.00015831209551594758,-0.20984895405428822,-0.32740388253881786,0.2931288387066824,0.1569921899353069,-3.1300010083461838,1.4098139652618109e-06,4.708086517576091e-8,-0.0000014754358597079561,0.0000019970110088709276,0.000002346971399105828,0.00003379116443745309,0.00001828767795727037,0,0,0,0,0,0,1.26350879329836,-2.4030721620351585,-13.336193485974245,-0.7491940668146357,0.37016637149668924,-0.4505791329670696,7,1,3,1,2,48.19097137451172,48.19097137451172,0.6445291042327881,0,0,0.0040280818939208984,0.0040280818939208984,0.004000000189989805,0.004000000189989805,1,1,0,0,7,0,false,false,100.4000015258789,113,-3,280,55,105,1357,,,,1775568896229,1775568896229,,,,,,,,,,,,,,,
1776085911003,002c2969-c559-4f02-85a2-f2403051e800,0,40.37482254254906,-71.19943917343102,58.560266094505124,-77.71929186831507,-90.56715090467584,304.95718206293736,0.0,-0.02087402360149096,0.023345948436387248,-0.016479492229201986,-0.005493164215361216,0.13595582256360295,40.378514509513,-71.2011881330905,58.564520742331595,-77.72267765548924,-90.57513199294259,304.96211190733584,0.3378334235521277,-0.38829637237442816,0.8739646941647149,-0.4804695024408177,0.0024105674770856706,0.4026117580563701,-0.0740203931927681,-1.8998568058013916,-1.566217303276062,-0.7609158158302307,-0.16561108827590942,0.019022895023226738,0.2188436143446676,-1.6533989360024108,-1.103886967821072,-0.7433421498115722,0.008891961593772974,0.16943730604306423,33.77998352050781,36.609981536865234,38.769981384277344,40.680015563964844,43.129981994628906,40.949981689453125,-0.008972168900072575,-0.8792725801467896,-1.5204660892486572,-0.6501354575157166,-0.1018284410238266,-0.0839245393872261,253,253,253,253,253,253,-0.209859780613936,-0.3274067275427652,0.29313414585665576,0.15703201185357,-3.1300967841978533,0.00015831209551594758,-0.20984895405428822,-0.32740388253881786,0.2931288387066824,0.1569921899353069,-3.1300010083461838,1.4098139652618109e-06,4.708086517576091e-8,-0.0000014754358597079561,0.0000019970110088709276,0.000002346971399105828,0.00003379116443745309,0.00001828767795727037,0,0,0,0,0,0,1.26350879329836,-2.4030721620351585,-13.336193485974245,-0.7491940668146357,0.37016637149668924,-0.4505791329670696,7,1,3,1,2,48.19097137451172,48.19097137451172,0.6445291042327881,0,0,0.0040280818939208984,0.0040280818939208984,0.004000000189989805,0.004000000189989805,1,1,0,0,7,0,false,false,100.4000015258789,113,-3,280,55,105,1357,,,,1775568896229,1775568896229,,,,,,,,,,,,,,,
1776085911014,002c2969-c559-4f02-85a2-f2403051e800,0,40.38441212814376,-71.21178815545039,58.59119319106694,-77.74601156834815,-90.56854426326653,304.9804866683855,0.6756591747271748,-0.9228516181961641,3.3467103041493846,-1.6040039725633217,-0.005493164215361216,1.7399597417660717,40.389761285336576,-71.21410709234965,58.593601423844454,-77.73866633206865,-90.57505175215672,304.97551491192957,1.1118882451151675,-1.27643698498141,2.8735778608358853,-1.580035822107752,0.007931927997828504,1.3250295300890451,0.1906585842370987,-2.0299532413482666,-1.3923625946044922,-0.7597967982292175,-0.19134794175624847,0.06154466047883034,0.3309205170904315,-1.7528872352699325,-1.0813156022716226,-0.7807914056191299,0.013320544171559113,0.23976062626520614,33.77998352050781,36.609981536865234,38.769981384277344,40.680015563964844,43.129981994628906,40.949981689453125,-0.008972168900072575,-0.8792725801467896,-1.5204660892486572,-0.6501354575157166,-0.1018284410238266,-0.0839245393872261,253,253,253,253,253,253,-0.2097955880241329,-0.32742964358112725,0.2930957199802545,0.1566476121135914,-3.129988216945072,0.00026706383931101446,-0.20975465026730253,-0.3274198455964449,0.2930874610524501,0.15693218920461519,-3.1300065770903602,1.4090953853006972e-06,4.708086517576091e-8,-0.0000014754358597079561,0.0000019970110088709276,0.000002346971399105828,0.00003379116443745309,0.00001828767795727037,0,0,0,0,0,0,1.26350879329836,-2.4030721620351585,-13.336193485974245,-0.7491940668146357,0.37016637149668924,-0.4505791329670696,7,1,3,1,2,48.19097137451172,48.19097137451172,0.6445291042327881,0,0,0.0040280818939208984,0.0040280818939208984,0.004000000189989805,0.004000000189989805,1,1,0,0,7,0,false,false,100.4000015258789,113,-3,280,55,105,1357,,,,1775568896229,1775568896229,,,,,,,,,,,,,,,
1776085911023,002c2969-c559-4f02-85a2-f2403051e800,0,40.38441212814376,-71.21178815545039,58.59119319106694,-77.74601156834815,-90.56854426326653,304.9804866683855,0.6756591747271748,-0.9228516181961641,3.3467103041493846,-1.6040039725633217,-0.005493164215361216,1.7399597417660717,40.389761285336576,-71.21410709234965,58.593601423844454,-77.73866633206865,-90.57505175215672,304.97551491192957,1.1118882451151675,-1.27643698498141,2.8735778608358853,-1.580035822107752,0.007931927997828504,1.3250295300890451,0.1906585842370987,-2.0299532413482666,-1.3923625946044922,-0.7597967982292175,-0.19134794175624847,0.06154466047883034,0.3309205170904315,-1.7528872352699325,-1.0813156022716226,-0.7807914056191299,0.013320544171559113,0.23976062626520614,33.77998352050781,36.609981536865234,38.769981384277344,40.680015563964844,43.129981994628906,40.949981689453125,-0.008972168900072575,-0.8792725801467896,-1.5204660892486572,-0.6501354575157166,-0.1018284410238266,-0.0839245393872261,253,253,253,253,253,253,-0.2097955880241329,-0.32742964358112725,0.2930957199802545,0.1566476121135914,-3.129988216945072,0.00026706383931101446,-0.20975465026730253,-0.3274198455964449,0.2930874610524501,0.15693218920461519,-3.1300065770903602,1.4090953853006972e-06,4.708086517576091e-8,-0.0000014754358597079561,0.0000019970110088709276,0.000002346971399105828,0.00003379116443745309,0.00001828767795727037,0,0,0,0,0,0,1.26350879329836,-2.4030721620351585,-13.336193485974245,-0.7491940668146357,0.37016637149668924,-0.4505791329670696,7,1,3,1,2,48.19097137451172,48.19097137451172,0.6445291042327881,0,0,0.0040280818939208984,0.0040280818939208984,0.004000000189989805,0.004000000189989805,1,1,0,0,7,0,false,false,100.4000015258789,113,-3,280,55,105,1357,,,,1775568896229,1775568896229,,,,,,,,,,,,,,,
1776085911033,002c2969-c559-4f02-85a2-f2403051e800,0,40.4242389611941,-71.26200370622833,58.68801795274104,-77.80423210083335,-90.57059332001754,305.02780621895533,2.2500000626119543,-2.6740724209128826,5.537109709176985,-3.1764221621967423,-0.0617980975270341,2.7905273597050115,40.43227640300701,-71.26280329554504,58.70327320967941,-77.7989882659959,-90.574748590339,305.02617560742243,2.5360742429409493,-2.8981900443796933,6.529854481594616,-3.5926971031196686,0.018076196227895504,3.0217122525116493,0.1614990383386612,-1.9940645694732666,-1.2505338191986084,-0.9019090533256531,-0.1533021628856659,0.22267977893352509,0.3660340026284169,-1.778385961420831,-1.0430328356213212,-0.7861644331152071,0.020931688429140206,0.2498002689476549,33.77998352050781,36.609981536865234,38.769981384277344,40.680015563964844,43.129981994628906,40.949981689453125,-0.008972168900072575,-0.8792725801467896,-1.5204660892486572,-0.6501354575157166,-0.1018284410238266,-0.0839245393872261,253,253,253,253,253,253,-0.20946701478096388,-0.3274833116779633,0.29301209114524474,0.15642807620045507,-3.129814503012322,0.0004215188476932449,-0.20939839786302578,-0.3274801494064998,0.2929311482544593,0.1567055224142491,-3.1300276038389603,1.4063807119727843e-06,4.708086517576091e-8,-0.0000014754358597079561,0.0000019970110088709276,0.000002346971399105828,0.00003379116443745309,0.00001828767795727037,0,0,0,0,0,0,1.26350879329836,-2.4030721620351585,-13.336193485974245,-0.7491940668146357,0.37016637149668924,-0.4505791329670696,7,1,3,1,2,48.19097137451172,48.19097137451172,0.6445291042327881,0,0,0.0040280818939208984,0.0040280818939208984,0.004000000189989805,0.004000000189989805,1,1,0,0,7,0,false,false,100.4000015258789,113,-3,280,55,105,1357,,,,1775568896229,1775568896229,,,,,,,,,,,,,,,
1776085911043,002c2969-c559-4f02-85a2-f2403051e800,0,40.4242389611941,-71.26200370622833,58.68801795274104,-77.80423210083335,-90.57059332001754,305.02780621895533,2.2500000626119543,-2.6740724209128826,5.537109709176985,-3.1764221621967423,-0.0617980975270341,2.7905273597050115,40.43227640300701,-71.26280329554504,58.70327320967941,-77.7989882659959,-90.574748590339,305.02617560742243,2.5360742429409493,-2.8981900443796933,6.529854481594616,-3.5926971031196686,0.018076196227895504,3.0217122525116493,0.1614990383386612,-1.9940645694732666,-1.2505338191986084,-0.9019090533256531,-0.1533021628856659,0.22267977893352509,0.3660340026284169,-1.778385961420831,-1.0430328356213212,-0.7861644331152071,0.020931688429140206,0.2498002689476549,33.77998352050781,36.609981536865234,38.769981384277344,40.680015563964844,43.129981994628906,40.949981689453125,-0.008972168900072575,-0.8792725801467896,-1.5204660892486572,-0.6501354575157166,-0.1018284410238266,-0.0839245393872261,253,253,253,253,253,253,-0.20946701478096388,-0.3274833116779633,0.29301209114524474,0.15642807620045507,-3.129814503012322,0.0004215188476932449,-0.20939839786302578,-0.3274801494064998,0.2929311482544593,0.1567055224142491,-3.1300276038389603,1.4063807119727843e-06,4.708086517576091e-8,-0.0000014754358597079561,0.0000019970110088709276,0.000002346971399105828,0.00003379116443745309,0.00001828767795727037,0,0,0,0,0,0,1.26350879329836,-2.4030721620351585,-13.336193485974245,-0.7491940668146357,0.37016637149668924,-0.4505791329670696,7,1,3,1,2,48.19097137451172,48.19097137451172,0.6445291042327881,0,0,0.0040280818939208984,0.0040280818939208984,0.004000000189989805,0.004000000189989805,1,1,0,0,7,0,false,false,100.4000015258789,113,-3,280,55,105,1357,,,,1775568896229,1775568896229,,,,,,,,,,,,,,,
1776085911051,002c2969-c559-4f02-85a2-f2403051e800,0,40.471596077804385,-71.31833910650259,58.80546988570858,-77.87272523783022,-90.57127633893454,305.0846880343632,3.5452882358705735,-3.8309327233760304,8.925018433739417,-4.827117948256506,-0.0617980975270341,4.099273780392907,40.48110379662709,-71.31845739203469,58.828725169716826,-77.86803640591084,-90.57440073695167,305.08434743665686,3.674998496310901,-4.177909808309482,9.422016173599076,-5.187717450973544,0.02616845551470387,4.3778857844549925,0.2130890041589737,-2.0120089054107666,-1.3161104917526245,-0.885124146938324,-0.16001611948013306,0.26072555780410767,0.3918829020984178,-1.7965288378598594,-1.0145356674970156,-0.7904067049242204,0.026686672419369464,0.2574858967895764,33.77998352050781,36.609981536865234,38.769981384277344,40.680015563964844,43.129981994628906,40.949981689453125,-0.008972168900072575,-0.8792725801467896,-1.5204660892486572,-0.6501354575157166,-0.1018284410238266,-0.0839245393872261,253,253,253,253,253,253,-0.20907564231111372,-0.3275516148539664,0.2928774606563883,0.15615628738381376,-3.129716300023316,0.0005358877441110893,-0.20898971003991862,-0.3275493291020079,0.29275182837794833,0.1564454906843917,-3.1300517052663452,1.4032663980218306e-06,4.708086517576091e-8,-0.0000014754358597079561,0.0000019970110088709276,0.000002346971399105828,0.00003379116443745309,0.00001828767795727037,0,0,0,0,0,0,1.26350879329836,-2.4030721620351585,-13.336193485974245,-0.7491940668146357,0.37016637149668924,-0.4505791329670696,7,1,3,1,2,48.19097137451172,48.19097137451172,0.6445291042327881,0,0,0.0040280818939208984,0.0040280818939208984,0.004000000189989805,0.004000000189989805,1,1,0,0,7,0,false,false,100.4000015258789,113,-3,280,55,105,1357,,,,1775568896229,1775568896229,,,,,,,,,,,,,,,
1776085911060,002c2969-c559-4f02-85a2-f2403051e800,0,40.471596077804385,-71.31833910650259,58.80546988570858,-77.87272523783022,-90.57127633893454,305.0846880343632,3.5452882358705735,-3.8309327233760304,8.925018433739417,-4.827117948256506,-0.0617980975270341,4.099273780392907,40.48110379662709,-71.31845739203469,58.828725169716826,-77.86803640591084,-90.57440073695167,305.08434743665686,3.674998496310901,-4.177909808309482,9.422016173599076,-5.187717450973544,0.02616845551470387,4.3778857844549925,0.2130890041589737,-2.0120089054107666,-1.3161104917526245,-0.885124146938324,-0.16001611948013306,0.26072555780410767,0.3918829020984178,-1.7965288378598594,-1.0145356674970156,-0.7904067049242204,0.026686672419369464,0.2574858967895764,33.77998352050781,36.609981536865234,38.769981384277344,40.680015563964844,43.129981994628906,40.949981689453125,-0.008972168900072575,-0.8792725801467896,-1.5204660892486572,-0.6501354575157166,-0.1018284410238266,-0.0839245393872261,253,253,253,253,253,253,-0.20907564231111372,-0.3275516148539664,0.2928774606563883,0.15615628738381376,-3.129716300023316,0.0005358877441110893,-0.20898971003991862,-0.3275493291020079,0.29275182837794833,0.1564454906843917,-3.1300517052663452,1.4032663980218306e-06,4.708086517576091e-8,-0.0000014754358597079561,0.0000019970110088709276,0.000002346971399105828,0.00003379116443745309,0.00001828767795727037,0,0,0,0,0,0,1.26350879329836,-2.4030721620351585,-13.336193485974245,-0.7491940668146357,0.37016637149668924,-0.4505791329670696,7,1,3,1,2,48.19097137451172,48.19097137451172,0.6445291042327881,0,0,0.0040280818939208984,0.0040280818939208984,0.004000000189989805,0.004000000189989805,1,1,0,0,7,0,false,false,100.4000015258789,113,-3,280,55,105,1357,,,,1775568896229,1775568896229,,,,,,,,,,,,,,,
1776085911070,002c2969-c559-4f02-85a2-f2403051e800,0,40.53746983725457,-71.3939356402363,58.974448765774696,-77.96312962168452,-90.57335271644222,305.1635084173851,4.640625182498009,-5.298706225065921,11.526032163082082,-6.668701299918847,-0.0617980975270341,5.535736414266989,40.5492373955015,-71.39563434482925,59.002889328402674,-77.96397918491778,-90.57391590750674,305.1655014991188,4.977579431593784,-5.617823679585519,12.686072849097352,-6.992021082378152,0.035395967409957194,5.928009635759807,0.2669220268726349,-1.942474603652954,-1.4426889419555664,-0.9556207656860352,-0.14546920359134674,0.24505965411663055,0.41978889033570904,-1.8153522018960186,-0.9836718651427487,-0.7951823123815943,0.03301594836740601,0.26603742176601236,33.77998352050781,36.609981536865234,38.769981384277344,40.680015563964844,43.129981994628906,40.949981689453125,-0.008972168900072575,-0.8792725801467896,-1.5204660892486572,-0.6501354575157166,-0.1018284410238266,-0.0839245393872261,253,253,253,253,253,253,-0.20852233914583407,-0.3276345992339425,0.2926357236300162,0.15579648942833269,-3.1297492469791526,0.00044848022496048716,-0.20842024311343496,-0.32764572431209277,0.29250196348555163,0.1560831567787072,-3.1300852523379095,1.398926878450061e-06,4.708086517576091e-8,-0.0000014754358597079561,0.0000019970110088709276,0.000002346971399105828,0.00003379116443745309,0.00001828767795727037,0,0,0,0,0,0,1.26350879329836,-2.4030721620351585,-13.336193485974245,-0.7491940668146357,0.37016637149668924,-0.4505791329670696,7,1,3,1,2,48.19097137451172,48.19097137451172,0.6445291042327881,0,0,0.0040280818939208984,0.0040280818939208984,0.004000000189989805,0.004000000189989805,1,1,0,0,7,0,false,false,100.4000015258789,113,-3,280,55,105,1357,,,,1775568896229,1775568896229,,,,,,,,,,,,,,,
1776085911085,002c2969-c559-4f02-85a2-f2403051e800,0,40.53746983725457,-71.3939356402363,58.974448765774696,-77.96312962168452,-90.57335271644222,305.1635084173851,4.640625182498009,-5.298706225065921,11.526032163082082,-6.668701299918847,-0.0617980975270341,5.535736414266989,40.5492373955015,-71.39563434482925,59.002889328402674,-77.96397918491778,-90.57391590750674,305.1655014991188,4.977579431593784,-5.617823679585519,12.686072849097352,-6.992021082378152,0.035395967409957194,5.928009635759807,0.2669220268726349,-1.942474603652954,-1.4426889419555664,-0.9556207656860352,-0.14546920359134674,0.24505965411663055,0.41978889033570904,-1.8153522018960186,-0.9836718651427487,-0.7951823123815943,0.03301594836740601,0.26603742176601236,33.77998352050781,36.609981536865234,38.769981384277344,40.680015563964844,43.129981994628906,40.949981689453125,-0.008972168900072575,-0.8792725801467896,-1.5204660892486572,-0.6501354575157166,-0.1018284410238266,-0.0839245393872261,253,253,253,253,253,253,-0.20852233914583407,-0.3276345992339425,0.2926357236300162,0.15579648942833269,-3.1297492469791526,0.00044848022496048716,-0.20842024311343496,-0.32764572431209277,0.29250196348555163,0.1560831567787072,-3.1300852523379095,1.398926878450061e-06,4.708086517576091e-8,-0.0000014754358597079561,0.0000019970110088709276,0.000002346971399105828,0.00003379116443745309,0.00001828767795727037,0,0,0,0,0,0,1.26350879329836,-2.4030721620351585,-13.336193485974245,-0.7491940668146357,0.37016637149668924,-0.4505791329670696,7,1,3,1,2,48.19097137451172,48.19097137451172,0.6445291042327881,0,0,0.0040280818939208984,0.0040280818939208984,0.004000000189989805,0.004000000189989805,1,1,0,0,7,0,false,false,100.4000015258789,113,-3,280,55,105,1357,,,,1775568896229,1775568896229,,,,,,,,,,,,,,,
1776085911094,002c2969-c559-4f02-85a2-f2403051e800,0,40.61984533373951,-71.48742726959543,59.192905536188384,-78.07957068665489,-90.57403573535922,305.2621909905135,6.750000187835862,-7.584960931792303,17.20596368912497,-9.722900642012796,-0.053558351412433106,8.337249919808555,40.693583411316816,-71.5573039706098,59.36848549279158,-78.16569968472945,-90.57289089284261,305.33736068891074,7.263172479572446,-8.072721201302537,18.281605530676377,-10.098108234773882,0.05150466791920102,8.645139033218317,0.3880462944507599,-1.9178011417388916,-1.2856097221374512,-0.9690486788749695,-0.11637535691261292,0.07049661129713058,0.4657362359986734,-1.844287083125129,-0.933046756282252,-0.8033377247108754,0.04364559300432816,0.2806458080349467,33.77998352050781,36.609981536865234,38.769981384277344,40.680015563964844,43.129981994628906,40.949981689453125,-0.008972168900072575,-0.8792725801467896,-1.5204660892486572,-0.6501354575157166,-0.1018284410238266,-0.0839245393872261,253,253,253,253,253,253,-0.207386229730087,-0.32781010079306483,0.2920658864453565,0.15501254584049928,-3.1300073623270745,0.0002576349182855745,-0.2072169016588136,-0.32784941718150945,0.29197397358985655,0.155317489852096,-3.1301560030802325,1.3897568904080123e-06,4.708086517576091e-8,-0.0000014754358597079561,0.0000019970110088709276,0.000002346971399105828,0.00003379116443745309,0.00001828767795727037,0,0,0,0,0,0,1.26350879329836,-2.4030721620351585,-13.336193485974245,-0.7491940668146357,0.37016637149668924,-0.4505791329670696,7,1,3,1,2,48.19097137451172,48.19097137451172,0.6445291042327881,0,0,0.0040280818939208984,0.0040280818939208984,0.004000000189989805,0.004000000189989805,1,1,0,0,7,0,false,false,100.4000015258789,113,-3,280,55,105,1357,,,,1775568896229,1775568896229,,,,,,,,,,,,,,,
1776085911103,002c2969-c559-4f02-85a2-f2403051e800,0,40.61984533373951,-71.48742726959543,59.192905536188384,-78.07957068665489,-90.57403573535922,305.2621909905135,6.750000187835862,-7.584960931792303,17.20596368912497,-9.722900642012796,-0.053558351412433106,8.337249919808555,40.693583411316816,-71.5573039706098,59.36848549279158,-78.16569968472945,-90.57289089284261,305.33736068891074,7.263172479572446,-8.072721201302537,18.281605530676377,-10.098108234773882,0.05150466791920102,8.645139033218317,0.3880462944507599,-1.9178011417388916,-1.2856097221374512,-0.9690486788749695,-0.11637535691261292,0.07049661129713058,0.4657362359986734,-1.844287083125129,-0.933046756282252,-0.8033377247108754,0.04364559300432816,0.2806458080349467,33.77998352050781,36.609981536865234,38.769981384277344,40.680015563964844,43.129981994628906,40.949981689453125,-0.008972168900072575,-0.8792725801467896,-1.5204660892486572,-0.6501354575157166,-0.1018284410238266,-0.0839245393872261,253,253,253,253,253,253,-0.207386229730087,-0.32781010079306483,0.2920658864453565,0.15501254584049928,-3.1300073623270745,0.0002576349182855745,-0.2072169016588136,-0.32784941718150945,0.29197397358985655,0.155317489852096,-3.1301560030802325,1.3897568904080123e-06,4.708086517576091e-8,-0.0000014754358597079561,0.0000019970110088709276,0.000002346971399105828,0.00003379116443745309,0.00001828767795727037,0,0,0,0,0,0,1.26350879329836,-2.4030721620351585,-13.336193485974245,-0.7491940668146357,0.37016637149668924,-0.4505791329670696,7,1,3,1,2,48.19097137451172,48.19097137451172,0.6445291042327881,0,0,0.0040280818939208984,0.0040280818939208984,0.004000000189989805,0.004000000189989805,1,1,0,0,7,0,false,false,100.4000015258789,113,-3,280,55,105,1357,,,,1775568896229,1775568896229,,,,,,,,,,,,,,,
1776085911113,002c2969-c559-4f02-85a2-f2403051e800,0,40.793502893387085,-71.68405475542176,59.64763221037116,-78.33023862919437,-90.57264237676854,305.46985606203856,8.856079626899186,-9.446044900421853,21.53320442457716,-12.198944961432677,-0.04257202214794735,10.39581344036339,40.82218772937203,-71.6992741495654,59.69040675891315,-78.34369289795436,-90.57198004425541,305.4903964385235,9.026277192828623,-9.89680580027415,22.470432404448047,-12.436460383095573,0.06385189479739188,10.738362260897668,0.4934692978858948,-1.8998568058013916,-1.1132800579071045,-1.0138084888458252,-0.10742340981960297,0.21037083864212036,0.499272256235748,-1.8635713017058637,-0.8965392304255773,-0.8094203924990374,0.051531181837525156,0.29169354119756186,33.77998352050781,36.609981536865234,38.769981384277344,40.680015563964844,43.129981994628906,40.949981689453125,-0.008972168900072575,-0.8792725801467896,-1.5204660892486572,-0.6501354575157166,-0.1018284410238266,-0.0839245393872261,253,253,253,253,253,253,-0.20636927969890176,-0.32797396740070067,0.29160639834554086,0.15440479463442894,-3.1300304994896497,0.00022286938912596008,-0.20614832722719287,-0.3280302976716423,0.2915051153945359,0.15463755190959463,-3.1302186735362016,1.381613626485143e-06,4.708086517576091e-8,-0.0000014754358597079561,0.0000019970110088709276,0.000002346971399105828,0.00003379116443745309,0.00001828767795727037,0,0,0,0,0,0,1.26350879329836,-2.4030721620351585,-13.336193485974245,-0.7491940668146357,0.37016637149668924,-0.4505791329670696,7,1,3,1,2,48.19097137451172,48.19097137451172,0.6445291042327881,0,0,0.0040280818939208984,0.0040280818939208984,0.004000000189989805,0.004000000189989805,1,1,0,0,7,0,false,false,100.4000015258789,113,-3,280,55,105,1357,,,,1775568896229,1775568896229,,,,,,,,,,,,,,,
1776085911123,002c2969-c559-4f02-85a2-f2403051e800,0,40.793502893387085,-71.68405475542176,59.64763221037116,-78.33023862919437,-90.57264237676854,305.46985606203856,8.856079626899186,-9.446044900421853,21.53320442457716,-12.198944961432677,-0.04257202214794735,10.39581344036339,40.82218772937203,-71.6992741495654,59.69040675891315,-78.34369289795436,-90.57198004425541,305.4903964385235,9.026277192828623,-9.89680580027415,22.470432404448047,-12.436460383095573,0.06385189479739188,10.738362260897668,0.4934692978858948,-1.8998568058013916,-1.1132800579071045,-1.0138084888458252,-0.10742340981960297,0.21037083864212036,0.499272256235748,-1.8635713017058637,-0.8965392304255773,-0.8094203924990374,0.051531181837525156,0.29169354119756186,33.77998352050781,36.609981536865234,38.769981384277344,40.680015563964844,43.129981994628906,40.949981689453125,-0.008972168900072575,-0.8792725801467896,-1.5204660892486572,-0.6501354575157166,-0.1018284410238266,-0.0839245393872261,253,253,253,253,253,253,-0.20636927969890176,-0.32797396740070067,0.29160639834554086,0.15440479463442894,-3.1300304994896497,0.00022286938912596008,-0.20614832722719287,-0.3280302976716423,0.2915051153945359,0.15463755190959463,-3.1302186735362016,1.381613626485143e-06,4.708086517576091e-8,-0.0000014754358597079561,0.0000019970110088709276,0.000002346971399105828,0.00003379116443745309,0.00001828767795727037,0,0,0,0,0,0,1.26350879329836,-2.4030721620351585,-13.336193485974245,-0.7491940668146357,0.37016637149668924,-0.4505791329670696,7,1,3,1,2,48.19097137451172,48.19097137451172,0.6445291042327881,0,0,0.0040280818939208984,0.0040280818939208984,0.004000000189989805,0.004000000189989805,1,1,0,0,7,0,false,false,100.4000015258789,113,-3,280,55,105,1357,,,,1775568896229,1775568896229,,,,,,,,,,,,,,,
1776085911133,002c2969-c559-4f02-85a2-f2403051e800,0,40.95205548968518,-71.8565580130996,60.03435752117728,-78.55011607895541,-90.57195935785154,305.6515117732042,10.747925060003181,-11.254394686017028,26.456452589646542,-14.664001214025298,-0.03570556760828874,12.814179373563451,40.980387424300616,-71.87129266923321,60.08160000114863,-78.56046893635043,-90.5708625733495,305.67854596592275,10.997054991915086,-11.858343652548225,27.0114960464137,-14.986783358512243,0.07756726206315898,13.075023294745359,0.3364563286304474,-1.9178011417388916,-1.2291831970214844,-0.8884811401367188,-0.09175749868154526,0.2573685944080353,0.5352981346808993,-1.8823991327864746,-0.8579791576338175,-0.8159999437011315,0.06009249457667092,0.30390083029444576,33.77998352050781,36.609981536865234,38.769981384277344,40.680015563964844,43.129981994628906,40.949981689453125,-0.008972168900072575,-0.8792725801467896,-1.5204660892486572,-0.6501354575157166,-0.1018284410238266,-0.0839245393872261,253,253,253,253,253,253,-0.20506842276289364,-0.32820614694044825,0.2910626643580186,0.1537516058571977,-3.129983727253672,0.00035090671501757277,-0.20483836708753714,-0.32825203817474596,0.2909303444390358,0.15380399227527675,-3.1302952999093345,1.3716305798316972e-06,4.708086517576091e-8,-0.0000014754358597079561,0.0000019970110088709276,0.000002346971399105828,0.00003379116443745309,0.00001828767795727037,0,0,0,0,0,0,1.26350879329836,-2.4030721620351585,-13.336193485974245,-0.7491940668146357,0.37016637149668924,-0.4505791329670696,7,1,3,1,2,48.19097137451172,48.19097137451172,0.6445291042327881,0,0,0.0040280818939208984,0.0040280818939208984,0.004000000189989805,0.004000000189989805,1,1,0,0,7,0,false,false,100.4000015258789,113,-3,280,55,105,1357,,,,1775568896229,1775568896229,,,,,,,,,,,,,,,
1776085911142,002c2969-c559-4f02-85a2-f2403051e800,0,41.13942123899697,-72.06004300885262,60.502143517053106,-78.81723111701628,-90.57127633893454,305.86876643032394,12.828735360458396,-13.467041297831829,30.27282932612763,-17.57263214943335,-0.0315856962185149,15.203705686766781,41.17161276184819,-72.07543872423929,60.54754122904068,-78.81937895093941,-90.56951607818051,305.9058221777728,13.190984354016681,-13.941602258355937,31.884624326795407,-17.744536410478034,0.09272618783458138,15.672161980867644,0.2871094048023224,-1.946960687637329,-1.1529310941696167,-0.9075040221214294,-0.05818767845630646,0.3021283447742462,0.5739795468098359,-1.9003177514305232,-0.8260982870425951,-0.8230549081910904,0.06936380780995391,0.317379500721009,33.77998352050781,36.609981536865234,38.769981384277344,40.680015563964844,43.129981994628906,40.949981689453125,-0.008972168900072575,-0.8792725801467896,-1.5204660892486572,-0.6501354575157166,-0.1018284410238266,-0.0839245393872261,253,253,253,253,253,253,-0.2035288121336629,-0.32847157326939547,0.2903696873328764,0.15291096577563307,-3.1299836187434873,0.00043466537433267004,-0.2032615232322656,-0.3285189548076614,0.2902384729675134,0.1528005685648081,-3.130387243982278,1.359613080321322e-06,4.708086517576091e-8,-0.0000014754358597079561,0.0000019970110088709276,0.000002346971399105828,0.00003379116443745309,0.00001828767795727037,0,0,0,0,0,0,1.26350879329836,-2.4030721620351585,-13.336193485974245,-0.7491940668146357,0.37016637149668924,-0.4505791329670696,7,1,3,1,2,48.19097137451172,48.19097137451172,0.6445291042327881,0,0,0.0040280818939208984,0.0040280818939208984,0.004000000189989805,0.004000000189989805,1,1,0,0,7,0,false,false,100.4000015258789,113,-3,280,55,105,1357,,,,1775568896229,1775568896229,,,,,,,,,,,,,,,
1776085911152,002c2969-c559-4f02-85a2-f2403051e800,0,41.13942123899697,-72.06004300885262,60.502143517053106,-78.81723111701628,-90.57127633893454,305.86876643032394,12.828735360458396,-13.467041297831829,30.27282932612763,-17.57263214943335,-0.0315856962185149,15.203705686766781,41.17161276184819,-72.07543872423929,60.54754122904068,-78.81937895093941,-90.56951607818051,305.9058221777728,13.190984354016681,-13.941602258355937,31.884624326795407,-17.744536410478034,0.09272618783458138,15.672161980867644,0.2871094048023224,-1.946960687637329,-1.1529310941696167,-0.9075040221214294,-0.05818767845630646,0.3021283447742462,0.5739795468098359,-1.9003177514305232,-0.8260982870425951,-0.8230549081910904,0.06936380780995391,0.317379500721009,33.77998352050781,36.609981536865234,38.769981384277344,40.680015563964844,43.129981994628906,40.949981689453125,-0.008972168900072575,-0.8792725801467896,-1.5204660892486572,-0.6501354575157166,-0.1018284410238266,-0.0839245393872261,253,253,253,253,253,253,-0.2035288121336629,-0.32847157326939547,0.2903696873328764,0.15291096577563307,-3.1299836187434873,0.00043466537433267004,-0.2032615232322656,-0.3285189548076614,0.2902384729675134,0.1528005685648081,-3.130387243982278,1.359613080321322e-06,4.708086517576091e-8,-0.0000014754358597079561,0.0000019970110088709276,0.000002346971399105828,0.00003379116443745309,0.00001828767795727037,0,0,0,0,0,0,1.26350879329836,-2.4030721620351585,-13.336193485974245,-0.7491940668146357,0.37016637149668924,-0.4505791329670696,7,1,3,1,2,48.19097137451172,48.19097137451172,0.6445291042327881,0,0,0.0040280818939208984,0.0040280818939208984,0.004000000189989805,0.004000000189989805,1,1,0,0,7,0,false,false,100.4000015258789,113,-3,280,55,105,1357,,,,1775568896229,1775568896229,,,,,,,,,,,,,,,
1776085911161,002c2969-c559-4f02-85a2-f2403051e800,0,41.482617754222595,-72.41335503423903,61.32433436858256,-79.2733784705464,-90.57264237676854,306.2745343085361,15.607178621417773,-15.802735475091701,37.109070043745014,-20.66528374900718,-0.02609252991874536,18.79760779405492,41.520867285776156,-72.43791784393235,61.379654350171414,-79.28378346771449,-90.56706829742127,306.3205001396923,15.924234191555763,-16.228398969184227,37.39813941014764,-20.9324726088565,0.11128113020917439,18.89500132013144,0.3947754204273224,-1.9447176456451416,-1.3298358917236328,-0.9186939597129822,-0.021260883659124374,0.3412931263446808,0.5330079422168955,-1.8654649250986501,-0.8630581823257704,-0.8323814283349551,0.06798612161395105,0.3185604190902758,33.77998352050781,36.609981536865234,38.769981384277344,40.680015563964844,43.129981994628906,40.949981689453125,-0.008972168900072575,-0.8792725801467896,-1.5204660892486572,-0.6501354575157166,-0.1018284410238266,-0.0839245393872261,253,253,253,253,253,253,-0.20072272603141875,-0.3289431365983153,0.28909450348993,0.15117190426380034,-3.1302080015440277,0.00022806995301366938,-0.20039985168218402,-0.3290033577066338,0.2889828578983854,0.1509794357048733,-3.130553285355454,1.3378026612959242e-06,4.708086517576091e-8,-0.0000014754358597079561,0.0000019970110088709276,0.000002346971399105828,0.00003379116443745309,0.00001828767795727037,0,0,0,0,0,0,1.26350879329836,-2.4030721620351585,-13.336193485974245,-0.7491940668146357,0.37016637149668924,-0.4505791329670696,7,1,3,1,2,48.19097137451172,48.19097137451172,0.6445291042327881,0,0,0.0040280818939208984,0.0040280818939208984,0.004000000189989805,0.004000000189989805,1,1,0,0,7,0,false,false,100.4000015258789,113,-3,280,55,105,1357,,,,1775568896229,1775568896229,,,,,,,,,,,,,,,
1776085911171,002c2969-c559-4f02-85a2-f2403051e800,0,41.482617754222595,-72.41335503423903,61.32433436858256,-79.2733784705464,-90.57264237676854,306.2745343085361,15.607178621417773,-15.802735475091701,37.109070043745014,-20.66528374900718,-0.02609252991874536,18.79760779405492,41.520867285776156,-72.43791784393235,61.379654350171414,-79.28378346771449,-90.56706829742127,306.3205001396923,15.924234191555763,-16.228398969184227,37.39813941014764,-20.9324726088565,0.11128113020917439,18.89500132013144,0.3947754204273224,-1.9447176456451416,-1.3298358917236328,-0.9186939597129822,-0.021260883659124374,0.3412931263446808,0.5330079422168955,-1.8654649250986501,-0.8630581823257704,-0.8323814283349551,0.06798612161395105,0.3185604190902758,33.77998352050781,36.609981536865234,38.769981384277344,40.680015563964844,43.129981994628906,40.949981689453125,-0.008972168900072575,-0.8792725801467896,-1.5204660892486572,-0.6501354575157166,-0.1018284410238266,-0.0839245393872261,253,253,253,253,253,253,-0.20072272603141875,-0.3289431365983153,0.28909450348993,0.15117190426380034,-3.1302080015440277,0.00022806995301366938,-0.20039985168218402,-0.3290033577066338,0.2889828578983854,0.1509794357048733,-3.130553285355454,1.3378026612959242e-06,4.708086517576091e-8,-0.0000014754358597079561,0.0000019970110088709276,0.000002346971399105828,0.00003379116443745309,0.00001828767795727037,0,0,0,0,0,0,1.26350879329836,-2.4030721620351585,-13.336193485974245,-0.7491940668146357,0.37016637149668924,-0.4505791329670696,7,1,3,1,2,48.19097137451172,48.19097137451172,0.6445291042327881,0,0,0.0040280818939208984,0.0040280818939208984,0.004000000189989805,0.004000000189989805,1,1,0,0,7,0,false,false,100.4000015258789,113,-3,280,55,105,1357,,,,1775568896229,1775568896229,,,,,,,,,,,,,,,
1776085911180,002c2969-c559-4f02-85a2-f2403051e800,0,41.482617754222595,-72.41335503423903,61.32433436858256,-79.2733784705464,-90.57264237676854,306.2745343085361,15.607178621417773,-15.802735475091701,37.109070043745014,-20.66528374900718,-0.02609252991874536,18.79760779405492,41.520867285776156,-72.43791784393235,61.379654350171414,-79.28378346771449,-90.56706829742127,306.3205001396923,15.924234191555763,-16.228398969184227,37.39813941014764,-20.9324726088565,0.11128113020917439,18.89500132013144,0.3947754204273224,-1.9447176456451416,-1.3298358917236328,-0.9186939597129822,-0.021260883659124374,0.3412931263446808,0.5330079422168955,-1.8654649250986501,-0.8630581823257704,-0.8323814283349551,0.06798612161395105,0.3185604190902758,33.77998352050781,36.609981536865234,38.769981384277344,40.680015563964844,43.129981994628906,40.949981689453125,-0.008972168900072575,-0.8792725801467896,-1.5204660892486572,-0.6501354575157166,-0.1018284410238266,-0.0839245393872261,253,253,253,253,253,253,-0.20072272603141875,-0.3289431365983153,0.28909450348993,0.15117190426380034,-3.1302080015440277,0.00022806995301366938,-0.20039985168218402,-0.3290033577066338,0.2889828578983854,0.1509794357048733,-3.130553285355454,1.3378026612959242e-06,4.708086517576091e-8,-0.0000014754358597079561,0.0000019970110088709276,0.000002346971399105828,0.00003379116443745309,0.00001828767795727037,0,0,0,0,0,0,1.26350879329836,-2.4030721620351585,-13.336193485974245,-0.7491940668146357,0.37016637149668924,-0.4505791329670696,7,1,3,1,2,48.19097137451172,48.19097137451172,0.6445291042327881,0,0,0.0040280818939208984,0.0040280818939208984,0.004000000189989805,0.004000000189989805,1,1,0,0,7,0,false,false,100.4000015258789,113,-3,280,55,105,1357,,,,1775568896229,1775568896229,,,,,,,,,,,,,,,
1776085911190,002c2969-c559-4f02-85a2-f2403051e800,0,41.482617754222595,-72.41335503423903,61.32433436858256,-79.2733784705464,-90.57264237676854,306.2745343085361,15.607178621417773,-15.802735475091701,37.109070043745014,-20.66528374900718,-0.02609252991874536,18.79760779405492,41.520867285776156,-72.43791784393235,61.379654350171414,-79.28378346771449,-90.56706829742127,306.3205001396923,15.924234191555763,-16.228398969184227,37.39813941014764,-20.9324726088565,0.11128113020917439,18.89500132013144,0.3947754204273224,-1.9447176456451416,-1.3298358917236328,-0.9186939597129822,-0.021260883659124374,0.3412931263446808,0.5330079422168955,-1.8654649250986501,-0.8630581823257704,-0.8323814283349551,0.06798612161395105,0.3185604190902758,33.77998352050781,36.609981536865234,38.769981384277344,40.680015563964844,43.129981994628906,40.949981689453125,-0.008972168900072575,-0.8792725801467896,-1.5204660892486572,-0.6501354575157166,-0.1018284410238266,-0.0839245393872261,253,253,253,253,253,253,-0.20072272603141875,-0.3289431365983153,0.28909450348993,0.15117190426380034,-3.1302080015440277,0.00022806995301366938,-0.20039985168218402,-0.3290033577066338,0.2889828578983854,0.1509794357048733,-3.130553285355454,1.3378026612959242e-06,4.708086517576091e-8,-0.0000014754358597079561,0.0000019970110088709276,0.000002346971399105828,0.00003379116443745309,0.00001828767795727037,0,0,0,0,0,0,1.26350879329836,-2.4030721620351585,-13.336193485974245,-0.7491940668146357,0.37016637149668924,-0.4505791329670696,7,1,3,1,2,48.19097137451172,48.19097137451172,0.6445291042327881,0,0,0.0040280818939208984,0.0040280818939208984,0.004000000189989805,0.004000000189989805,1,1,0,0,7,0,false,false,100.4000015258789,113,-3,280,55,105,1357,,,,1775568896229,1775568896229,,,,,,,,,,,,,,,
1776085911199,002c2969-c559-4f02-85a2-f2403051e800,0,41.482617754222595,-72.41335503423903,61.32433436858256,-79.2733784705464,-90.57264237676854,306.2745343085361,15.607178621417773,-15.802735475091701,37.109070043745014,-20.66528374900718,-0.02609252991874536,18.79760779405492,41.520867285776156,-72.43791784393235,61.379654350171414,-79.28378346771449,-90.56706829742127,306.3205001396923,15.924234191555763,-16.228398969184227,37.39813941014764,-20.9324726088565,0.11128113020917439,18.89500132013144,0.3947754204273224,-1.9447176456451416,-1.3298358917236328,-0.9186939597129822,-0.021260883659124374,0.3412931263446808,0.5330079422168955,-1.8654649250986501,-0.8630581823257704,-0.8323814283349551,0.06798612161395105,0.3185604190902758,33.77998352050781,36.609981536865234,38.769981384277344,40.680015563964844,43.129981994628906,40.949981689453125,-0.008972168900072575,-0.8792725801467896,-1.5204660892486572,-0.6501354575157166,-0.1018284410238266,-0.0839245393872261,253,253,253,253,253,253,-0.20072272603141875,-0.3289431365983153,0.28909450348993,0.15117190426380034,-3.1302080015440277,0.00022806995301366938,-0.20039985168218402,-0.3290033577066338,0.2889828578983854,0.1509794357048733,-3.130553285355454,1.3378026612959242e-06,4.708086517576091e-8,-0.0000014754358597079561,0.0000019970110088709276,0.000002346971399105828,0.00003379116443745309,0.00001828767795727037,0,0,0,0,0,0,1.26350879329836,-2.4030721620351585,-13.336193485974245,-0.7491940668146357,0.37016637149668924,-0.4505791329670696,7,1,3,1,2,48.19097137451172,48.19097137451172,0.6445291042327881,0,0,0.0040280818939208984,0.0040280818939208984,0.004000000189989805,0.004000000189989805,1,1,0,0,7,0,false,false,100.4000015258789,113,-3,280,55,105,1357,,,,1775568896229,1775568896229,,,,,,,,,,,,,,,
1776085911208,002c2969-c559-4f02-85a2-f2403051e800,0,42.05368987072736,-72.96323990393843,62.62119604667122,-80.00218697574344,-90.56991030110053,306.94758114934916,19.467774002585525,-18.639405244951792,43.57040509291498,-25.16693165736835,-0.020599365286502483,23.153687295730197,42.09015204594623,-73.00129827596551,62.686370708988235,-80.01870461375395,-90.56310783163217,306.995292988139,19.67893643931746,-18.907732111893228,44.151638448091454,-24.955341666258178,0.13631359479934593,23.302409421443205,0.3207550346851349,-2.0120089054107666,-1.2718843221664429,-0.9992614984512329,0.041402772068977356,0.19022895395755768,0.5569765643174754,-1.8576507267365219,-0.8559828064161317,-0.8431286657883852,0.07739841925816036,0.3346751504898287,33.77998352050781,36.609981536865234,38.769981384277344,40.680015563964844,43.129981994628906,40.949981689453125,-0.008972168900072575,-0.8792725801467896,-1.5204660892486572,-0.6501354575157166,-0.1018284410238266,-0.0839245393872261,253,253,253,253,253,253,-0.19612564090440854,-0.32975645178801977,0.2870261199480819,0.1483380468416843,-3.1305888335980057,3.9337025659840165e-05,-0.1957846209194775,-0.3297845903264349,0.28695783399528535,0.1480420623045588,-3.130818845588601,1.302624021535116e-06,4.708086517576091e-8,-0.0000014754358597079561,0.0000019970110088709276,0.000002346971399105828,0.00003379116443745309,0.00001828767795727037,0,0,0,0,0,0,1.26350879329836,-2.4030721620351585,-13.336193485974245,-0.7491940668146357,0.37016637149668924,-0.4505791329670696,7,1,3,1,2,48.19097137451172,48.19097137451172,0.6445291042327881,0,0,0.0040280818939208984,0.0040280818939208984,0.004000000189989805,0.004000000189989805,1,1,0,0,7,0,false,false,100.4000015258789,113,-3,280,55,105,1357,,,,1775568896229,1775568896229,,,,,,,,,,,,,,,
1776085911218,002c2969-c559-4f02-85a2-f2403051e800,0,42.38040513948575,-73.26297592547526,63.34863851403426,-80.41314579772477,-90.57127633893454,307.3320934788642,21.332154391263252,-19.946778584173103,46.95007490179108,-26.681672954885837,-0.01922607537908675,25.120240484202146,42.42041953926084,-73.31328952208379,63.41783486889998,-80.43335692474243,-90.56082551381611,307.38614662795595,21.61103661404002,-20.070448726490355,47.249159975258266,-26.86473029883678,0.14899773335014932,25.56082821331671,0.3925323784351349,-1.906585931777954,-1.107179880142212,-1.0552111864089966,0.07609158009290695,0.2741535007953644,0.569561536181214,-1.8511608770177832,-0.8536364683418317,-0.8482629760741218,0.082187617949431,0.34313060361896314,33.77998352050781,36.609981536865234,38.769981384277344,40.680015563964844,43.129981994628906,40.949981689453125,-0.008972168900072575,-0.8792725801467896,-1.5204660892486572,-0.6501354575157166,-0.1018284410238266,-0.0839245393872261,253,253,253,253,253,253,-0.193522021153569,-0.3302078332551983,0.28580130955018634,0.146733708689164,-3.130855915925872,-0.0002442691448774678,-0.19313429038277957,-0.330233218959715,0.2857949489819728,0.14635508900600702,-3.1309701025875554,1.282420578995428e-06,4.708086517576091e-8,-0.0000014754358597079561,0.0000019970110088709276,0.000002346971399105828,0.00003379116443745309,0.00001828767795727037,0,0,0,0,0,0,1.26350879329836,-2.4030721620351585,-13.336193485974245,-0.7491940668146357,0.37016637149668924,-0.4505791329670696,7,1,3,1,2,48.19097137451172,48.19097137451172,0.6445291042327881,0,0,0.0040280818939208984,0.0040280818939208984,0.004000000189989805,0.004000000189989805,1,1,0,0,7,0,false,false,100.4000015258789,113,-3,280,55,105,1357,,,,1775568896229,1775568896229,,,,,,,,,,,,,,,
1776085911227,002c2969-c559-4f02-85a2-f2403051e800,0,42.38040513948575,-73.26297592547526,63.34863851403426,-80.41314579772477,-90.57127633893454,307.3320934788642,21.332154391263252,-19.946778584173103,46.95007490179108,-26.681672954885837,-0.01922607537908675,25.120240484202146,42.42041953926084,-73.31328952208379,63.41783486889998,-80.43335692474243,-90.56082551381611,307.38614662795595,21.61103661404002,-20.070448726490355,47.249159975258266,-26.86473029883678,0.14899773335014932,25.56082821331671,0.3925323784351349,-1.906585931777954,-1.107179880142212,-1.0552111864089966,0.07609158009290695,0.2741535007953644,0.569561536181214,-1.8511608770177832,-0.8536364683418317,-0.8482629760741218,0.082187617949431,0.34313060361896314,33.77998352050781,36.609981536865234,38.769981384277344,40.680015563964844,43.129981994628906,40.949981689453125,-0.008972168900072575,-0.8792725801467896,-1.5204660892486572,-0.6501354575157166,-0.1018284410238266,-0.0839245393872261,253,253,253,253,253,253,-0.193522021153569,-0.3302078332551983,0.28580130955018634,0.146733708689164,-3.130855915925872,-0.0002442691448774678,-0.19313429038277957,-0.330233218959715,0.2857949489819728,0.14635508900600702,-3.1309701025875554,1.282420578995428e-06,4.708086517576091e-8,-0.0000014754358597079561,0.0000019970110088709276,0.000002346971399105828,0.00003379116443745309,0.00001828767795727037,0,0,0,0,0,0,1.26350879329836,-2.4030721620351585,-13.336193485974245,-0.7491940668146357,0.37016637149668924,-0.4505791329670696,7,1,3,1,2,48.19097137451172,48.19097137451172,0.6445291042327881,0,0,0.0040280818939208984,0.0040280818939208984,0.004000000189989805,0.004000000189989805,1,1,0,0,7,0,false,false,100.4000015258789,113,-3,280,55,105,1357,,,,1775568896229,1775568896229,,,,,,,,,,,,,,,
1776085911237,002c2969-c559-4f02-85a2-f2403051e800,0,42.934292500038765,-73.75994048948539,64.53971422225777,-81.06523761816423,-90.56854426326653,307.97842061964417,24.44458109603156,-21.47717296772096,51.55746779888239,-29.86907976881525,0.004119873057300496,29.006655687979837,42.97459811543236,-73.81360357282585,64.60402335360378,-81.1112418414911,-90.55701870030383,308.0409935453704,24.586706911193907,-21.572436990021217,51.52419531014686,-29.600029019205376,0.16829661181014452,29.025935953285792,0.3678589165210724,-2.036682367324829,-1.1270054578781128,-1.0272363424301147,0.12308932095766068,0.41850370168685913,0.5892450355092489,-1.8382133559793437,-0.8515195810771694,-0.9177056851543078,0.08949798706114788,0.43739351281022276,33.77998352050781,36.609981536865234,38.769981384277344,40.680015563964844,43.129981994628906,40.949981689453125,-0.008972168900072575,-0.8792725801467896,-1.5204660892486572,-0.6501354575157166,-0.1018284410238266,-0.0839245393872261,253,253,253,253,253,253,-0.1890763218715278,-0.33091316366781176,0.2837857644169532,0.14418117359262309,-3.1315314199011377,-0.000871853809475165,-0.1887304006336005,-0.3309786773138697,0.2838626551348608,0.1435516858551833,-3.131219431375982,1.2488470149180904e-06,4.708086517576091e-8,-0.0000014754358597079561,0.0000019970110088709276,0.000002346971399105828,0.00003379116443745309,0.00001828767795727037,0,0,0,0,0,0,1.26350879329836,-2.4030721620351585,-13.336193485974245,-0.7491940668146357,0.37016637149668924,-0.4505791329670696,7,1,3,1,2,48.19097137451172,48.19097137451172,0.6445291042327881,0,0,0.0040280818939208984,0.0040280818939208984,0.004000000189989805,0.004000000189989805,1,1,0,0,7,0,false,false,100.4000015258789,113,-3,280,55,105,1357,,,,1775568896229,1775568896229,,,,,,,,,,,,,,,
1776085911246,002c2969-c559-4f02-85a2-f2403051e800,0,42.934292500038765,-73.75994048948539,64.53971422225777,-81.06523761816423,-90.56854426326653,307.97842061964417,24.44458109603156,-21.47717296772096,51.55746779888239,-29.86907976881525,0.004119873057300496,29.006655687979837,42.97459811543236,-73.81360357282585,64.60402335360378,-81.1112418414911,-90.55701870030383,308.0409935453704,24.586706911193907,-21.572436990021217,51.52419531014686,-29.600029019205376,0.16829661181014452,29.025935953285792,0.3678589165210724,-2.036682367324829,-1.1270054578781128,-1.0272363424301147,0.12308932095766068,0.41850370168685913,0.5892450355092489,-1.8382133559793437,-0.8515195810771694,-0.9177056851543078,0.08949798706114788,0.43739351281022276,33.77998352050781,36.609981536865234,38.769981384277344,40.680015563964844,43.129981994628906,40.949981689453125,-0.008972168900072575,-0.8792725801467896,-1.5204660892486572,-0.6501354575157166,-0.1018284410238266,-0.0839245393872261,253,253,253,253,253,253,-0.1890763218715278,-0.33091316366781176,0.2837857644169532,0.14418117359262309,-3.1315314199011377,-0.000871853809475165,-0.1887304006336005,-0.3309786773138697,0.2838626551348608,0.1435516858551833,-3.131219431375982,1.2488470149180904e-06,4.708086517576091e-8,-0.0000014754358597079561,0.0000019970110088709276,0.000002346971399105828,0.00003379116443745309,0.00001828767795727037,0,0,0,0,0,0,1.26350879329836,-2.4030721620351585,-13.336193485974245,-0.7491940668146357,0.37016637149668924,-0.4505791329670696,7,1,3,1,2,48.19097137451172,48.19097137451172,0.6445291042327881,0,0,0.0040280818939208984,0.0040280818939208984,0.004000000189989805,0.004000000189989805,1,1,0,0,7,0,false,false,100.4000015258789,113,-3,280,55,105,1357,,,,1775568896229,1775568896229,,,,,,,,,,,,,,,
1776085911256,002c2969-c559-4f02-85a2-f2403051e800,0,43.342010397258925,-74.11330715638518,65.37840681082197,-81.56799418259052,-90.56715090467584,308.4636918997952,26.27710035977847,-22.553832762062996,53.817905244319775,-31.375580443099114,0.1167297471845162,31.893312197280665,43.384242832634975,-74.16559058288726,65.44943809123575,-81.59884265268052,-90.55422153425155,308.5242760875403,26.62671843928982,-22.4023453714757,54.11789594230307,-31.3389605499444,0.18138131262793813,31.392214451436928,0.4575806260108948,-2.027710199356079,-1.0873544216156006,-1.093256950378418,0.168968066573143,0.27974846959114075,0.6029304166150778,-1.8274465497327437,-0.8509996818307011,-0.9191026209995722,0.094469377243835,0.44184605945223937,33.77998352050781,36.609981536865234,38.769981384277344,40.680015563964844,43.129981994628906,40.949981689453125,-0.008972168900072575,-0.8792725801467896,-1.5204660892486572,-0.6501354575157166,-0.1018284410238266,-0.0839245393872261,253,253,253,253,253,253,-0.18590147880826594,-0.33148457155643946,0.28243992093508785,0.14200447401833102,-3.131391730327234,-0.0004866877404289191,-0.18550887817140901,-0.33152399315279935,0.28244914835204815,0.14150073943268662,-3.131400233601516,1.224285206248785e-06,4.708086517576091e-8,-0.0000014754358597079561,0.0000019970110088709276,0.000002346971399105828,0.00003379116443745309,0.00001828767795727037,0,0,0,0,0,0,1.26350879329836,-2.4030721620351585,-13.336193485974245,-0.7491940668146357,0.37016637149668924,-0.4505791329670696,7,1,3,1,2,48.19097137451172,48.19097137451172,0.6445291042327881,0,0,0.0040280818939208984,0.0040280818939208984,0.004000000189989805,0.004000000189989805,1,1,0,0,7,0,false,false,100.4000015258789,113,-3,280,55,105,1357,,,,1775568896229,1775568896229,,,,,,,,,,,,,,,
1776085911266,002c2969-c559-4f02-85a2-f2403051e800,0,43.342010397258925,-74.11330715638518,65.37840681082197,-81.56799418259052,-90.56715090467584,308.4636918997952,26.27710035977847,-22.553832762062996,53.817905244319775,-31.375580443099114,0.1167297471845162,31.893312197280665,43.384242832634975,-74.16559058288726,65.44943809123575,-81.59884265268052,-90.55422153425155,308.5242760875403,26.62671843928982,-22.4023453714757,54.11789594230307,-31.3389605499444,0.18138131262793813,31.392214451436928,0.4575806260108948,-2.027710199356079,-1.0873544216156006,-1.093256950378418,0.168968066573143,0.27974846959114075,0.6029304166150778,-1.8274465497327437,-0.8509996818307011,-0.9191026209995722,0.094469377243835,0.44184605945223937,33.77998352050781,36.609981536865234,38.769981384277344,40.680015563964844,43.129981994628906,40.949981689453125,-0.008972168900072575,-0.8792725801467896,-1.5204660892486572,-0.6501354575157166,-0.1018284410238266,-0.0839245393872261,253,253,253,253,253,253,-0.18590147880826594,-0.33148457155643946,0.28243992093508785,0.14200447401833102,-3.131391730327234,-0.0004866877404289191,-0.18550887817140901,-0.33152399315279935,0.28244914835204815,0.14150073943268662,-3.131400233601516,1.224285206248785e-06,4.708086517576091e-8,-0.0000014754358597079561,0.0000019970110088709276,0.000002346971399105828,0.00003379116443745309,0.00001828767795727037,0,0,0,0,0,0,1.26350879329836,-2.4030721620351585,-13.336193485974245,-0.7491940668146357,0.37016637149668924,-0.4505791329670696,7,1,3,1,2,48.19097137451172,48.19097137451172,0.6445291042327881,0,0,0.0040280818939208984,0.0040280818939208984,0.004000000189989805,0.004000000189989805,1,1,0,0,7,0,false,false,100.4000015258789,113,-3,280,55,105,1357,,,,1775568896229,1775568896229,,,,,,,,,,,,,,,
1776085911275,002c2969-c559-4f02-85a2-f2403051e800,0,44.02633729548626,-74.66595142250924,66.71578517106715,-82.35092510677075,-90.56026607399248,309.2601192777754,29.503784176530043,-23.576660420461575,57.42279371088788,-33.9216632298156,0.22521972490905826,35.305941083996665,44.060877999471096,-74.7155765512835,66.79116091779223,-82.3810991788849,-90.54962911451305,309.3211556557161,29.778531082071744,-23.37372124605535,57.61223896532566,-33.8252044620767,0.20140639843107622,35.03339614232262,0.3050537407398224,-1.9671480655670166,-1.011102318763733,-1.0641632080078125,0.19022895395755768,0.2741535007953644,0.621994095185574,-1.808098825606972,-0.8514886305477118,-0.9211354096293513,0.10209854950413572,0.44876738439588776,33.77998352050781,36.609981536865234,38.769981384277344,40.680015563964844,43.129981994628906,40.949981689453125,-0.008972168900072575,-0.8792725801467896,-1.5204660892486572,-0.6501354575157166,-0.1018284410238266,-0.0839245393872261,253,253,253,253,253,253,-0.1805955625246987,-0.3324125979684227,0.28017414706130583,0.13887376905076945,-3.1315976237651233,-0.000299577846224315,-0.18024820053402907,-0.3324144823154328,0.28014092185075395,0.13815121234185007,-3.131692598072891,1.184172132119859e-06,4.708086517576091e-8,-0.0000014754358597079561,0.0000019970110088709276,0.000002346971399105828,0.00003379116443745309,0.00001828767795727037,0,0,0,0,0,0,1.26350879329836,-2.4030721620351585,-13.336193485974245,-0.7491940668146357,0.37016637149668924,-0.4505791329670696,7,1,3,1,2,48.19097137451172,48.19097137451172,0.6445291042327881,0,0,0.0040280818939208984,0.0040280818939208984,0.004000000189989805,0.004000000189989805,1,1,0,0,7,0,false,false,100.4000015258789,113,-3,280,55,105,1357,,,,1775568896229,1775568896229,,,,,,,,,,,,,,,
1776085911284,002c2969-c559-4f02-85a2-f2403051e800,0,44.02633729548626,-74.66595142250924,66.71578517106715,-82.35092510677075,-90.56026607399248,309.2601192777754,29.503784176530043,-23.576660420461575,57.42279371088788,-33.9216632298156,0.22521972490905826,35.305941083996665,44.060877999471096,-74.7155765512835,66.79116091779223,-82.3810991788849,-90.54962911451305,309.3211556557161,29.778531082071744,-23.37372124605535,57.61223896532566,-33.8252044620767,0.20140639843107622,35.03339614232262,0.3050537407398224,-1.9671480655670166,-1.011102318763733,-1.0641632080078125,0.19022895395755768,0.2741535007953644,0.621994095185574,-1.808098825606972,-0.8514886305477118,-0.9211354096293513,0.10209854950413572,0.44876738439588776,33.77998352050781,36.609981536865234,38.769981384277344,40.680015563964844,43.129981994628906,40.949981689453125,-0.008972168900072575,-0.8792725801467896,-1.5204660892486572,-0.6501354575157166,-0.1018284410238266,-0.0839245393872261,253,253,253,253,253,253,-0.1805955625246987,-0.3324125979684227,0.28017414706130583,0.13887376905076945,-3.1315976237651233,-0.000299577846224315,-0.18024820053402907,-0.3324144823154328,0.28014092185075395,0.13815121234185007,-3.131692598072891,1.184172132119859e-06,4.708086517576091e-8,-0.0000014754358597079561,0.0000019970110088709276,0.000002346971399105828,0.00003379116443745309,0.00001828767795727037,0,0,0,0,0,0,1.26350879329836,-2.4030721620351585,-13.336193485974245,-0.7491940668146357,0.37016637149668924,-0.4505791329670696,7,1,3,1,2,48.19097137451172,48.19097137451172,0.6445291042327881,0,0,0.0040280818939208984,0.0040280818939208984,0.004000000189989805,0.004000000189989805,1,1,0,0,7,0,false,false,100.4000015258789,113,-3,280,55,105,1357,,,,1775568896229,1775568896229,,,,,,,,,,,,,,,
1776085911293,002c2969-c559-4f02-85a2-f2403051e800,0,44.520528802693356,-75.04265001561379,67.66783157909688,-82.89895216501588,-90.55340856406578,309.8386089797188,31.810912795133632,-24.072144540969106,59.21631259447402,-35.716554981424906,0.4394531438990039,37.187347426727946,44.55459432606508,-75.0934138733483,67.72972802853268,-82.93502320138165,-90.54629769406726,309.90155967206107,31.945006727032514,-23.829691734085188,59.67238147275241,-35.40534932226993,0.2150659147374856,37.526100991637314,0.3835602104663849,-1.8056490421295166,-1.0172024965286255,-0.9578587412834167,0.09959045052528381,0.3860528767108917,0.6323412263027519,-1.7930667270116913,-0.8526264265954481,-0.9224741215501661,0.10731540329595742,0.4535449111758913,33.77998352050781,36.609981536865234,38.769981384277344,40.680015563964844,43.129981994628906,40.949981689453125,-0.008972168900072575,-0.8792725801467896,-1.5204660892486572,-0.6501354575157166,-0.1018284410238266,-0.0839245393872261,253,253,253,253,253,253,-0.1767680561449334,-0.33304032837168174,0.27842553380452134,0.13653991387438824,-3.132107779414133,-0.0006054974148148272,-0.17645548614638437,-0.33305648536001076,0.2784767932985234,0.13573606550306655,-3.131901161952628,1.15524936133612e-06,4.708086517576091e-8,-0.0000014754358597079561,0.0000019970110088709276,0.000002346971399105828,0.00003379116443745309,0.00001828767795727037,0,0,0,0,0,0,1.26350879329836,-2.4030721620351585,-13.336193485974245,-0.7491940668146357,0.37016637149668924,-0.4505791329670696,7,1,3,1,2,48.19097137451172,48.19097137451172,0.6445291042327881,0,0,0.0040280818939208984,0.0040280818939208984,0.004000000189989805,0.004000000189989805,1,1,0,0,7,0,false,false,100.4000015258789,113,-3,280,55,105,1357,,,,1775568896229,1775568896229,,,,,,,,,,,,,,,
1776085911303,002c2969-c559-4f02-85a2-f2403051e800,0,44.520528802693356,-75.04265001561379,67.66783157909688,-82.89895216501588,-90.55340856406578,309.8386089797188,31.810912795133632,-24.072144540969106,59.21631259447402,-35.716554981424906,0.4394531438990039,37.187347426727946,44.55459432606508,-75.0934138733483,67.72972802853268,-82.93502320138165,-90.54629769406726,309.90155967206107,31.945006727032514,-23.829691734085188,59.67238147275241,-35.40534932226993,0.2150659147374856,37.526100991637314,0.3835602104663849,-1.8056490421295166,-1.0172024965286255,-0.9578587412834167,0.09959045052528381,0.3860528767108917,0.6323412263027519,-1.7930667270116913,-0.8526264265954481,-0.9224741215501661,0.10731540329595742,0.4535449111758913,33.77998352050781,36.609981536865234,38.769981384277344,40.680015563964844,43.129981994628906,40.949981689453125,-0.008972168900072575,-0.8792725801467896,-1.5204660892486572,-0.6501354575157166,-0.1018284410238266,-0.0839245393872261,253,253,253,253,253,253,-0.1767680561449334,-0.33304032837168174,0.27842553380452134,0.13653991387438824,-3.132107779414133,-0.0006054974148148272,-0.17645548614638437,-0.33305648536001076,0.2784767932985234,0.13573606550306655,-3.131901161952628,1.15524936133612e-06,4.708086517576091e-8,-0.0000014754358597079561,0.0000019970110088709276,0.000002346971399105828,0.00003379116443745309,0.00001828767795727037,0,0,0,0,0,0,1.26350879329836,-2.4030721620351585,-13.336193485974245,-0.7491940668146357,0.37016637149668924,-0.4505791329670696,7,1,3,1,2,48.19097137451172,48.19097137451172,0.6445291042327881,0,0,0.0040280818939208984,0.0040280818939208984,0.004000000189989805,0.004000000189989805,1,1,0,0,7,0,false,false,100.4000015258789,113,-3,280,55,105,1357,,,,1775568896229,1775568896229,,,,,,,,,,,,,,,
1776085911313,002c2969-c559-4f02-85a2-f2403051e800,0,45.04354029310333,-75.4262334394017,68.6466250079164,-83.47364428178076,-90.55204252623177,310.4774229124117,33.59729071594252,-24.033692283489223,61.37375078722761,-36.97448799633908,0.41198732574036945,40.167389697455775,45.08341272541032,-75.47726964890903,68.6995093159653,-83.51376190446317,-90.54274548618692,310.5222853467478,34.16669481202153,-24.124964386176572,61.51357237772846,-36.92767538999781,0.2290102909494532,40.07400866038435,0.4732819199562073,-1.9312593936920166,-1.2063075304031372,-1.0641632080078125,0.09735246747732162,0.303247332572937,0.6430163801988937,-1.7763221989130789,-0.8543916096024088,-0.9238186124141503,0.11265037928567989,0.4584530051273861,33.77998352050781,36.609981536865234,38.769981384277344,40.680015563964844,43.129981994628906,40.949981689453125,-0.008972168900072575,-0.8792725801467896,-1.5204660892486572,-0.6501354575157166,-0.1018284410238266,-0.0839245393872261,253,253,253,253,253,253,-0.17276582656644549,-0.33368494395391535,0.2766080873583461,0.13333308536895785,-3.132495611513417,-0.0009004138977953938,-0.17243429498855795,-0.3337371632868436,0.27671241603854124,0.13317516710930452,-3.13212025998104,1.1245813731016434e-06,4.708086517576091e-8,-0.0000014754358597079561,0.0000019970110088709276,0.000002346971399105828,0.00003379116443745309,0.00001828767795727037,0,0,0,0,0,0,1.26350879329836,-2.4030721620351585,-13.336193485974245,-0.7491940668146357,0.37016637149668924,-0.4505791329670696,7,1,3,1,2,48.19097137451172,48.19097137451172,0.6445291042327881,0,0,0.0040280818939208984,0.0040280818939208984,0.004000000189989805,0.004000000189989805,1,1,0,0,7,0,false,false,100.4000015258789,113,-3,280,55,105,1357,,,,1775568896229,1775568896229,,,,,,,,,,,,,,,
1776085911322,002c2969-c559-4f02-85a2-f2403051e800,0,45.04354029310333,-75.4262334394017,68.6466250079164,-83.47364428178076,-90.55204252623177,310.4774229124117,33.59729071594252,-24.033692283489223,61.37375078722761,-36.97448799633908,0.41198732574036945,40.167389697455775,45.08341272541032,-75.47726964890903,68.6995093159653,-83.51376190446317,-90.54274548618692,310.5222853467478,34.16669481202153,-24.124964386176572,61.51357237772846,-36.92767538999781,0.2290102909494532,40.07400866038435,0.4732819199562073,-1.9312593936920166,-1.2063075304031372,-1.0641632080078125,0.09735246747732162,0.303247332572937,0.6430163801988937,-1.7763221989130789,-0.8543916096024088,-0.9238186124141503,0.11265037928567989,0.4584530051273861,33.77998352050781,36.609981536865234,38.769981384277344,40.680015563964844,43.129981994628906,40.949981689453125,-0.008972168900072575,-0.8792725801467896,-1.5204660892486572,-0.6501354575157166,-0.1018284410238266,-0.0839245393872261,253,253,253,253,253,253,-0.17276582656644549,-0.33368494395391535,0.2766080873583461,0.13333308536895785,-3.132495611513417,-0.0009004138977953938,-0.17243429498855795,-0.3337371632868436,0.27671241603854124,0.13317516710930452,-3.13212025998104,1.1245813731016434e-06,4.708086517576091e-8,-0.0000014754358597079561,0.0000019970110088709276,0.000002346971399105828,0.00003379116443745309,0.00001828767795727037,0,0,0,0,0,0,1.26350879329836,-2.4030721620351585,-13.336193485974245,-0.7491940668146357,0.37016637149668924,-0.4505791329670696,7,1,3,1,2,48.19097137451172,48.19097137451172,0.6445291042327881,0,0,0.0040280818939208984,0.0040280818939208984,0.004000000189989805,0.004000000189989805,1,1,0,0,7,0,false,false,100.4000015258789,113,-3,280,55,105,1357,,,,1775568896229,1775568896229,,,,,,,,,,,,,,,
1776085911332,002c2969-c559-4f02-85a2-f2403051e800,0,45.60637520146906,-75.81530833528231,69.65085406120502,-84.07027496615972,-90.55340856406578,311.1271924685334,35.86486912415715,-24.312744784671974,63.40072553664478,-38.270874976280425,0.153808603032694,42.27951300016091,45.6482353090445,-75.86452133920388,69.69698136570571,-84.11642192260851,-90.5389676681962,311.18423466660266,36.44588822555679,-24.253094585751054,63.133336174612545,-38.39622208184831,0.24327279480595734,42.6794157457291,0.4822540879249573,-1.964905023574829,-1.0995546579360962,-1.0831860303878784,0.19582392275333405,0.3726249635219574,0.6596312273971996,-1.7479761556171651,-0.8581864771406748,-0.9258785620954864,0.12090075365865792,0.46605624822699127,33.77998352050781,36.609981536865234,38.769981384277344,40.680015563964844,43.129981994628906,40.949981689453125,-0.008972168900072575,-0.8792725801467896,-1.5204660892486572,-0.6501354575157166,-0.1018284410238266,-0.0839245393872261,253,253,253,253,253,253,-0.16628703095268005,-0.33476472194320533,0.27377864750861225,0.129708416687472,-3.1328147646398463,-0.0010262043935739791,-0.16597411430771866,-0.3348306955813149,0.27387788382155565,0.12906043873103898,-3.132467873086677,1.0753062184528427e-06,4.708086517576091e-8,-0.0000014754358597079561,0.0000019970110088709276,0.000002346971399105828,0.00003379116443745309,0.00001828767795727037,0,0,0,0,0,0,1.26350879329836,-2.4030721620351585,-13.336193485974245,-0.7491940668146357,0.37016637149668924,-0.4505791329670696,7,1,3,1,2,48.19097137451172,48.19097137451172,0.6445291042327881,0,0,0.0040280818939208984,0.0040280818939208984,0.004000000189989805,0.004000000189989805,1,1,0,0,7,0,false,false,100.4000015258789,113,-3,280,55,105,1357,,,,1775568896229,1775568896229,,,,,,,,,,,,,,,
1776085911341,002c2969-c559-4f02-85a2-f2403051e800,0,45.60637520146906,-75.81530833528231,69.65085406120502,-84.07027496615972,-90.55340856406578,311.1271924685334,35.86486912415715,-24.312744784671974,63.40072553664478,-38.270874976280425,0.153808603032694,42.27951300016091,45.6482353090445,-75.86452133920388,69.69698136570571,-84.11642192260851,-90.5389676681962,311.18423466660266,36.44588822555679,-24.253094585751054,63.133336174612545,-38.39622208184831,0.24327279480595734,42.6794157457291,0.4822540879249573,-1.964905023574829,-1.0995546579360962,-1.0831860303878784,0.19582392275333405,0.3726249635219574,0.6596312273971996,-1.7479761556171651,-0.8581864771406748,-0.9258785620954864,0.12090075365865792,0.46605624822699127,33.77998352050781,36.609981536865234,38.769981384277344,40.680015563964844,43.129981994628906,40.949981689453125,-0.008972168900072575,-0.8792725801467896,-1.5204660892486572,-0.6501354575157166,-0.1018284410238266,-0.0839245393872261,253,253,253,253,253,253,-0.16628703095268005,-0.33476472194320533,0.27377864750861225,0.129708416687472,-3.1328147646398463,-0.0010262043935739791,-0.16597411430771866,-0.3348306955813149,0.27387788382155565,0.12906043873103898,-3.132467873086677,1.0753062184528427e-06,4.708086517576091e-8,-0.0000014754358597079561,0.0000019970110088709276,0.000002346971399105828,0.00003379116443745309,0.00001828767795727037,0,0,0,0,0,0,1.26350879329836,-2.4030721620351585,-13.336193485974245,-0.7491940668146357,0.37016637149668924,-0.4505791329670696,7,1,3,1,2,48.19097137451172,48.19097137451172,0.6445291042327881,0,0,0.0040280818939208984,0.0040280818939208984,0.004000000189989805,0.004000000189989805,1,1,0,0,7,0,false,false,100.4000015258789,113,-3,280,55,105,1357,,,,1775568896229,1775568896229,,,,,,,,,,,,,,,
1776085911350,002c2969-c559-4f02-85a2-f2403051e800,0,46.52954698478257,-76.40855124583294,71.20114307825784,-85.02587307255786,-90.53346441168934,312.1923468092185,39.8518076370445,-24.52807674354038,64.2988612615556,-40.650789505774256,0.9269715029261512,46.64382970997522,46.56503355486047,-76.44577160814411,71.23730964941724,-85.06347846929604,-90.53286604592212,312.2565093865057,39.976749467910686,-24.117347593725942,65.14283437177002,-40.50796148097779,0.26533735191711655,46.69959526708134,0.2557068169116974,-1.8549959659576416,-1.0751540660858154,-1.0149273872375488,0.038045790046453476,0.3435311019420624,0.6710929449424552,-1.7269095832276793,-0.8614694326895581,-0.9273000027435381,0.12658419195870715,0.4712807581818918,33.77998352050781,36.609981536865234,38.769981384277344,40.680015563964844,43.129981994628906,40.949981689453125,-0.008972168900072575,-0.8792725801467896,-1.5204660892486572,-0.6501354575157166,-0.1018284410238266,-0.0839245393872261,253,253,253,253,253,253,-0.1616333287678864,-0.3355520239396375,0.2717643949219262,0.12694422306434272,-3.133155432287843,-0.0007572255263719849,-0.1613817312244185,-0.3356080607137763,0.2718628847922381,0.12613496499328689,-3.132711702134484,1.0402731930601136e-06,4.708086517576091e-8,-0.0000014754358597079561,0.0000019970110088709276,0.000002346971399105828,0.00003379116443745309,0.00001828767795727037,0,0,0,0,0,0,1.26350879329836,-2.4030721620351585,-13.336193485974245,-0.7491940668146357,0.37016637149668924,-0.4505791329670696,7,1,3,1,2,48.19097137451172,48.19097137451172,0.6445291042327881,0,0,0.0040280818939208984,0.0040280818939208984,0.004000000189989805,0.004000000189989805,1,1,0,0,7,0,false,false,100.4000015258789,113,-3,280,55,105,1357,,,,1775568896229,1775568896229,,,,,,,,,,,,,,,
1776085911360,002c2969-c559-4f02-85a2-f2403051e800,0,46.52954698478257,-76.40855124583294,71.20114307825784,-85.02587307255786,-90.53346441168934,312.1923468092185,39.8518076370445,-24.52807674354038,64.2988612615556,-40.650789505774256,0.9269715029261512,46.64382970997522,46.56503355486047,-76.44577160814411,71.23730964941724,-85.06347846929604,-90.53286604592212,312.2565093865057,39.976749467910686,-24.117347593725942,65.14283437177002,-40.50796148097779,0.26533735191711655,46.69959526708134,0.2557068169116974,-1.8549959659576416,-1.0751540660858154,-1.0149273872375488,0.038045790046453476,0.3435311019420624,0.6710929449424552,-1.7269095832276793,-0.8614694326895581,-0.9273000027435381,0.12658419195870715,0.4712807581818918,33.77998352050781,36.609981536865234,38.769981384277344,40.680015563964844,43.129981994628906,40.949981689453125,-0.008972168900072575,-0.8792725801467896,-1.5204660892486572,-0.6501354575157166,-0.1018284410238266,-0.0839245393872261,253,253,253,253,253,253,-0.1616333287678864,-0.3355520239396375,0.2717643949219262,0.12694422306434272,-3.133155432287843,-0.0007572255263719849,-0.1613817312244185,-0.3356080607137763,0.2718628847922381,0.12613496499328689,-3.132711702134484,1.0402731930601136e-06,4.708086517576091e-8,-0.0000014754358597079561,0.0000019970110088709276,0.000002346971399105828,0.00003379116443745309,0.00001828767795727037,0,0,0,0,0,0,1.26350879329836,-2.4030721620351585,-13.336193485974245,-0.7491940668146357,0.37016637149668924,-0.4505791329670696,7,1,3,1,2,48.19097137451172,48.19097137451172,0.6445291042327881,0,0,0.0040280818939208984,0.0040280818939208984,0.004000000189989805,0.004000000189989805,1,1,0,0,7,0,false,false,100.4000015258789,113,-3,280,55,105,1357,,,,1775568896229,1775568896229,,,,,,,,,,,,,,,
1776085911370,002c2969-c559-4f02-85a2-f2403051e800,0,47.1946503155909,-76.79352802821154,72.24730949305035,-85.6903138750167,-90.52931165667398,312.9531752412446,41.96887258161414,-24.38964929963173,65.69687121106298,-42.1394360655677,0.3089905009753837,49.394534718941536,47.22402507231286,-76.82934554978013,72.28834934542193,-85.72249116798805,-90.52849955641678,313.0256761635222,42.407577614715564,-23.79809831258633,66.19907174238502,-41.86199604755867,0.28054379652761363,49.456640392362935,0.4149627983570099,-1.7742464542388916,-1.0629537105560303,-0.9600967168807983,0.14546920359134674,0.3222702145576477,0.6828427112432549,-1.7040922932621831,-0.8653519470125491,-0.9287733354466405,0.1324284281863206,0.47662334717857463,33.77998352050781,36.609981536865234,38.769981384277344,40.680015563964844,43.129981994628906,40.949981689453125,-0.008972168900072575,-0.8792725801467896,-1.5204660892486572,-0.6501354575157166,-0.1018284410238266,-0.0839245393872261,253,253,253,253,253,253,-0.15679077427165208,-0.33640301278630486,0.26969233043511,0.1242600449813071,-3.1332413450907786,-0.0005432234140375918,-0.1565608713709178,-0.3364241007284837,0.26974763705520644,0.12306357752195675,-3.132964728349881,1.0034933352287852e-06,4.708086517576091e-8,-0.0000014754358597079561,0.0000019970110088709276,0.000002346971399105828,0.00003379116443745309,0.00001828767795727037,0,0,0,0,0,0,1.26350879329836,-2.4030721620351585,-13.336193485974245,-0.7491940668146357,0.37016637149668924,-0.4505791329670696,7,1,3,1,2,48.19097137451172,48.19097137451172,0.6445291042327881,0,0,0.0040280818939208984,0.0040280818939208984,0.004000000189989805,0.004000000189989805,1,1,0,0,7,0,false,false,100.4000015258789,113,-3,280,55,105,1357,,,,1775568896229,1775568896229,,,,,,,,,,,,,,,
1776085911380,002c2969-c559-4f02-85a2-f2403051e800,0,47.1946503155909,-76.79352802821154,72.24730949305035,-85.6903138750167,-90.52931165667398,312.9531752412446,41.96887258161414,-24.38964929963173,65.69687121106298,-42.1394360655677,0.3089905009753837,49.394534718941536,47.22402507231286,-76.82934554978013,72.28834934542193,-85.72249116798805,-90.52849955641678,313.0256761635222,42.407577614715564,-23.79809831258633,66.19907174238502,-41.86199604755867,0.28054379652761363,49.456640392362935,0.4149627983570099,-1.7742464542388916,-1.0629537105560303,-0.9600967168807983,0.14546920359134674,0.3222702145576477,0.6828427112432549,-1.7040922932621831,-0.8653519470125491,-0.9287733354466405,0.1324284281863206,0.47662334717857463,33.77998352050781,36.609981536865234,38.769981384277344,40.680015563964844,43.129981994628906,40.949981689453125,-0.008972168900072575,-0.8792725801467896,-1.5204660892486572,-0.6501354575157166,-0.1018284410238266,-0.0839245393872261,253,253,253,253,253,253,-0.15679077427165208,-0.33640301278630486,0.26969233043511,0.1242600449813071,-3.1332413450907786,-0.0005432234140375918,-0.1565608713709178,-0.3364241007284837,0.26974763705520644,0.12306357752195675,-3.132964728349881,1.0034933352287852e-06,4.708086517576091e-8,-0.0000014754358597079561,0.0000019970110088709276,0.000002346971399105828,0.00003379116443745309,0.00001828767795727037,0,0,0,0,0,0,1.26350879329836,-2.4030721620351585,-13.336193485974245,-0.7491940668146357,0.37016637149668924,-0.4505791329670696,7,1,3,1,2,48.19097137451172,48.19097137451172,0.6445291042327881,0,0,0.0040280818939208984,0.0040280818939208984,0.004000000189989805,0.004000000189989805,1,1,0,0,7,0,false,false,100.4000015258789,113,-3,280,55,105,1357,,,,1775568896229,1775568896229,,,,,,,,,,,,,,,
1776085911389,002c2969-c559-4f02-85a2-f2403051e800,0,48.24208373047445,-77.35857591786835,73.86491685456282,-86.70279379682272,-90.52655226024929,314.2137003129488,45.97338858633053,-23.09765754642129,66.97815322765484,-43.49624972909615,0.35293580469311353,53.370210249887535,48.286690478539754,-77.39130333402603,73.89200456884828,-86.75088202758378,-90.5214849298439,314.26339114643406,46.171517430564435,-22.957756226463463,67.35195641232397,-43.82464096793027,0.30418078236660057,53.70992403453696,0.3566437065601349,-2.027710199356079,-0.9836515784263611,-1.1324217319488525,0.22379876673221588,0.34912607073783875,0.7009527872463893,-1.6665536818635518,-0.8723081620258628,-0.9311005887724085,0.14152189410264504,0.48484057319284896,33.77998352050781,36.609981536865234,38.769981384277344,40.680015563964844,43.129981994628906,40.949981689453125,-0.008972168900072575,-0.8792725801467896,-1.5204660892486572,-0.6501354575157166,-0.1018284410238266,-0.0839245393872261,253,253,253,253,253,253,-0.14917920212226535,-0.33760308010802814,0.2662555046394138,0.11835205047974255,-3.133939192068864,-0.0011640514630993817,-0.14890118764651747,-0.3377206761547662,0.2663867991227259,0.11818279725787427,-3.1333605707689203,9.450469606797706e-07,4.708086517576091e-8,-0.0000014754358597079561,0.0000019970110088709276,0.000002346971399105828,0.00003379116443745309,0.00001828767795727037,0,0,0,0,0,0,1.26350879329836,-2.4030721620351585,-13.336193485974245,-0.7491940668146357,0.37016637149668924,-0.4505791329670696,7,1,3,1,2,48.19097137451172,48.19097137451172,0.6445291042327881,0,0,0.0040280818939208984,0.0040280818939208984,0.004000000189989805,0.004000000189989805,1,1,0,0,7,0,false,false,100.4000015258789,113,-3,280,55,105,1357,,,,1775568896229,1775568896229,,,,,,,,,,,,,,,
1776085911398,002c2969-c559-4f02-85a2-f2403051e800,0,48.24208373047445,-77.35857591786835,73.86491685456282,-86.70279379682272,-90.52655226024929,314.2137003129488,45.97338858633053,-23.09765754642129,66.97815322765484,-43.49624972909615,0.35293580469311353,53.370210249887535,48.286690478539754,-77.39130333402603,73.89200456884828,-86.75088202758378,-90.5214849298439,314.26339114643406,46.171517430564435,-22.957756226463463,67.35195641232397,-43.82464096793027,0.30418078236660057,53.70992403453696,0.3566437065601349,-2.027710199356079,-0.9836515784263611,-1.1324217319488525,0.22379876673221588,0.34912607073783875,0.7009527872463893,-1.6665536818635518,-0.8723081620258628,-0.9311005887724085,0.14152189410264504,0.48484057319284896,33.77998352050781,36.609981536865234,38.769981384277344,40.680015563964844,43.129981994628906,40.949981689453125,-0.008972168900072575,-0.8792725801467896,-1.5204660892486572,-0.6501354575157166,-0.1018284410238266,-0.0839245393872261,253,253,253,253,253,253,-0.14917920212226535,-0.33760308010802814,0.2662555046394138,0.11835205047974255,-3.133939192068864,-0.0011640514630993817,-0.14890118764651747,-0.3377206761547662,0.2663867991227259,0.11818279725787427,-3.1333605707689203,9.450469606797706e-07,4.708086517576091e-8,-0.0000014754358597079561,0.0000019970110088709276,0.000002346971399105828,0.00003379116443745309,0.00001828767795727037,0,0,0,0,0,0,1.26350879329836,-2.4030721620351585,-13.336193485974245,-0.7491940668146357,0.37016637149668924,-0.4505791329670696,7,1,3,1,2,48.19097137451172,48.19097137451172,0.6445291042327881,0,0,0.0040280818939208984,0.0040280818939208984,0.004000000189989805,0.004000000189989805,1,1,0,0,7,0,false,false,100.4000015258789,113,-3,280,55,105,1357,,,,1775568896229,1775568896229,,,,,,,,,,,,,,,
1776085911406,002c2969-c559-4f02-85a2-f2403051e800,0,49.00329465309403,-77.7277339821292,74.95843014068186,-87.40769663992471,-90.52313716566428,315.0828828659679,48.438721461584535,-22.531860043503066,67.15668071218064,-44.79263329394291,0.23483276259860164,56.31180197068277,49.04605555666192,-77.75240339275302,74.97376294698157,-87.46227280439187,-90.51648786664175,315.14598069021537,48.75959071011903,-22.145216305988225,67.82853187345316,-45.094612729680286,0.32053471367353575,56.6242453071442,0.5091705918312073,-1.9716341495513916,-1.03855299949646,-1.110041856765747,0.21372783184051514,0.39836180210113525,0.7133017021041725,-1.639301368823154,-0.8777142832596263,-0.932739896719414,0.14781801008257686,0.49043812976507417,33.77998352050781,36.609981536865234,38.769981384277344,40.680015563964844,43.129981994628906,40.949981689453125,-0.008972168900072575,-0.8792725801467896,-1.5204660892486572,-0.6501354575157166,-0.1018284410238266,-0.0839245393872261,253,253,253,253,253,253,-0.14374237753229388,-0.3384790413104872,0.26386875432054346,0.11533705794221268,-3.1342872107385027,-0.0014128070428869833,-0.14350913586746888,-0.338633403375107,0.2640209296164754,0.11474640116292545,-3.1336346731883804,9.038974481475386e-07,4.708086517576091e-8,-0.0000014754358597079561,0.0000019970110088709276,0.000002346971399105828,0.00003379116443745309,0.00001828767795727037,0,0,0,0,0,0,1.26350879329836,-2.4030721620351585,-13.336193485974245,-0.7491940668146357,0.37016637149668924,-0.4505791329670696,7,1,3,1,2,48.19097137451172,48.19097137451172,0.6445291042327881,0,0,0.0040280818939208984,0.0040280818939208984,0.004000000189989805,0.004000000189989805,1,1,0,0,7,0,false,false,100.4000015258789,113,-3,280,55,105,1357,,,,1775568896229,1775568896229,,,,,,,,,,,,,,,
1776085911416,002c2969-c559-4f02-85a2-f2403051e800,0,49.00329465309403,-77.7277339821292,74.95843014068186,-87.40769663992471,-90.52313716566428,315.0828828659679,48.438721461584535,-22.531860043503066,67.15668071218064,-44.79263329394291,0.23483276259860164,56.31180197068277,49.04605555666192,-77.75240339275302,74.97376294698157,-87.46227280439187,-90.51648786664175,315.14598069021537,48.75959071011903,-22.145216305988225,67.82853187345316,-45.094612729680286,0.32053471367353575,56.6242453071442,0.5091705918312073,-1.9716341495513916,-1.03855299949646,-1.110041856765747,0.21372783184051514,0.39836180210113525,0.7133017021041725,-1.639301368823154,-0.8777142832596263,-0.932739896719414,0.14781801008257686,0.49043812976507417,33.77998352050781,36.609981536865234,38.769981384277344,40.680015563964844,43.129981994628906,40.949981689453125,-0.008972168900072575,-0.8792725801467896,-1.5204660892486572,-0.6501354575157166,-0.1018284410238266,-0.0839245393872261,253,253,253,253,253,253,-0.14374237753229388,-0.3384790413104872,0.26386875432054346,0.11533705794221268,-3.1342872107385027,-0.0014128070428869833,-0.14350913586746888,-0.338633403375107,0.2640209296164754,0.11474640116292545,-3.1336346731883804,9.038974481475386e-07,4.708086517576091e-8,-0.0000014754358597079561,0.0000019970110088709276,0.000002346971399105828,0.00003379116443745309,0.00001828767795727037,0,0,0,0,0,0,1.26350879329836,-2.4030721620351585,-13.336193485974245,-0.7491940668146357,0.37016637149668924,-0.4505791329670696,7,1,3,1,2,48.19097137451172,48.19097137451172,0.6445291042327881,0,0,0.0040280818939208984,0.0040280818939208984,0.004000000189989805,0.004000000189989805,1,1,0,0,7,0,false,false,100.4000015258789,113,-3,280,55,105,1357,,,,1775568896229,1775568896229,,,,,,,,,,,,,,,
1776085911426,002c2969-c559-4f02-85a2-f2403051e800,0,49.806391710798714,-78.0810733282723,76.03544168976615,-88.13729744706546,-90.5183287124886,316.01165198930624,52.46960541159175,-20.92565909790453,67.7636727935305,-46.91848869197436,0.21835327703950627,60.714569230429674,50.26399337510855,-78.26545490089104,76.60594414484645,-88.56694993911522,-90.50849151198604,316.55854304567464,52.758256862935234,-20.52742606943955,68.09621581639003,-46.95359024006973,0.34602493308854015,61.112322355190706,0.3207550346851349,-1.8684542179107666,-1.0721039772033691,-1.0440212488174438,0.22939373552799225,0.3412931263446808,0.7321310689782105,-1.5950623241450506,-0.8870151798145242,-0.9353386600308627,0.15763566549881258,0.498976944666925,33.77998352050781,36.609981536865234,38.769981384277344,40.680015563964844,43.129981994628906,40.949981689453125,-0.008972168900072575,-0.8792725801467896,-1.5204660892486572,-0.6501354575157166,-0.1018284410238266,-0.0839245393872261,253,253,253,253,253,253,-0.1352382178260229,-0.33993103887260606,0.2602745166868273,0.11007214025975351,-3.134416247648929,-0.0009480648004428359,-0.13499266425468467,-0.3400750096098655,0.2602841590302526,0.10931785721263636,-3.1340599405041103,8.388939603616376e-07,4.708086517576091e-8,-0.0000014754358597079561,0.0000019970110088709276,0.000002346971399105828,0.00003379116443745309,0.00001828767795727037,0,0,0,0,0,0,1.26350879329836,-2.4030721620351585,-13.336193485974245,-0.7491940668146357,0.37016637149668924,-0.4505791329670696,7,1,3,1,2,48.19097137451172,48.19097137451172,0.6445291042327881,0,0,0.0040280818939208984,0.0040280818939208984,0.004000000189989805,0.004000000189989805,1,1,0,0,7,0,false,false,100.4000015258789,113,-3,280,55,105,1357,,,,1775568896229,1775568896229,,,,,,,,,,,,,,,
1776085911435,002c2969-c559-4f02-85a2-f2403051e800,0,49.806391710798714,-78.0810733282723,76.03544168976615,-88.13729744706546,-90.5183287124886,316.01165198930624,52.46960541159175,-20.92565909790453,67.7636727935305,-46.91848869197436,0.21835327703950627,60.714569230429674,50.26399337510855,-78.26545490089104,76.60594414484645,-88.56694993911522,-90.50849151198604,316.55854304567464,52.758256862935234,-20.52742606943955,68.09621581639003,-46.95359024006973,0.34602493308854015,61.112322355190706,0.3207550346851349,-1.8684542179107666,-1.0721039772033691,-1.0440212488174438,0.22939373552799225,0.3412931263446808,0.7321310689782105,-1.5950623241450506,-0.8870151798145242,-0.9353386600308627,0.15763566549881258,0.498976944666925,33.77998352050781,36.609981536865234,38.769981384277344,40.680015563964844,43.129981994628906,40.949981689453125,-0.008972168900072575,-0.8792725801467896,-1.5204660892486572,-0.6501354575157166,-0.1018284410238266,-0.0839245393872261,253,253,253,253,253,253,-0.1352382178260229,-0.33993103887260606,0.2602745166868273,0.11007214025975351,-3.134416247648929,-0.0009480648004428359,-0.13499266425468467,-0.3400750096098655,0.2602841590302526,0.10931785721263636,-3.1340599405041103,8.388939603616376e-07,4.708086517576091e-8,-0.0000014754358597079561,0.0000019970110088709276,0.000002346971399105828,0.00003379116443745309,0.00001828767795727037,0,0,0,0,0,0,1.26350879329836,-2.4030721620351585,-13.336193485974245,-0.7491940668146357,0.37016637149668924,-0.4505791329670696,7,1,3,1,2,48.19097137451172,48.19097137451172,0.6445291042327881,0,0,0.0040280818939208984,0.0040280818939208984,0.004000000189989805,0.004000000189989805,1,1,0,0,7,0,false,false,100.4000015258789,113,-3,280,55,105,1357,,,,1775568896229,1775568896229,,,,,,,,,,,,,,,
1776085911445,002c2969-c559-4f02-85a2-f2403051e800,0,51.08857189726643,-78.5705246841954,77.65233871160493,-89.26900515102322,-90.50595240971253,317.4888306614833,54.975588157691085,-19.646851317339504,67.89413623686691,-48.782044335309806,0.33645631913401813,64.14367936361292,51.12997575637289,-78.5833422689633,77.6948033013767,-89.32794893634819,-90.50281454395876,317.56080088223985,55.4993178435948,-19.170383290858357,67.969990949494,-48.168455525033195,0.3636868472160493,64.1796888681433,0.3925323784351349,-1.8235933780670166,-0.905874490737915,-0.9925475716590881,0.1544211506843567,0.3591970205307007,0.7448094185251352,-1.5633279609130588,-0.8940415357382815,-0.9371631349572626,0.16443944684282846,0.5047372783629089,33.77998352050781,36.609981536865234,38.769981384277344,40.680015563964844,43.129981994628906,40.949981689453125,-0.008972168900072575,-0.8792725801467896,-1.5204660892486572,-0.6501354575157166,-0.1018284410238266,-0.0839245393872261,253,253,253,253,253,253,-0.12927002458617756,-0.3409719944314687,0.25772361580748787,0.10637035501072988,-3.1346150640195694,-0.0006715680912060862,-0.12902942054999392,-0.34108442403588657,0.2576676677549032,0.10551611291123994,-3.134352125272332,7.933712328879133e-07,4.708086517576091e-8,-0.0000014754358597079561,0.0000019970110088709276,0.000002346971399105828,0.00003379116443745309,0.00001828767795727037,0,0,0,0,0,0,1.26350879329836,-2.4030721620351585,-13.336193485974245,-0.7491940668146357,0.37016637149668924,-0.4505791329670696,7,1,3,1,2,48.19097137451172,48.19097137451172,0.6445291042327881,0,0,0.0040280818939208984,0.0040280818939208984,0.004000000189989805,0.004000000189989805,1,1,0,0,7,0,false,false,100.4000015258789,113,-3,280,55,105,1357,,,,1775568896229,1775568896229,,,,,,,,,,,,,,,
1776085911454,002c2969-c559-4f02-85a2-f2403051e800,0,51.08857189726643,-78.5705246841954,77.65233871160493,-89.26900515102322,-90.50595240971253,317.4888306614833,54.975588157691085,-19.646851317339504,67.89413623686691,-48.782044335309806,0.33645631913401813,64.14367936361292,51.12997575637289,-78.5833422689633,77.6948033013767,-89.32794893634819,-90.50281454395876,317.56080088223985,55.4993178435948,-19.170383290858357,67.969990949494,-48.168455525033195,0.3636868472160493,64.1796888681433,0.3925323784351349,-1.8235933780670166,-0.905874490737915,-0.9925475716590881,0.1544211506843567,0.3591970205307007,0.7448094185251352,-1.5633279609130588,-0.8940415357382815,-0.9371631349572626,0.16443944684282846,0.5047372783629089,33.77998352050781,36.609981536865234,38.769981384277344,40.680015563964844,43.129981994628906,40.949981689453125,-0.008972168900072575,-0.8792725801467896,-1.5204660892486572,-0.6501354575157166,-0.1018284410238266,-0.0839245393872261,253,253,253,253,253,253,-0.12927002458617756,-0.3409719944314687,0.25772361580748787,0.10637035501072988,-3.1346150640195694,-0.0006715680912060862,-0.12902942054999392,-0.34108442403588657,0.2576676677549032,0.10551611291123994,-3.134352125272332,7.933712328879133e-07,4.708086517576091e-8,-0.0000014754358597079561,0.0000019970110088709276,0.000002346971399105828,0.00003379116443745309,0.00001828767795727037,0,0,0,0,0,0,1.26350879329836,-2.4030721620351585,-13.336193485974245,-0.7491940668146357,0.37016637149668924,-0.4505791329670696,7,1,3,1,2,48.19097137451172,48.19097137451172,0.6445291042327881,0,0,0.0040280818939208984,0.0040280818939208984,0.004000000189989805,0.004000000189989805,1,1,0,0,7,0,false,false,100.4000015258789,113,-3,280,55,105,1357,,,,1775568896229,1775568896229,,,,,,,,,,,,,,,
1776085911464,002c2969-c559-4f02-85a2-f2403051e800,0,51.99119164136737,-78.87441346074762,78.7376011292066,-90.05617079248886,-90.50046093761985,318.53830288783405,57.92432084126358,-17.967041423055736,68.06030790918416,-49.22012583848526,0.5369568157044333,67.22671747192996,52.040276028453526,-78.87766377108683,78.77965054054206,-90.10825899860407,-90.49685060541923,318.61259772710605,58.297433537277215,-17.58020018547092,67.59374029631888,-49.368011301803335,0.38189734864645736,67.30413918636427,0.3454284965991974,-1.6733094453811646,-0.9714512228965759,-1.0440212488174438,0.24505965411663055,0.41626572608947754,0.7575128873950256,-1.5298111123395497,-0.9017595454708063,-0.9390550009513638,0.17145435474581922,0.5105254825836797,33.77998352050781,36.609981536865234,38.769981384277344,40.680015563964844,43.129981994628906,40.949981689453125,-0.008972168900072575,-0.8792725801467896,-1.5204660892486572,-0.6501354575157166,-0.1018284410238266,-0.0839245393872261,253,253,253,253,253,253,-0.12312586478287946,-0.3420071285864164,0.2550729120897837,0.1022676638389092,-3.1347274549860646,-0.0003510698975880738,-0.12283770007500551,-0.34213251334420774,0.2549509277719524,0.10156812955190572,-3.1346506329775665,7.460980742766956e-07,4.708086517576091e-8,-0.0000014754358597079561,0.0000019970110088709276,0.000002346971399105828,0.00003379116443745309,0.00001828767795727037,0,0,0,0,0,0,1.26350879329836,-2.4030721620351585,-13.336193485974245,-0.7491940668146357,0.37016637149668924,-0.4505791329670696,7,1,3,1,2,48.19097137451172,48.19097137451172,0.6445291042327881,0,0,0.0040280818939208984,0.0040280818939208984,0.004000000189989805,0.004000000189989805,1,1,0,0,7,0,false,false,100.4000015258789,113,-3,280,55,105,1357,,,,1775568896229,1775568896229,,,,,,,,,,,,,,,
1776085911474,002c2969-c559-4f02-85a2-f2403051e800,0,51.99119164136737,-78.87441346074762,78.7376011292066,-90.05617079248886,-90.50046093761985,318.53830288783405,57.92432084126358,-17.967041423055736,68.06030790918416,-49.22012583848526,0.5369568157044333,67.22671747192996,52.040276028453526,-78.87766377108683,78.77965054054206,-90.10825899860407,-90.49685060541923,318.61259772710605,58.297433537277215,-17.58020018547092,67.59374029631888,-49.368011301803335,0.38189734864645736,67.30413918636427,0.3454284965991974,-1.6733094453811646,-0.9714512228965759,-1.0440212488174438,0.24505965411663055,0.41626572608947754,0.7575128873950256,-1.5298111123395497,-0.9017595454708063,-0.9390550009513638,0.17145435474581922,0.5105254825836797,33.77998352050781,36.609981536865234,38.769981384277344,40.680015563964844,43.129981994628906,40.949981689453125,-0.008972168900072575,-0.8792725801467896,-1.5204660892486572,-0.6501354575157166,-0.1018284410238266,-0.0839245393872261,253,253,253,253,253,253,-0.12312586478287946,-0.3420071285864164,0.2550729120897837,0.1022676638389092,-3.1347274549860646,-0.0003510698975880738,-0.12283770007500551,-0.34213251334420774,0.2549509277719524,0.10156812955190572,-3.1346506329775665,7.460980742766956e-07,4.708086517576091e-8,-0.0000014754358597079561,0.0000019970110088709276,0.000002346971399105828,0.00003379116443745309,0.00001828767795727037,0,0,0,0,0,0,1.26350879329836,-2.4030721620351585,-13.336193485974245,-0.7491940668146357,0.37016637149668924,-0.4505791329670696,7,1,3,1,2,48.19097137451172,48.19097137451172,0.6445291042327881,0,0,0.0040280818939208984,0.0040280818939208984,0.004000000189989805,0.004000000189989805,1,1,0,0,7,0,false,false,100.4000015258789,113,-3,280,55,105,1357,,,,1775568896229,1775568896229,,,,,,,,,,,,,,,
1776085911483,002c2969-c559-4f02-85a2-f2403051e800,0,52.94528369105353,-79.14936955597565,79.81532301796456,-90.85636843489087,-90.49975059794616,319.6391927782567,60.7500042518437,-16.088379108823514,67.54669134397754,-50.3997814704165,0.2334594943690324,70.8810462628052,52.99479612625048,-79.14436464485468,79.8553613233678,-90.90684766129164,-90.49059732119262,319.7136862539946,60.412118751539765,-15.560868667299696,66.15838537622159,-49.94729041285554,0.39583165576770335,69.63288025830397,0.5114136338233948,-1.8729403018951416,-0.9409503936767578,-1.0529732704162598,0.2528926134109497,0.3435311019420624,0.6038037101884499,-1.4745785448917121,-0.9994040946719638,-0.9455693600993121,0.15223371874355565,0.4829404026578527,33.77998352050781,36.609981536865234,38.769981384277344,40.680015563964844,43.129981994628906,40.949981689453125,-0.008972168900072575,-0.8792725801467896,-1.5204660892486572,-0.6501354575157166,-0.1018284410238266,-0.0839245393872261,253,253,253,253,253,253,-0.11347385622957655,-0.3436357244434385,0.2508845489504108,0.09617205543624904,-3.135010051367275,-0.00013599937036012891,-0.11322472070173063,-0.343759728340269,0.25073304269174734,0.09543751510598285,-3.135104244555702,6.70553675919611e-07,4.708086517576091e-8,-0.0000014754358597079561,0.0000019970110088709276,0.000002346971399105828,0.00003379116443745309,0.00001828767795727037,0,0,0,0,0,0,1.26350879329836,-2.4030721620351585,-13.336193485974245,-0.7491940668146357,0.37016637149668924,-0.4505791329670696,7,1,3,1,2,48.19097137451172,48.19097137451172,0.6445291042327881,0,0,0.0040280818939208984,0.0040280818939208984,0.004000000189989805,0.004000000189989805,1,1,0,0,7,0,false,false,100.4000015258789,113,-3,280,55,105,1357,,,,1775568896229,1775568896229,,,,,,,,,,,,,,,
1776085911492,002c2969-c559-4f02-85a2-f2403051e800,0,52.94528369105353,-79.14936955597565,79.81532301796456,-90.85636843489087,-90.49975059794616,319.6391927782567,60.7500042518437,-16.088379108823514,67.54669134397754,-50.3997814704165,0.2334594943690324,70.8810462628052,52.99479612625048,-79.14436464485468,79.8553613233678,-90.90684766129164,-90.49059732119262,319.7136862539946,60.412118751539765,-15.560868667299696,66.15838537622159,-49.94729041285554,0.39583165576770335,69.63288025830397,0.5114136338233948,-1.8729403018951416,-0.9409503936767578,-1.0529732704162598,0.2528926134109497,0.3435311019420624,0.6038037101884499,-1.4745785448917121,-0.9994040946719638,-0.9455693600993121,0.15223371874355565,0.4829404026578527,33.77998352050781,36.609981536865234,38.769981384277344,40.680015563964844,43.129981994628906,40.949981689453125,-0.008972168900072575,-0.8792725801467896,-1.5204660892486572,-0.6501354575157166,-0.1018284410238266,-0.0839245393872261,253,253,253,253,253,253,-0.11347385622957655,-0.3436357244434385,0.2508845489504108,0.09617205543624904,-3.135010051367275,-0.00013599937036012891,-0.11322472070173063,-0.343759728340269,0.25073304269174734,0.09543751510598285,-3.135104244555702,6.70553675919611e-07,4.708086517576091e-8,-0.0000014754358597079561,0.0000019970110088709276,0.000002346971399105828,0.00003379116443745309,0.00001828767795727037,0,0,0,0,0,0,1.26350879329836,-2.4030721620351585,-13.336193485974245,-0.7491940668146357,0.37016637149668924,-0.4505791329670696,7,1,3,1,2,48.19097137451172,48.19097137451172,0.6445291042327881,0,0,0.0040280818939208984,0.0040280818939208984,0.004000000189989805,0.004000000189989805,1,1,0,0,7,0,false,false,100.4000015258789,113,-3,280,55,105,1357,,,,1775568896229,1775568896229,,,,,,,,,,,,,,,
1776085911502,002c2969-c559-4f02-85a2-f2403051e800,0,54.39292521016481,-79.48828354259169,81.3305321834402,-92.01763719757643,-90.47087255813534,321.2953497274447,59.12183058768523,-11.910278968993135,60.049896201539056,-46.13296571100412,0.47653199974718174,67.9655458646394,54.41824789073866,-79.46626167330143,81.34979529835202,-92.06438866419388,-90.4812660287355,321.3525633984637,58.1715899068171,-11.361976330149906,58.51234742546403,-46.550756656142404,0.3815883332398818,66.90294813091504,0.3229980766773224,-1.875183343887329,-1.1270054578781128,-1.2980328798294067,0.07721057534217834,0.38157689571380615,0.2774771636262526,-1.4259621723682225,-1.173566218901361,-0.9521389539105848,0.09940730885615678,0.41526388561216393,33.77998352050781,36.609981536865234,38.769981384277344,40.680015563964844,43.129981994628906,40.949981689453125,-0.008972168900072575,-0.8792725801467896,-1.5204660892486572,-0.6501354575157166,-0.1018284410238266,-0.0839245393872261,253,253,253,253,253,253,-0.10707084756972789,-0.3446991524986283,0.24816290132071267,0.09235060672784379,-3.1355664977848616,4.5006041937104386e-05,-0.1069974106637003,-0.34481384199569104,0.2480006870762818,0.09146534240029035,-3.135391706266135,6.178749159599227e-07,4.708086517576091e-8,-0.0000014754358597079561,0.0000019970110088709276,0.000002346971399105828,0.00003379116443745309,0.00001828767795727037,0,0,0,0,0,0,1.26350879329836,-2.4030721620351585,-13.336193485974245,-0.7491940668146357,0.37016637149668924,-0.4505791329670696,7,1,3,1,2,48.19097137451172,48.19097137451172,0.6445291042327881,0,0,0.0040280818939208984,0.0040280818939208984,0.004000000189989805,0.004000000189989805,1,1,0,0,7,0,false,false,100.4000015258789,113,-3,280,55,105,1357,,,,1775568896229,1775568896229,,,,,,,,,,,,,,,
1776085911512,002c2969-c559-4f02-85a2-f2403051e800,0,54.39292521016481,-79.48828354259169,81.3305321834402,-92.01763719757643,-90.47087255813534,321.2953497274447,59.12183058768523,-11.910278968993135,60.049896201539056,-46.13296571100412,0.47653199974718174,67.9655458646394,54.41824789073866,-79.46626167330143,81.34979529835202,-92.06438866419388,-90.4812660287355,321.3525633984637,58.1715899068171,-11.361976330149906,58.51234742546403,-46.550756656142404,0.3815883332398818,66.90294813091504,0.3229980766773224,-1.875183343887329,-1.1270054578781128,-1.2980328798294067,0.07721057534217834,0.38157689571380615,0.2774771636262526,-1.4259621723682225,-1.173566218901361,-0.9521389539105848,0.09940730885615678,0.41526388561216393,33.77998352050781,36.609981536865234,38.769981384277344,40.680015563964844,43.129981994628906,40.949981689453125,-0.008972168900072575,-0.8792725801467896,-1.5204660892486572,-0.6501354575157166,-0.1018284410238266,-0.0839245393872261,253,253,253,253,253,253,-0.10707084756972789,-0.3446991524986283,0.24816290132071267,0.09235060672784379,-3.1355664977848616,4.5006041937104386e-05,-0.1069974106637003,-0.34481384199569104,0.2480006870762818,0.09146534240029035,-3.135391706266135,6.178749159599227e-07,4.708086517576091e-8,-0.0000014754358597079561,0.0000019970110088709276,0.000002346971399105828,0.00003379116443745309,0.00001828767795727037,0,0,0,0,0,0,1.26350879329836,-2.4030721620351585,-13.336193485974245,-0.7491940668146357,0.37016637149668924,-0.4505791329670696,7,1,3,1,2,48.19097137451172,48.19097137451172,0.6445291042327881,0,0,0.0040280818939208984,0.0040280818939208984,0.004000000189989805,0.004000000189989805,1,1,0,0,7,0,false,false,100.4000015258789,113,-3,280,55,105,1357,,,,1775568896229,1775568896229,,,,,,,,,,,,,,,
1776085911522,002c2969-c559-4f02-85a2-f2403051e800,0,55.30448908698388,-79.65119721467482,82.24473934346805,-92.75275679756656,-90.44680297150022,322.366815162923,57.49914839561945,-9.297729903915965,55.3875749231425,-44.905246037883494,0.972290128234303,65.66391554831768,55.33620826259753,-79.62787450373618,82.24820475949019,-92.79185672112231,-90.47524106646337,322.40761543352784,56.55824008140739,-8.880708439431476,53.84294907098257,-44.395680335125014,0.37144436889420057,64.96334066126337,0.2287903130054474,-1.8235933780670166,-1.0690538883209229,-1.1592776775360107,-0.11189938336610794,0.41738471388816833,0.26715338731658567,-1.4229517699992575,-1.1767870616673193,-0.9498792919617479,0.09542600269670576,0.41057312823181097,33.77998352050781,36.609981536865234,38.769981384277344,40.680015563964844,43.129981994628906,40.949981689453125,-0.008972168900072575,-0.8792725801467896,-1.5204660892486572,-0.6501354575157166,-0.1018284410238266,-0.0839245393872261,253,253,253,253,253,253,-0.10106394626421804,-0.3457108030985294,0.24546715324117296,0.08790860314882502,-3.136182404832511,0.00017902641875776828,-0.10099857612588935,-0.3458292809835143,0.24536857961234693,0.08763836369715089,-3.1356638691543166,5.669406673704636e-07,4.708086517576091e-8,-0.0000014754358597079561,0.0000019970110088709276,0.000002346971399105828,0.00003379116443745309,0.00001828767795727037,0,0,0,0,0,0,1.26350879329836,-2.4030721620351585,-13.336193485974245,-0.7491940668146357,0.37016637149668924,-0.4505791329670696,7,1,3,1,2,48.19097137451172,48.19097137451172,0.6445291042327881,0,0,0.0040280818939208984,0.0040280818939208984,0.004000000189989805,0.004000000189989805,1,1,0,0,7,0,false,false,100.4000015258789,113,-3,280,55,105,1357,,,,1775568896229,1775568896229,,,,,,,,,,,,,,,
1776085911531,002c2969-c559-4f02-85a2-f2403051e800,0,55.30448908698388,-79.65119721467482,82.24473934346805,-92.75275679756656,-90.44680297150022,322.366815162923,57.49914839561945,-9.297729903915965,55.3875749231425,-44.905246037883494,0.972290128234303,65.66391554831768,55.33620826259753,-79.62787450373618,82.24820475949019,-92.79185672112231,-90.47524106646337,322.40761543352784,56.55824008140739,-8.880708439431476,53.84294907098257,-44.395680335125014,0.37144436889420057,64.96334066126337,0.2287903130054474,-1.8235933780670166,-1.0690538883209229,-1.1592776775360107,-0.11189938336610794,0.41738471388816833,0.26715338731658567,-1.4229517699992575,-1.1767870616673193,-0.9498792919617479,0.09542600269670576,0.41057312823181097,33.77998352050781,36.609981536865234,38.769981384277344,40.680015563964844,43.129981994628906,40.949981689453125,-0.008972168900072575,-0.8792725801467896,-1.5204660892486572,-0.6501354575157166,-0.1018284410238266,-0.0839245393872261,253,253,253,253,253,253,-0.10106394626421804,-0.3457108030985294,0.24546715324117296,0.08790860314882502,-3.136182404832511,0.00017902641875776828,-0.10099857612588935,-0.3458292809835143,0.24536857961234693,0.08763836369715089,-3.1356638691543166,5.669406673704636e-07,4.708086517576091e-8,-0.0000014754358597079561,0.0000019970110088709276,0.000002346971399105828,0.00003379116443745309,0.00001828767795727037,0,0,0,0,0,0,1.26350879329836,-2.4030721620351585,-13.336193485974245,-0.7491940668146357,0.37016637149668924,-0.4505791329670696,7,1,3,1,2,48.19097137451172,48.19097137451172,0.6445291042327881,0,0,0.0040280818939208984,0.0040280818939208984,0.004000000189989805,0.004000000189989805,1,1,0,0,7,0,false,false,100.4000015258789,113,-3,280,55,105,1357,,,,1775568896229,1775568896229,,,,,,,,,,,,,,,
1776085911540,002c2969-c559-4f02-85a2-f2403051e800,0,56.62308442701152,-79.83337202021741,83.46048569497364,-93.80170992954045,-90.46193867070097,323.91199519847663,54.376833284480256,-5.9578860743165585,48.526612335824254,-41.772767605259325,-0.29388428364585756,62.23617828315761,56.66298740625272,-79.80068168243513,83.46201325962778,-93.81984362286958,-90.46651841126918,323.9302443767318,53.97568746044278,-5.607203319290147,47.41896848574453,-41.2935189019845,0.3552494652708451,61.89140276049519,0.6078644394874573,-1.7428438663482666,-1.0294028520584106,-1.2029184103012085,0.011189938522875309,0.39724281430244446,0.25171669918915357,-1.421483265759677,-1.1808477795039656,-0.946288665669884,0.08913090497171734,0.4035349307581059,33.77998352050781,36.609981536865234,38.769981384277344,40.680015563964844,43.129981994628906,40.949981689453125,-0.008972168900072575,-0.8792725801467896,-1.5204660892486572,-0.6501354575157166,-0.1018284410238266,-0.0839245393872261,253,253,253,253,253,253,-0.0926114332908022,-0.34714574515133034,0.24178370603262192,0.08157736461757026,-3.1359640793535837,0.0004280490875292383,-0.09242871608057225,-0.3472799244299043,0.24160838378742824,0.08217027815275232,-3.1360445859330093,4.938281969061332e-07,4.708086517576091e-8,-0.0000014754358597079561,0.0000019970110088709276,0.000002346971399105828,0.00003379116443745309,0.00001828767795727037,0,0,0,0,0,0,1.26350879329836,-2.4030721620351585,-13.336193485974245,-0.7491940668146357,0.37016637149668924,-0.4505791329670696,7,1,3,1,2,48.19097137451172,48.19097137451172,0.6445291042327881,0,0,0.0040280818939208984,0.0040280818939208984,0.004000000189989805,0.004000000189989805,1,1,0,0,7,0,false,false,100.4000015258789,113,-3,280,55,105,1357,,,,1775568896229,1775568896229,,,,,,,,,,,,,,,
1776085911549,002c2969-c559-4f02-85a2-f2403051e800,0,56.62308442701152,-79.83337202021741,83.46048569497364,-93.80170992954045,-90.46193867070097,323.91199519847663,54.376833284480256,-5.9578860743165585,48.526612335824254,-41.772767605259325,-0.29388428364585756,62.23617828315761,56.66298740625272,-79.80068168243513,83.46201325962778,-93.81984362286958,-90.46651841126918,323.9302443767318,53.97568746044278,-5.607203319290147,47.41896848574453,-41.2935189019845,0.3552494652708451,61.89140276049519,0.6078644394874573,-1.7428438663482666,-1.0294028520584106,-1.2029184103012085,0.011189938522875309,0.39724281430244446,0.25171669918915357,-1.421483265759677,-1.1808477795039656,-0.946288665669884,0.08913090497171734,0.4035349307581059,33.77998352050781,36.609981536865234,38.769981384277344,40.680015563964844,43.129981994628906,40.949981689453125,-0.008972168900072575,-0.8792725801467896,-1.5204660892486572,-0.6501354575157166,-0.1018284410238266,-0.0839245393872261,253,253,253,253,253,253,-0.0926114332908022,-0.34714574515133034,0.24178370603262192,0.08157736461757026,-3.1359640793535837,0.0004280490875292383,-0.09242871608057225,-0.3472799244299043,0.24160838378742824,0.08217027815275232,-3.1360445859330093,4.938281969061332e-07,4.708086517576091e-8,-0.0000014754358597079561,0.0000019970110088709276,0.000002346971399105828,0.00003379116443745309,0.00001828767795727037,0,0,0,0,0,0,1.26350879329836,-2.4030721620351585,-13.336193485974245,-0.7491940668146357,0.37016637149668924,-0.4505791329670696,7,1,3,1,2,48.19097137451172,48.19097137451172,0.6445291042327881,0,0,0.0040280818939208984,0.0040280818939208984,0.004000000189989805,0.004000000189989805,1,1,0,0,7,0,false,false,100.4000015258789,113,-3,280,55,105,1357,,,,1775568896229,1775568896229,,,,,,,,,,,,,,,
1776085911559,002c2969-c559-4f02-85a2-f2403051e800,0,57.47564571468544,-79.91243829004948,84.1974904271747,-94.45191661776897,-90.4557368589346,324.9039572320159,52.980469410562854,-3.9682617874887764,43.99063248160002,-39.219820478426975,0.520477330145338,60.09933994094078,57.51213704735012,-79.87491269398045,84.18894249323138,-94.46450099154704,-90.46092522147295,324.9034353684058,52.15566388413701,-3.708324410789073,43.49256189057126,-39.2972413835471,0.3438161647642226,59.745116366573725,0.4082336723804474,-1.7047120332717896,-1.1697065830230713,-1.1626346111297607,0.01678490824997425,0.35024508833885193,0.24149990926051818,-1.42235585761327,-1.1830592640738768,-0.9437991412834214,0.0847241138736249,0.39885616328251466,33.77998352050781,36.609981536865234,38.769981384277344,40.680015563964844,43.129981994628906,40.949981689453125,-0.008972168900072575,-0.8792725801467896,-1.5204660892486572,-0.6501354575157166,-0.1018284410238266,-0.0839245393872261,253,253,253,253,253,253,-0.08715309959850621,-0.3480568667090263,0.23938648693190984,0.07769306779095189,-3.136219910411328,0.00044763255612263725,-0.0870010706909181,-0.3481986766814487,0.2392268968763507,0.07870656621678909,-3.136280784347583,4.472904591818932e-07,4.708086517576091e-8,-0.0000014754358597079561,0.0000019970110088709276,0.000002346971399105828,0.00003379116443745309,0.00001828767795727037,0,0,0,0,0,0,1.26350879329836,-2.4030721620351585,-13.336193485974245,-0.7491940668146357,0.37016637149668924,-0.4505791329670696,7,1,3,1,2,48.19097137451172,48.19097137451172,0.6445291042327881,0,0,0.0040280818939208984,0.0040280818939208984,0.004000000189989805,0.004000000189989805,1,1,0,0,7,0,false,false,100.4000015258789,113,-3,280,55,105,1357,,,,1775568896229,1775568896229,,,,,,,,,,,,,,,
1776085911568,002c2969-c559-4f02-85a2-f2403051e800,0,57.47564571468544,-79.91243829004948,84.1974904271747,-94.45191661776897,-90.4557368589346,324.9039572320159,52.980469410562854,-3.9682617874887764,43.99063248160002,-39.219820478426975,0.520477330145338,60.09933994094078,57.51213704735012,-79.87491269398045,84.18894249323138,-94.46450099154704,-90.46092522147295,324.9034353684058,52.15566388413701,-3.708324410789073,43.49256189057126,-39.2972413835471,0.3438161647642226,59.745116366573725,0.4082336723804474,-1.7047120332717896,-1.1697065830230713,-1.1626346111297607,0.01678490824997425,0.35024508833885193,0.24149990926051818,-1.42235585761327,-1.1830592640738768,-0.9437991412834214,0.0847241138736249,0.39885616328251466,33.77998352050781,36.609981536865234,38.769981384277344,40.680015563964844,43.129981994628906,40.949981689453125,-0.008972168900072575,-0.8792725801467896,-1.5204660892486572,-0.6501354575157166,-0.1018284410238266,-0.0839245393872261,253,253,253,253,253,253,-0.08715309959850621,-0.3480568667090263,0.23938648693190984,0.07769306779095189,-3.136219910411328,0.00044763255612263725,-0.0870010706909181,-0.3481986766814487,0.2392268968763507,0.07870656621678909,-3.136280784347583,4.472904591818932e-07,4.708086517576091e-8,-0.0000014754358597079561,0.0000019970110088709276,0.000002346971399105828,0.00003379116443745309,0.00001828767795727037,0,0,0,0,0,0,1.26350879329836,-2.4030721620351585,-13.336193485974245,-0.7491940668146357,0.37016637149668924,-0.4505791329670696,7,1,3,1,2,48.19097137451172,48.19097137451172,0.6445291042327881,0,0,0.0040280818939208984,0.0040280818939208984,0.004000000189989805,0.004000000189989805,1,1,0,0,7,0,false,false,100.4000015258789,113,-3,280,55,105,1357,,,,1775568896229,1775568896229,,,,,,,,,,,,,,,
1776085911578,002c2969-c559-4f02-85a2-f2403051e800,0,58.32199494530923,-79.95713504797804,84.8719852680918,-95.07267153029642,-90.4543708211006,325.8418241673287,51.288576911637335,-2.134643503615728,40.60409833260805,-38.428802610269464,0.1757812548915589,57.623293913973605,58.33159143348082,-79.92049410105044,84.8551807497443,-95.07761031431448,-90.4555188961592,325.8417108355868,50.26489672419064,-2.0243335309783648,39.829737131957266,-37.34881336086112,0.33189508522529915,57.52807792499325,0.3005676567554474,-1.830322504043579,-1.2108826637268066,-1.1111608743667603,0.025736859068274498,0.43416962027549744,0.23136793043717507,-1.4245596302595078,-1.1848973299347374,-0.9412586826957874,0.08015666582910909,0.39419764989548123,33.77998352050781,36.609981536865234,38.769981384277344,40.680015563964844,43.129981994628906,40.949981689453125,-0.008972168900072575,-0.8792725801467896,-1.5204660892486572,-0.6501354575157166,-0.1018284410238266,-0.0839245393872261,253,253,253,253,253,253,-0.08179945544080208,-0.34897127841402525,0.23706827213320797,0.07512011736939891,-3.1363830492668963,0.00035690103772018973,-0.0818019011106973,-0.3490787542130978,0.23694565825216557,0.07538826465992457,-3.136503457337481,4.0252504645548897e-07,4.708086517576091e-8,-0.0000014754358597079561,0.0000019970110088709276,0.000002346971399105828,0.00003379116443745309,0.00001828767795727037,0,0,0,0,0,0,1.26350879329836,-2.4030721620351585,-13.336193485974245,-0.7491940668146357,0.37016637149668924,-0.4505791329670696,7,1,3,1,2,48.19097137451172,48.19097137451172,0.6445291042327881,0,0,0.0040280818939208984,0.0040280818939208984,0.004000000189989805,0.004000000189989805,1,1,0,0,7,0,false,false,100.4000015258789,113,-3,280,55,105,1357,,,,1775568896229,1775568896229,,,,,,,,,,,,,,,
1776085911588,002c2969-c559-4f02-85a2-f2403051e800,0,58.32199494530923,-79.95713504797804,84.8719852680918,-95.07267153029642,-90.4543708211006,325.8418241673287,51.288576911637335,-2.134643503615728,40.60409833260805,-38.428802610269464,0.1757812548915589,57.623293913973605,58.33159143348082,-79.92049410105044,84.8551807497443,-95.07761031431448,-90.4555188961592,325.8417108355868,50.26489672419064,-2.0243335309783648,39.829737131957266,-37.34881336086112,0.33189508522529915,57.52807792499325,0.3005676567554474,-1.830322504043579,-1.2108826637268066,-1.1111608743667603,0.025736859068274498,0.43416962027549744,0.23136793043717507,-1.4245596302595078,-1.1848973299347374,-0.9412586826957874,0.08015666582910909,0.39419764989548123,33.77998352050781,36.609981536865234,38.769981384277344,40.680015563964844,43.129981994628906,40.949981689453125,-0.008972168900072575,-0.8792725801467896,-1.5204660892486572,-0.6501354575157166,-0.1018284410238266,-0.0839245393872261,253,253,253,253,253,253,-0.08179945544080208,-0.34897127841402525,0.23706827213320797,0.07512011736939891,-3.1363830492668963,0.00035690103772018973,-0.0818019011106973,-0.3490787542130978,0.23694565825216557,0.07538826465992457,-3.136503457337481,4.0252504645548897e-07,4.708086517576091e-8,-0.0000014754358597079561,0.0000019970110088709276,0.000002346971399105828,0.00003379116443745309,0.00001828767795727037,0,0,0,0,0,0,1.26350879329836,-2.4030721620351585,-13.336193485974245,-0.7491940668146357,0.37016637149668924,-0.4505791329670696,7,1,3,1,2,48.19097137451172,48.19097137451172,0.6445291042327881,0,0,0.0040280818939208984,0.0040280818939208984,0.004000000189989805,0.004000000189989805,1,1,0,0,7,0,false,false,100.4000015258789,113,-3,280,55,105,1357,,,,1775568896229,1775568896229,,,,,,,,,,,,,,,
1776085911597,002c2969-c559-4f02-85a2-f2403051e800,0,59.50197842632063,-79.97707920035448,85.77520948393429,-95.93259234680103,-90.43991814081684,327.176634376446,47.8311761349119,-0.22521972490905826,35.39383195823639,-34.31442301275342,0.33645631913401813,54.10492003852747,59.50276288754192,-79.94245180391157,85.74960798857701,-95.939652822822,-90.44777632238798,327.18132556595185,47.310467128024825,0.12043039901759627,34.79429985891193,-34.50205283079849,0.31315346247473613,54.084221538041376,0.3656158745288849,-1.6284486055374146,-1.0919294357299805,-1.2275362014770508,-0.07832957059144974,0.3256272077560425,0.2163616310766898,-1.1162677050659346,-1.1870106493148938,-0.9373918545055017,0.07302303235715416,0.3872614076777382,33.77998352050781,36.609981536865234,38.769981384277344,40.680015563964844,43.129981994628906,40.949981689453125,-0.008972168900072575,-0.8792725801467896,-1.5204660892486572,-0.6501354575157166,-0.1018284410238266,-0.0839245393872261,253,253,253,253,253,253,-0.07435074004908958,-0.3502164931327488,0.2337733483709606,0.07079444809417929,-3.136906646882648,0.000155574743098177,-0.07443153904716608,-0.3503263553830337,0.23371176592567544,0.07068357473477352,-3.1368131106583617,3.3871708493586226e-07,4.708086517576091e-8,-0.0000014754358597079561,0.0000019970110088709276,0.000002346971399105828,0.00003379116443745309,0.00001828767795727037,0,0,0,0,0,0,1.26350879329836,-2.4030721620351585,-13.336193485974245,-0.7491940668146357,0.37016637149668924,-0.4505791329670696,7,1,3,1,2,48.19097137451172,48.19097137451172,0.6445291042327881,0,0,0.0040280818939208984,0.0040280818939208984,0.004000000189989805,0.004000000189989805,1,1,0,0,7,0,false,false,100.4000015258789,113,-3,280,55,105,1357,,,,1775568896229,1775568896229,,,,,,,,,,,,,,,
1776085911607,002c2969-c559-4f02-85a2-f2403051e800,0,59.50197842632063,-79.97707920035448,85.77520948393429,-95.93259234680103,-90.43991814081684,327.176634376446,47.8311761349119,-0.22521972490905826,35.39383195823639,-34.31442301275342,0.33645631913401813,54.10492003852747,59.50276288754192,-79.94245180391157,85.74960798857701,-95.939652822822,-90.44777632238798,327.18132556595185,47.310467128024825,0.12043039901759627,34.79429985891193,-34.50205283079849,0.31315346247473613,54.084221538041376,0.3656158745288849,-1.6284486055374146,-1.0919294357299805,-1.2275362014770508,-0.07832957059144974,0.3256272077560425,0.2163616310766898,-1.1162677050659346,-1.1870106493148938,-0.9373918545055017,0.07302303235715416,0.3872614076777382,33.77998352050781,36.609981536865234,38.769981384277344,40.680015563964844,43.129981994628906,40.949981689453125,-0.008972168900072575,-0.8792725801467896,-1.5204660892486572,-0.6501354575157166,-0.1018284410238266,-0.0839245393872261,253,253,253,253,253,253,-0.07435074004908958,-0.3502164931327488,0.2337733483709606,0.07079444809417929,-3.136906646882648,0.000155574743098177,-0.07443153904716608,-0.3503263553830337,0.23371176592567544,0.07068357473477352,-3.1368131106583617,3.3871708493586226e-07,4.708086517576091e-8,-0.0000014754358597079561,0.0000019970110088709276,0.000002346971399105828,0.00003379116443745309,0.00001828767795727037,0,0,0,0,0,0,1.26350879329836,-2.4030721620351585,-13.336193485974245,-0.7491940668146357,0.37016637149668924,-0.4505791329670696,7,1,3,1,2,48.19097137451172,48.19097137451172,0.6445291042327881,0,0,0.0040280818939208984,0.0040280818939208984,0.004000000189989805,0.004000000189989805,1,1,0,0,7,0,false,false,100.4000015258789,113,-3,280,55,105,1357,,,,1775568896229,1775568896229,,,,,,,,,,,,,,,
1776085911616,002c2969-c559-4f02-85a2-f2403051e800,0,60.25226787645736,-79.96126048223672,86.31370159809809,-96.47458151781987,-90.44748599041722,328.02469798455144,45.60095203126807,1.725952197717139,32.29980749063939,-33.066103489096044,0.13732910413338542,52.04086419210629,60.24348490465003,-79.93075787348624,86.2814454343796,-96.47680735944489,-90.4428695305726,328.027817275914,45.27116614155445,1.3104131783630666,31.72175843137805,-32.64758249005281,0.3001281795542134,51.71862151859534,0.4463654160499573,-1.204513669013977,-1.4365887641906738,-1.2219412326812744,-0.02909383922815323,0.31219929456710815,0.20649919378157167,-0.9163679084007075,-1.1880335396162944,-0.9347981823358043,0.06809357477212427,0.3826782223018449,33.77998352050781,36.609981536865234,38.769981384277344,40.680015563964844,43.129981994628906,40.949981689453125,-0.008972168900072575,-0.8792725801467896,-1.5204660892486572,-0.6501354575157166,-0.1018284410238266,-0.0839245393872261,253,253,253,253,253,253,-0.06969122400971109,-0.3509948816816856,0.2316910617063159,0.06805501925250522,-3.136960307652875,-0.0001602712616679807,-0.0698035593091203,-0.35110974606111517,0.23168114815822716,0.06772902990856519,-3.1370039450694343,2.984165849565816e-07,4.708086517576091e-8,-0.0000014754358597079561,0.0000019970110088709276,0.000002346971399105828,0.00003379116443745309,0.00001828767795727037,0,0,0,0,0,0,1.26350879329836,-2.4030721620351585,-13.336193485974245,-0.7491940668146357,0.37016637149668924,-0.4505791329670696,7,1,3,1,2,48.19097137451172,48.19097137451172,0.6445291042327881,0,0,0.0040280818939208984,0.0040280818939208984,0.004000000189989805,0.004000000189989805,1,1,0,0,7,0,false,false,100.4000015258789,113,-3,280,55,105,1357,,,,1775568896229,1775568896229,,,,,,,,,,,,,,,
1776085911626,002c2969-c559-4f02-85a2-f2403051e800,0,60.25226787645736,-79.96126048223672,86.31370159809809,-96.47458151781987,-90.44748599041722,328.02469798455144,45.60095203126807,1.725952197717139,32.29980749063939,-33.066103489096044,0.13732910413338542,52.04086419210629,60.24348490465003,-79.93075787348624,86.2814454343796,-96.47680735944489,-90.4428695305726,328.027817275914,45.27116614155445,1.3104131783630666,31.72175843137805,-32.64758249005281,0.3001281795542134,51.71862151859534,0.4463654160499573,-1.204513669013977,-1.4365887641906738,-1.2219412326812744,-0.02909383922815323,0.31219929456710815,0.20649919378157167,-0.9163679084007075,-1.1880335396162944,-0.9347981823358043,0.06809357477212427,0.3826782223018449,33.77998352050781,36.609981536865234,38.769981384277344,40.680015563964844,43.129981994628906,40.949981689453125,-0.008972168900072575,-0.8792725801467896,-1.5204660892486572,-0.6501354575157166,-0.1018284410238266,-0.0839245393872261,253,253,253,253,253,253,-0.06969122400971109,-0.3509948816816856,0.2316910617063159,0.06805501925250522,-3.136960307652875,-0.0001602712616679807,-0.0698035593091203,-0.35110974606111517,0.23168114815822716,0.06772902990856519,-3.1370039450694343,2.984165849565816e-07,4.708086517576091e-8,-0.0000014754358597079561,0.0000019970110088709276,0.000002346971399105828,0.00003379116443745309,0.00001828767795727037,0,0,0,0,0,0,1.26350879329836,-2.4030721620351585,-13.336193485974245,-0.7491940668146357,0.37016637149668924,-0.4505791329670696,7,1,3,1,2,48.19097137451172,48.19097137451172,0.6445291042327881,0,0,0.0040280818939208984,0.0040280818939208984,0.004000000189989805,0.004000000189989805,1,1,0,0,7,0,false,false,100.4000015258789,113,-3,280,55,105,1357,,,,1775568896229,1775568896229,,,,,,,,,,,,,,,
1776085911633,002c2969-c559-4f02-85a2-f2403051e800,0,60.962020153870064,-79.92825700816722,86.79930072732932,-96.98914064913195,-90.44267753724154,328.8261523817607,43.9211421369843,2.3708495878047517,28.848724638896215,-31.1695887679207,0.0,49.059449053355294,60.95118001984013,-79.90148136908424,86.76583329723303,-96.98453648873878,-90.43817428693004,328.83606120533847,43.18306177751495,2.3198726837240957,28.8609317660728,-30.823324102901502,0.28671543935310556,49.30420640081073,0.2736511528491974,-1.222458004951477,-1.0858293771743774,-1.2364882230758667,0.01678490824997425,0.41178974509239197,0.19675597481260446,-0.9215811048400301,-1.1887854644050115,-0.9322058987987408,0.06303794539991181,0.3781313778647774,33.77998352050781,36.609981536865234,38.769981384277344,40.680015563964844,43.129981994628906,40.949981689453125,-0.008972168900072575,-0.8792725801467896,-1.5204660892486572,-0.6501354575157166,-0.1018284410238266,-0.0839245393872261,253,253,253,253,253,253,-0.06528900420808073,-0.3517563766807637,0.2297425982697344,0.06548702305960441,-3.1371185789645977,-0.00011311010624319686,-0.06540405562062436,-0.35185446197873765,0.2297507787828117,0.0649200720467655,-3.137182781161308,2.599153433756986e-07,4.708086517576091e-8,-0.0000014754358597079561,0.0000019970110088709276,0.000002346971399105828,0.00003379116443745309,0.00001828767795727037,0,0,0,0,0,0,1.26350879329836,-2.4030721620351585,-13.336193485974245,-0.7491940668146357,0.37016637149668924,-0.4505791329670696,7,1,3,1,2,48.19097137451172,48.19097137451172,0.6445291042327881,0,0,0.0040280818939208984,0.0040280818939208984,0.004000000189989805,0.004000000189989805,1,1,0,0,7,0,false,false,100.4000015258789,113,-3,280,55,105,1357,,,,1775568896229,1775568896229,,,,,,,,,,,,,,,
1776085911643,002c2969-c559-4f02-85a2-f2403051e800,0,60.962020153870064,-79.92825700816722,86.79930072732932,-96.98914064913195,-90.44267753724154,328.8261523817607,43.9211421369843,2.3708495878047517,28.848724638896215,-31.1695887679207,0.0,49.059449053355294,60.95118001984013,-79.90148136908424,86.76583329723303,-96.98453648873878,-90.43817428693004,328.83606120533847,43.18306177751495,2.3198726837240957,28.8609317660728,-30.823324102901502,0.28671543935310556,49.30420640081073,0.2736511528491974,-1.222458004951477,-1.0858293771743774,-1.2364882230758667,0.01678490824997425,0.41178974509239197,0.19675597481260446,-0.9215811048400301,-1.1887854644050115,-0.9322058987987408,0.06303794539991181,0.3781313778647774,33.77998352050781,36.609981536865234,38.769981384277344,40.680015563964844,43.129981994628906,40.949981689453125,-0.008972168900072575,-0.8792725801467896,-1.5204660892486572,-0.6501354575157166,-0.1018284410238266,-0.0839245393872261,253,253,253,253,253,253,-0.06528900420808073,-0.3517563766807637,0.2297425982697344,0.06548702305960441,-3.1371185789645977,-0.00011311010624319686,-0.06540405562062436,-0.35185446197873765,0.2297507787828117,0.0649200720467655,-3.137182781161308,2.599153433756986e-07,4.708086517576091e-8,-0.0000014754358597079561,0.0000019970110088709276,0.000002346971399105828,0.00003379116443745309,0.00001828767795727037,0,0,0,0,0,0,1.26350879329836,-2.4030721620351585,-13.336193485974245,-0.7491940668146357,0.37016637149668924,-0.4505791329670696,7,1,3,1,2,48.19097137451172,48.19097137451172,0.6445291042327881,0,0,0.0040280818939208984,0.0040280818939208984,0.004000000189989805,0.004000000189989805,1,1,0,0,7,0,false,false,100.4000015258789,113,-3,280,55,105,1357,,,,1775568896229,1775568896229,,,,,,,,,,,,,,,
1776085911652,002c2969-c559-4f02-85a2-f2403051e800,0,61.986193359535136,-79.86432643753591,87.44562786810928,-97.6997262096234,-90.43923512189984,329.9663021995326,40.42529422542087,3.4398194429149984,25.71212930974982,-28.21563781982232,0.22384645667948902,46.0491968559285,61.94921126752112,-79.83070505237848,87.41057908050722,-97.69194914787668,-90.43154090418479,329.97512612678014,39.97146992635848,3.516829984368227,24.93910515962189,-28.1372551844504,0.26594322923298824,45.60312760953544,0.2601929008960724,-1.092361569404602,-1.2978100776672363,-1.167110562324524,-0.012308932840824127,0.36702999472618103,0.18236625724743524,-0.9309435193705851,-1.1990090559825781,-0.8635157746270575,0.055243072431641956,0.3713827682819694,33.77998352050781,36.609981536865234,38.769981384277344,40.680015563964844,43.129981994628906,40.949981689453125,-0.008972168900072575,-0.8792725801467896,-1.5204660892486572,-0.6501354575157166,-0.1018284410238266,-0.0839245393872261,253,253,253,253,253,253,-0.05896273344983963,-0.35281681433103185,0.22707226948853548,0.0622296739998619,-3.1372306749748917,4.9388640496751606e-05,-0.0592331928039205,-0.35289902065851697,0.22704319050866598,0.06097970576846887,-3.1374293881265767,2.0555331457565226e-07,4.708086517576091e-8,-0.0000014754358597079561,0.0000019970110088709276,0.000002346971399105828,0.00003379116443745309,0.00001828767795727037,0,0,0,0,0,0,1.26350879329836,-2.4030721620351585,-13.336193485974245,-0.7491940668146357,0.37016637149668924,-0.4505791329670696,7,1,3,1,2,48.19097137451172,48.19097137451172,0.6445291042327881,0,0,0.0040280818939208984,0.0040280818939208984,0.004000000189989805,0.004000000189989805,1,1,0,0,7,0,false,false,100.4000015258789,113,-3,280,55,105,1357,,,,1775568896229,1775568896229,,,,,,,,,,,,,,,
1776085911662,002c2969-c559-4f02-85a2-f2403051e800,0,61.986193359535136,-79.86432643753591,87.44562786810928,-97.6997262096234,-90.43923512189984,329.9663021995326,40.42529422542087,3.4398194429149984,25.71212930974982,-28.21563781982232,0.22384645667948902,46.0491968559285,61.94921126752112,-79.83070505237848,87.41057908050722,-97.69194914787668,-90.43154090418479,329.97512612678014,39.97146992635848,3.516829984368227,24.93910515962189,-28.1372551844504,0.26594322923298824,45.60312760953544,0.2601929008960724,-1.092361569404602,-1.2978100776672363,-1.167110562324524,-0.012308932840824127,0.36702999472618103,0.18236625724743524,-0.9309435193705851,-1.1990090559825781,-0.8635157746270575,0.055243072431641956,0.3713827682819694,33.77998352050781,36.609981536865234,38.769981384277344,40.680015563964844,43.129981994628906,40.949981689453125,-0.008972168900072575,-0.8792725801467896,-1.5204660892486572,-0.6501354575157166,-0.1018284410238266,-0.0839245393872261,253,253,253,253,253,253,-0.05896273344983963,-0.35281681433103185,0.22707226948853548,0.0622296739998619,-3.1372306749748917,4.9388640496751606e-05,-0.0592331928039205,-0.35289902065851697,0.22704319050866598,0.06097970576846887,-3.1374293881265767,2.0555331457565226e-07,4.708086517576091e-8,-0.0000014754358597079561,0.0000019970110088709276,0.000002346971399105828,0.00003379116443745309,0.00001828767795727037,0,0,0,0,0,0,1.26350879329836,-2.4030721620351585,-13.336193485974245,-0.7491940668146357,0.37016637149668924,-0.4505791329670696,7,1,3,1,2,48.19097137451172,48.19097137451172,0.6445291042327881,0,0,0.0040280818939208984,0.0040280818939208984,0.004000000189989805,0.004000000189989805,1,1,0,0,7,0,false,false,100.4000015258789,113,-3,280,55,105,1357,,,,1775568896229,1775568896229,,,,,,,,,,,,,,,
1776085911671,002c2969-c559-4f02-85a2-f2403051e800,0,62.610868800646166,-79.80176190473858,87.82612404639237,-98.12937242917388,-90.43508236688449,330.68139568487624,38.21704284033697,4.135253936280065,22.652436788015887,-25.8865364826588,0.11398315736452481,43.6116047939885,62.57130639843887,-79.76942887163905,87.79028537787075,-98.12803106362038,-90.42739930366811,330.6847170947057,37.784882929761054,4.1174556829368045,22.553406195939978,-26.3768066960628,0.2517090726247854,43.090203470723914,0.1435547024011612,-1.029556393623352,-1.1956323385238647,-1.30250883102417,0.03692679852247238,0.303247332572937,0.1729197289979325,-0.9380476061020079,-1.2052131121319816,-0.8576315291455091,0.049922410410696005,0.3669322054735884,33.77998352050781,36.609981536865234,38.769981384277344,40.680015563964844,43.129981994628906,40.949981689453125,-0.008972168900072575,-0.8792725801467896,-1.5204660892486572,-0.6501354575157166,-0.1018284410238266,-0.0839245393872261,253,253,253,253,253,253,-0.05511203725300055,-0.35345012227513156,0.22537136531786034,0.05970753861869149,-3.137454446677571,-0.00015239955119094543,-0.055404879478333634,-0.35354704963462474,0.22536344221799479,0.058534900655872114,-3.1375798946284914,1.7158257573978045e-07,4.708086517576091e-8,-0.0000014754358597079561,0.0000019970110088709276,0.000002346971399105828,0.00003379116443745309,0.00001828767795727037,0,0,0,0,0,0,1.26350879329836,-2.4030721620351585,-13.336193485974245,-0.7491940668146357,0.37016637149668924,-0.4505791329670696,7,1,3,1,2,48.19097137451172,48.19097137451172,0.6445291042327881,0,0,0.0040280818939208984,0.0040280818939208984,0.004000000189989805,0.004000000189989805,1,1,0,0,7,0,false,false,100.4000015258789,113,-3,280,55,105,1357,,,,1775568896229,1775568896229,,,,,,,,,,,,,,,
1776085911681,002c2969-c559-4f02-85a2-f2403051e800,0,62.610868800646166,-79.80176190473858,87.82612404639237,-98.12937242917388,-90.43508236688449,330.68139568487624,38.21704284033697,4.135253936280065,22.652436788015887,-25.8865364826588,0.11398315736452481,43.6116047939885,62.57130639843887,-79.76942887163905,87.79028537787075,-98.12803106362038,-90.42739930366811,330.6847170947057,37.784882929761054,4.1174556829368045,22.553406195939978,-26.3768066960628,0.2517090726247854,43.090203470723914,0.1435547024011612,-1.029556393623352,-1.1956323385238647,-1.30250883102417,0.03692679852247238,0.303247332572937,0.1729197289979325,-0.9380476061020079,-1.2052131121319816,-0.8576315291455091,0.049922410410696005,0.3669322054735884,33.77998352050781,36.609981536865234,38.769981384277344,40.680015563964844,43.129981994628906,40.949981689453125,-0.008972168900072575,-0.8792725801467896,-1.5204660892486572,-0.6501354575157166,-0.1018284410238266,-0.0839245393872261,253,253,253,253,253,253,-0.05511203725300055,-0.35345012227513156,0.22537136531786034,0.05970753861869149,-3.137454446677571,-0.00015239955119094543,-0.055404879478333634,-0.35354704963462474,0.22536344221799479,0.058534900655872114,-3.1375798946284914,1.7158257573978045e-07,4.708086517576091e-8,-0.0000014754358597079561,0.0000019970110088709276,0.000002346971399105828,0.00003379116443745309,0.00001828767795727037,0,0,0,0,0,0,1.26350879329836,-2.4030721620351585,-13.336193485974245,-0.7491940668146357,0.37016637149668924,-0.4505791329670696,7,1,3,1,2,48.19097137451172,48.19097137451172,0.6445291042327881,0,0,0.0040280818939208984,0.0040280818939208984,0.004000000189989805,0.004000000189989805,1,1,0,0,7,0,false,false,100.4000015258789,113,-3,280,55,105,1357,,,,1775568896229,1775568896229,,,,,,,,,,,,,,,
1776085911692,002c2969-c559-4f02-85a2-f2403051e800,0,63.194351370872845,-79.73097382418058,88.1640544857679,-98.53983947753497,-90.43508236688449,331.34783090257275,34.45202741886709,4.150634668517287,20.643311030447247,-24.727478993717025,0.10162353652509667,39.288484370153114,63.14558685016751,-79.70346636026942,88.13025861175501,-98.52955067561814,-90.42356203996579,331.3395886521621,33.81660814684863,4.036320406757092,19.94874958812472,-23.728209347448484,0.22683165926755663,38.56149890677997,0.4620667099952698,-1.114791989326477,-1.1742817163467407,-1.1917284727096558,0.044759754091501236,0.37821993231773376,-0.04264122203699079,-1.006262159202328,-1.263146943641809,-0.8506256846342292,0.008437701737946897,0.31794702030380473,33.77998352050781,36.609981536865234,38.769981384277344,40.680015563964844,43.129981994628906,40.949981689453125,-0.008972168900072575,-0.8792725801467896,-1.5204660892486572,-0.6501354575157166,-0.1018284410238266,-0.0839245393872261,253,253,253,253,253,253,-0.05155205173126745,-0.354068571721855,0.2238149241620887,0.05738727652483082,-3.137483486263494,-4.843631023123796e-05,-0.05187756149574291,-0.35413439568893085,0.22381146925889192,0.05628270649340426,-3.137716648694517,1.4104404503176292e-07,4.708086517576091e-8,-0.0000014754358597079561,0.0000019970110088709276,0.000002346971399105828,0.00003379116443745309,0.00001828767795727037,0,0,0,0,0,0,1.26350879329836,-2.4030721620351585,-13.336193485974245,-0.7491940668146357,0.37016637149668924,-0.4505791329670696,7,1,3,1,2,48.19097137451172,48.19097137451172,0.6445291042327881,0,0,0.0040280818939208984,0.0040280818939208984,0.004000000189989805,0.004000000189989805,1,1,0,0,7,0,false,false,100.4000015258789,113,-3,280,55,105,1357,,,,1775568896229,1775568896229,,,,,,,,,,,,,,,
1776085911701,002c2969-c559-4f02-85a2-f2403051e800,0,63.194351370872845,-79.73097382418058,88.1640544857679,-98.53983947753497,-90.43508236688449,331.34783090257275,34.45202741886709,4.150634668517287,20.643311030447247,-24.727478993717025,0.10162353652509667,39.288484370153114,63.14558685016751,-79.70346636026942,88.13025861175501,-98.52955067561814,-90.42356203996579,331.3395886521621,33.81660814684863,4.036320406757092,19.94874958812472,-23.728209347448484,0.22683165926755663,38.56149890677997,0.4620667099952698,-1.114791989326477,-1.1742817163467407,-1.1917284727096558,0.044759754091501236,0.37821993231773376,-0.04264122203699079,-1.006262159202328,-1.263146943641809,-0.8506256846342292,0.008437701737946897,0.31794702030380473,33.77998352050781,36.609981536865234,38.769981384277344,40.680015563964844,43.129981994628906,40.949981689453125,-0.008972168900072575,-0.8792725801467896,-1.5204660892486572,-0.6501354575157166,-0.1018284410238266,-0.0839245393872261,253,253,253,253,253,253,-0.05155205173126745,-0.354068571721855,0.2238149241620887,0.05738727652483082,-3.137483486263494,-4.843631023123796e-05,-0.05187756149574291,-0.35413439568893085,0.22381146925889192,0.05628270649340426,-3.137716648694517,1.4104404503176292e-07,4.708086517576091e-8,-0.0000014754358597079561,0.0000019970110088709276,0.000002346971399105828,0.00003379116443745309,0.00001828767795727037,0,0,0,0,0,0,1.26350879329836,-2.4030721620351585,-13.336193485974245,-0.7491940668146357,0.37016637149668924,-0.4505791329670696,7,1,3,1,2,48.19097137451172,48.19097137451172,0.6445291042327881,0,0,0.0040280818939208984,0.0040280818939208984,0.004000000189989805,0.004000000189989805,1,1,0,0,7,0,false,false,100.4000015258789,113,-3,280,55,105,1357,,,,1775568896229,1775568896229,,,,,,,,,,,,,,,
1776085911712,002c2969-c559-4f02-85a2-f2403051e800,0,63.9576864823243,-79.63540581731375,88.59678795082324,-99.0709003458818,-90.42065700735742,332.20215096395793,28.453492327478845,3.6727297473860796,16.750031486553695,-19.67239451728806,0.6550598577989453,32.13638496946308,63.88334850625731,-79.612922151928,88.5670768126036,-99.05140074233377,-90.41858237117995,332.1809091167192,27.690139028645937,3.4390483627934203,16.561918433706378,-19.797582124035692,0.18826047295728218,31.58035818350341,0.2489776909351349,-1.1215211153030396,-1.311535358428955,-1.0596871376037598,0.01007094420492649,0.34688809514045715,-0.05060639387236446,-1.0304667592937067,-1.261083258216694,-0.8376695988713024,-0.0030536368446115927,0.310156316830605,33.77998352050781,36.609981536865234,38.769981384277344,40.680015563964844,43.129981994628906,40.949981689453125,-0.008972168900072575,-0.8792725801467896,-1.5204660892486572,-0.6501354575157166,-0.1018284410238266,-0.0839245393872261,253,253,253,253,253,253,-0.04685362753592541,-0.3548393359477666,0.22180245766086307,0.05483699131117789,-3.137733113493247,0.00027709459604154763,-0.047339542544701206,-0.3548424239005804,0.22179377484208246,0.05338766542376828,-3.137889066504448,9.201269559601224e-08,4.708086517576091e-8,-0.0000014754358597079561,0.0000019970110088709276,0.000002346971399105828,0.00003379116443745309,0.00001828767795727037,0,0,0,0,0,0,1.26350879329836,-2.4030721620351585,-13.336193485974245,-0.7491940668146357,0.37016637149668924,-0.4505791329670696,7,1,3,1,2,48.19097137451172,48.19097137451172,0.6445291042327881,0,0,0.0040280818939208984,0.0040280818939208984,0.004000000189989805,0.004000000189989805,1,1,0,0,7,0,false,false,100.4000015258789,113,-3,280,55,105,1357,,,,1775568896229,1775568896229,,,,,,,,,,,,,,,
1776085911721,002c2969-c559-4f02-85a2-f2403051e800,0,63.9576864823243,-79.63540581731375,88.59678795082324,-99.0709003458818,-90.42065700735742,332.20215096395793,28.453492327478845,3.6727297473860796,16.750031486553695,-19.67239451728806,0.6550598577989453,32.13638496946308,63.88334850625731,-79.612922151928,88.5670768126036,-99.05140074233377,-90.41858237117995,332.1809091167192,27.690139028645937,3.4390483627934203,16.561918433706378,-19.797582124035692,0.18826047295728218,31.58035818350341,0.2489776909351349,-1.1215211153030396,-1.311535358428955,-1.0596871376037598,0.01007094420492649,0.34688809514045715,-0.05060639387236446,-1.0304667592937067,-1.261083258216694,-0.8376695988713024,-0.0030536368446115927,0.310156316830605,33.77998352050781,36.609981536865234,38.769981384277344,40.680015563964844,43.129981994628906,40.949981689453125,-0.008972168900072575,-0.8792725801467896,-1.5204660892486572,-0.6501354575157166,-0.1018284410238266,-0.0839245393872261,253,253,253,253,253,253,-0.04685362753592541,-0.3548393359477666,0.22180245766086307,0.05483699131117789,-3.137733113493247,0.00027709459604154763,-0.047339542544701206,-0.3548424239005804,0.22179377484208246,0.05338766542376828,-3.137889066504448,9.201269559601224e-08,4.708086517576091e-8,-0.0000014754358597079561,0.0000019970110088709276,0.000002346971399105828,0.00003379116443745309,0.00001828767795727037,0,0,0,0,0,0,1.26350879329836,-2.4030721620351585,-13.336193485974245,-0.7491940668146357,0.37016637149668924,-0.4505791329670696,7,1,3,1,2,48.19097137451172,48.19097137451172,0.6445291042327881,0,0,0.0040280818939208984,0.0040280818939208984,0.004000000189989805,0.004000000189989805,1,1,0,0,7,0,false,false,100.4000015258789,113,-3,280,55,105,1357,,,,1775568896229,1775568896229,,,,,,,,,,,,,,,
1776085911730,002c2969-c559-4f02-85a2-f2403051e800,0,64.36267571897103,-79.58245819086783,88.8440407987777,-99.36552738591948,-90.41308915775704,332.6718220920447,24.432495076295222,3.2167969044845686,14.96200578260754,-17.25814804193116,0.2389526473285887,27.717133048154352,64.29450685649951,-79.56254613721562,88.8164533939994,-99.34816372426397,-90.41577179097241,332.64989338601595,23.715093190500465,2.8333643394992882,14.649207280784061,-17.31193210531145,0.16311427172693824,27.05506756570706,0.1031799390912056,-1.114791989326477,-1.332885980606079,-1.199561357498169,-0.06154466047883034,0.2540116012096405,-0.061980467732274884,-1.0449216332705393,-1.2593508368935982,-0.8296331814277218,-0.010464603619355348,0.22038545755152086,33.77998352050781,36.609981536865234,38.769981384277344,40.680015563964844,43.129981994628906,40.949981689453125,-0.008972168900072575,-0.8792725801467896,-1.5204660892486572,-0.6501354575157166,-0.1018284410238266,-0.0839245393872261,253,253,253,253,253,253,-0.04434516158603779,-0.3551988300176882,0.2206502246567244,0.05303418813188859,-3.1379273518350117,0.0002728959314666946,-0.0448013363451992,-0.35520148923148137,0.2206489177495195,0.051770409176660176,-3.137983451598009,5.770405500975118e-08,4.708086517576091e-8,-0.0000014754358597079561,0.0000019970110088709276,0.000002346971399105828,0.00003379116443745309,0.00001828767795727037,0,0,0,0,0,0,1.26350879329836,-2.4030721620351585,-13.336193485974245,-0.7491940668146357,0.37016637149668924,-0.4505791329670696,7,1,3,1,2,48.19097137451172,48.19097137451172,0.6445291042327881,0,0,0.0040280818939208984,0.0040280818939208984,0.004000000189989805,0.004000000189989805,1,1,0,0,7,0,false,false,100.4000015258789,113,-3,280,55,105,1357,,,,1775568896229,1775568896229,,,,,,,,,,,,,,,
1776085911735,002c2969-c559-4f02-85a2-f2403051e800,0,64.36267571897103,-79.58245819086783,88.8440407987777,-99.36552738591948,-90.41308915775704,332.6718220920447,24.432495076295222,3.2167969044845686,14.96200578260754,-17.25814804193116,0.2389526473285887,27.717133048154352,64.29450685649951,-79.56254613721562,88.8164533939994,-99.34816372426397,-90.41577179097241,332.64989338601595,23.715093190500465,2.8333643394992882,14.649207280784061,-17.31193210531145,0.16311427172693824,27.05506756570706,0.1031799390912056,-1.114791989326477,-1.332885980606079,-1.199561357498169,-0.06154466047883034,0.2540116012096405,-0.061980467732274884,-1.0449216332705393,-1.2593508368935982,-0.8296331814277218,-0.010464603619355348,0.22038545755152086,33.77998352050781,36.609981536865234,38.769981384277344,40.680015563964844,43.129981994628906,40.949981689453125,-0.008972168900072575,-0.8792725801467896,-1.5204660892486572,-0.6501354575157166,-0.1018284410238266,-0.0839245393872261,253,253,253,253,253,253,-0.04434516158603779,-0.3551988300176882,0.2206502246567244,0.05303418813188859,-3.1379273518350117,0.0002728959314666946,-0.0448013363451992,-0.35520148923148137,0.2206489177495195,0.051770409176660176,-3.137983451598009,5.770405500975118e-08,4.708086517576091e-8,-0.0000014754358597079561,0.0000019970110088709276,0.000002346971399105828,0.00003379116443745309,0.00001828767795727037,0,0,0,0,0,0,1.26350879329836,-2.4030721620351585,-13.336193485974245,-0.7491940668146357,0.37016637149668924,-0.4505791329670696,7,1,3,1,2,48.19097137451172,48.19097137451172,0.6445291042327881,0,0,0.0040280818939208984,0.0040280818939208984,0.004000000189989805,0.004000000189989805,1,1,0,0,7,0,false,false,100.4000015258789,113,-3,280,55,105,1357,,,,1775568896229,1775568896229,,,,,,,,,,,,,,,
1776085911745,002c2969-c559-4f02-85a2-f2403051e800,0,64.36267571897103,-79.58245819086783,88.8440407987777,-99.36552738591948,-90.41308915775704,332.6718220920447,24.432495076295222,3.2167969044845686,14.96200578260754,-17.25814804193116,0.2389526473285887,27.717133048154352,64.29450685649951,-79.56254613721562,88.8164533939994,-99.34816372426397,-90.41577179097241,332.64989338601595,23.715093190500465,2.8333643394992882,14.649207280784061,-17.31193210531145,0.16311427172693824,27.05506756570706,0.1031799390912056,-1.114791989326477,-1.332885980606079,-1.199561357498169,-0.06154466047883034,0.2540116012096405,-0.061980467732274884,-1.0449216332705393,-1.2593508368935982,-0.8296331814277218,-0.010464603619355348,0.22038545755152086,33.77998352050781,36.609981536865234,38.769981384277344,40.680015563964844,43.129981994628906,40.949981689453125,-0.008972168900072575,-0.8792725801467896,-1.5204660892486572,-0.6501354575157166,-0.1018284410238266,-0.0839245393872261,253,253,253,253,253,253,-0.04434516158603779,-0.3551988300176882,0.2206502246567244,0.05303418813188859,-3.1379273518350117,0.0002728959314666946,-0.0448013363451992,-0.35520148923148137,0.2206489177495195,0.051770409176660176,-3.137983451598009,5.770405500975118e-08,4.708086517576091e-8,-0.0000014754358597079561,0.0000019970110088709276,0.000002346971399105828,0.00003379116443745309,0.00001828767795727037,0,0,0,0,0,0,1.26350879329836,-2.4030721620351585,-13.336193485974245,-0.7491940668146357,0.37016637149668924,-0.4505791329670696,7,1,3,1,2,48.19097137451172,48.19097137451172,0.6445291042327881,0,0,0.0040280818939208984,0.0040280818939208984,0.004000000189989805,0.004000000189989805,1,1,0,0,7,0,false,false,100.4000015258789,113,-3,280,55,105,1357,,,,1775568896229,1775568896229,,,,,,,,,,,,,,,
1776085911753,002c2969-c559-4f02-85a2-f2403051e800,0,64.84733911228597,-79.51713426164582,89.16754587862619,-99.74105118648677,-90.42338908302541,333.24023043477314,18.402100567523455,2.02587893094221,12.068481518096263,-14.024048347288247,0.09338379374554899,20.764160982526867,64.79385880285696,-79.50775829104633,89.13782438202621,-99.72077943555051,-90.41229957532522,333.2197894732712,17.929011026491242,1.6912916943076353,12.206952981352954,-13.77295900584702,0.12642481538484496,20.472925224603944,0.5069275498390198,-1.2022706270217896,-1.2185078859329224,-1.167110562324524,-0.014546919614076614,0.34912607073783875,-0.07744130224859933,-1.0638923771694822,-1.256582306433792,-0.8183920182575526,-0.02115457219098878,0.2010776356808728,33.77998352050781,36.609981536865234,38.769981384277344,40.680015563964844,43.129981994628906,40.949981689453125,-0.008972168900072575,-0.8792725801467896,-1.5204660892486572,-0.6501354575157166,-0.1018284410238266,-0.0839245393872261,253,253,253,253,253,253,-0.04136784108887445,-0.35555568562657847,0.21915245780616113,0.050695866364312336,-3.1379068896021005,-0.00013192836263634406,-0.0416973762830768,-0.35557528864588744,0.21922003652581545,0.049796304853873166,-3.1380961758199537,4.968363687119045e-09,4.708086517576091e-8,-0.0000014754358597079561,0.0000019970110088709276,0.000002346971399105828,0.00003379116443745309,0.00001828767795727037,0,0,0,0,0,0,1.26350879329836,-2.4030721620351585,-13.336193485974245,-0.7491940668146357,0.37016637149668924,-0.4505791329670696,7,1,3,1,2,48.19097137451172,48.19097137451172,0.6445291042327881,0,0,0.0040280818939208984,0.0040280818939208984,0.004000000189989805,0.004000000189989805,1,1,0,0,7,0,false,false,100.4000015258789,113,-3,280,55,105,1357,,,,1775568896229,1775568896229,,,,,,,,,,,,,,,
1776085911762,002c2969-c559-4f02-85a2-f2403051e800,0,64.84733911228597,-79.51713426164582,89.16754587862619,-99.74105118648677,-90.42338908302541,333.24023043477314,18.402100567523455,2.02587893094221,12.068481518096263,-14.024048347288247,0.09338379374554899,20.764160982526867,64.79385880285696,-79.50775829104633,89.13782438202621,-99.72077943555051,-90.41229957532522,333.2197894732712,17.929011026491242,1.6912916943076353,12.206952981352954,-13.77295900584702,0.12642481538484496,20.472925224603944,0.5069275498390198,-1.2022706270217896,-1.2185078859329224,-1.167110562324524,-0.014546919614076614,0.34912607073783875,-0.07744130224859933,-1.0638923771694822,-1.256582306433792,-0.8183920182575526,-0.02115457219098878,0.2010776356808728,33.77998352050781,36.609981536865234,38.769981384277344,40.680015563964844,43.129981994628906,40.949981689453125,-0.008972168900072575,-0.8792725801467896,-1.5204660892486572,-0.6501354575157166,-0.1018284410238266,-0.0839245393872261,253,253,253,253,253,253,-0.04136784108887445,-0.35555568562657847,0.21915245780616113,0.050695866364312336,-3.1379068896021005,-0.00013192836263634406,-0.0416973762830768,-0.35557528864588744,0.21922003652581545,0.049796304853873166,-3.1380961758199537,4.968363687119045e-09,4.708086517576091e-8,-0.0000014754358597079561,0.0000019970110088709276,0.000002346971399105828,0.00003379116443745309,0.00001828767795727037,0,0,0,0,0,0,1.26350879329836,-2.4030721620351585,-13.336193485974245,-0.7491940668146357,0.37016637149668924,-0.4505791329670696,7,1,3,1,2,48.19097137451172,48.19097137451172,0.6445291042327881,0,0,0.0040280818939208984,0.0040280818939208984,0.004000000189989805,0.004000000189989805,1,1,0,0,7,0,false,false,100.4000015258789,113,-3,280,55,105,1357,,,,1775568896229,1775568896229,,,,,,,,,,,,,,,
1776085911771,002c2969-c559-4f02-85a2-f2403051e800,0,65.11504837680462,-79.48691750475768,89.34819072179468,-99.94735022017784,-90.42338908302541,333.5309506066056,14.989746595921547,0.8635253954782267,11.053619567817211,-11.933899470690331,0.06591796891680794,16.736297683680093,65.05075086670259,-79.48760477619054,89.32179859810671,-99.92312893128783,-90.41046691014202,333.51327918720875,14.194482079609898,0.8147480613549091,10.815347932067722,-11.532872853113211,0.10273518377875766,16.227227905992134,0.2018737941980362,-1.2875062227249146,-1.2718843221664429,-1.1122798919677734,0.02014188840985298,0.34017413854599,-0.08674887230276795,-1.0746573872145229,-1.2547950023246774,-0.8113922393543561,-0.027973032718409594,0.1891360571979826,33.77998352050781,36.609981536865234,38.769981384277344,40.680015563964844,43.129981994628906,40.949981689453125,-0.008972168900072575,-0.8792725801467896,-1.5204660892486572,-0.6501354575157166,-0.1018284410238266,-0.0839245393872261,253,253,253,253,253,253,-0.039701435341754604,-0.3557299911864412,0.21834866270668601,0.050042247460502606,-3.1379507087467355,-0.00022017951423731406,-0.04008100908988269,-0.3557173242386121,0.21845271615143874,0.048771271918119606,-3.138153123255039,-3.037137929080667e-08,4.708086517576091e-8,-0.0000014754358597079561,0.0000019970110088709276,0.000002346971399105828,0.00003379116443745309,0.00001828767795727037,0,0,0,0,0,0,1.26350879329836,-2.4030721620351585,-13.336193485974245,-0.7491940668146357,0.37016637149668924,-0.4505791329670696,7,1,3,1,2,48.19097137451172,48.19097137451172,0.6445291042327881,0,0,0.0040280818939208984,0.0040280818939208984,0.004000000189989805,0.004000000189989805,1,1,0,0,7,0,false,false,100.4000015258789,113,-3,280,55,105,1357,,,,1775568896229,1775568896229,,,,,,,,,,,,,,,
1776085911781,002c2969-c559-4f02-85a2-f2403051e800,0,65.11504837680462,-79.48691750475768,89.34819072179468,-99.94735022017784,-90.42338908302541,333.5309506066056,14.989746595921547,0.8635253954782267,11.053619567817211,-11.933899470690331,0.06591796891680794,16.736297683680093,65.05075086670259,-79.48760477619054,89.32179859810671,-99.92312893128783,-90.41046691014202,333.51327918720875,14.194482079609898,0.8147480613549091,10.815347932067722,-11.532872853113211,0.10273518377875766,16.227227905992134,0.2018737941980362,-1.2875062227249146,-1.2718843221664429,-1.1122798919677734,0.02014188840985298,0.34017413854599,-0.08674887230276795,-1.0746573872145229,-1.2547950023246774,-0.8113922393543561,-0.027973032718409594,0.1891360571979826,33.77998352050781,36.609981536865234,38.769981384277344,40.680015563964844,43.129981994628906,40.949981689453125,-0.008972168900072575,-0.8792725801467896,-1.5204660892486572,-0.6501354575157166,-0.1018284410238266,-0.0839245393872261,253,253,253,253,253,253,-0.039701435341754604,-0.3557299911864412,0.21834866270668601,0.050042247460502606,-3.1379507087467355,-0.00022017951423731406,-0.04008100908988269,-0.3557173242386121,0.21845271615143874,0.048771271918119606,-3.138153123255039,-3.037137929080667e-08,4.708086517576091e-8,-0.0000014754358597079561,0.0000019970110088709276,0.000002346971399105828,0.00003379116443745309,0.00001828767795727037,0,0,0,0,0,0,1.26350879329836,-2.4030721620351585,-13.336193485974245,-0.7491940668146357,0.37016637149668924,-0.4505791329670696,7,1,3,1,2,48.19097137451172,48.19097137451172,0.6445291042327881,0,0,0.0040280818939208984,0.0040280818939208984,0.004000000189989805,0.004000000189989805,1,1,0,0,7,0,false,false,100.4000015258789,113,-3,280,55,105,1357,,,,1775568896229,1775568896229,,,,,,,,,,,,,,,
1776085911791,002c2969-c559-4f02-85a2-f2403051e800,0,65.3271735618577,-79.480743013748,89.50755269550942,-100.11657498705408,-90.41789761093273,333.76407862335645,11.204956069257182,0.22521972490905826,9.80667120463571,-9.306793564944572,0.05218505983749072,12.924042112589461,65.2486977542995,-79.48201047037915,89.48477915473099,-100.09036242067522,-90.40900797020224,333.7397700752667,10.561216484780775,-0.124732855090923,9.578083021704522,-9.382707027813034,0.07971625724519185,12.09842439801398,0.008972168900072575,-1.3862000703811646,-1.3267858028411865,-1.1245888471603394,0.025736859068274498,0.19246694445610046,-0.09530191148058544,-1.3984744287800455,-1.2531657911183416,-0.8047527878948773,-0.034529470947088615,0.1779026968234998,33.77998352050781,36.609981536865234,38.769981384277344,40.680015563964844,43.129981994628906,40.949981689453125,-0.008972168900072575,-0.8792725801467896,-1.5204660892486572,-0.6501354575157166,-0.1018284410238266,-0.0839245393872261,253,253,253,253,253,253,-0.038344516310791374,-0.3558152834524247,0.2177421656434408,0.04944853952489736,-3.1380165931720176,-4.64028372969394e-05,-0.03881422568775331,-0.35577578992548936,0.21782800748504832,0.04797093939520736,-3.138196253926853,-6.533931747550361e-08,4.708086517576091e-8,-0.0000014754358597079561,0.0000019970110088709276,0.000002346971399105828,0.00003379116443745309,0.00001828767795727037,0,0,0,0,0,0,1.26350879329836,-2.4030721620351585,-13.336193485974245,-0.7491940668146357,0.37016637149668924,-0.4505791329670696,7,1,3,1,2,48.19097137451172,48.19097137451172,0.6445291042327881,0,0,0.0040280818939208984,0.0040280818939208984,0.004000000189989805,0.004000000189989805,1,1,0,0,7,0,false,false,100.4000015258789,113,-3,280,55,105,1357,,,,1775568896229,1775568896229,,,,,,,,,,,,,,,
1776085911800,002c2969-c559-4f02-85a2-f2403051e800,0,65.3271735618577,-79.480743013748,89.50755269550942,-100.11657498705408,-90.41789761093273,333.76407862335645,11.204956069257182,0.22521972490905826,9.80667120463571,-9.306793564944572,0.05218505983749072,12.924042112589461,65.2486977542995,-79.48201047037915,89.48477915473099,-100.09036242067522,-90.40900797020224,333.7397700752667,10.561216484780775,-0.124732855090923,9.578083021704522,-9.382707027813034,0.07971625724519185,12.09842439801398,0.008972168900072575,-1.3862000703811646,-1.3267858028411865,-1.1245888471603394,0.025736859068274498,0.19246694445610046,-0.09530191148058544,-1.3984744287800455,-1.2531657911183416,-0.8047527878948773,-0.034529470947088615,0.1779026968234998,33.77998352050781,36.609981536865234,38.769981384277344,40.680015563964844,43.129981994628906,40.949981689453125,-0.008972168900072575,-0.8792725801467896,-1.5204660892486572,-0.6501354575157166,-0.1018284410238266,-0.0839245393872261,253,253,253,253,253,253,-0.038344516310791374,-0.3558152834524247,0.2177421656434408,0.04944853952489736,-3.1380165931720176,-4.64028372969394e-05,-0.03881422568775331,-0.35577578992548936,0.21782800748504832,0.04797093939520736,-3.138196253926853,-6.533931747550361e-08,4.708086517576091e-8,-0.0000014754358597079561,0.0000019970110088709276,0.000002346971399105828,0.00003379116443745309,0.00001828767795727037,0,0,0,0,0,0,1.26350879329836,-2.4030721620351585,-13.336193485974245,-0.7491940668146357,0.37016637149668924,-0.4505791329670696,7,1,3,1,2,48.19097137451172,48.19097137451172,0.6445291042327881,0,0,0.0040280818939208984,0.0040280818939208984,0.004000000189989805,0.004000000189989805,1,1,0,0,7,0,false,false,100.4000015258789,113,-3,280,55,105,1357,,,,1775568896229,1775568896229,,,,,,,,,,,,,,,
1776085911809,002c2969-c559-4f02-85a2-f2403051e800,0,65.51390410357668,-79.49994950569406,89.71084644596567,-100.30913168013507,-90.41240613884004,333.9896661112636,5.437134095861392,-1.2634277953797428,8.316650923045442,-6.345977849843506,0.21148682916995426,6.416015890253287,65.43867982241642,-79.5026273626746,89.69469386010175,-100.27841991958157,-90.40749596777238,333.95801460418613,5.304936159231811,-1.6035119101602942,7.953027832592105,-6.3164098569353815,0.04652819091773413,6.128142933160866,0.1300964504480362,-1.5835877656936646,-1.3588117361068726,-1.0227603912353516,-0.05706868693232536,0.22715574502944946,-0.10678416469269171,-1.6118002096336421,-1.251179830276329,-0.795411153791198,-0.04384961335696121,0.1623168374797594,33.77998352050781,36.609981536865234,38.769981384277344,40.680015563964844,43.129981994628906,40.949981689453125,-0.008972168900072575,-0.8792725801467896,-1.5204660892486572,-0.6501354575157166,-0.1018284410238266,-0.0839245393872261,253,253,253,253,253,253,-0.03710074018051277,-0.3557798876474957,0.21709450780730377,0.04836304414408312,-3.138052638205867,0.00024184396921217275,-0.037545580806650346,-0.3557108472267571,0.21714783776370394,0.047176495905907494,-3.1382362860071717,-1.1616759864313029e-07,4.708086517576091e-8,-0.0000014754358597079561,0.0000019970110088709276,0.000002346971399105828,0.00003379116443745309,0.00001828767795727037,0,0,0,0,0,0,1.26350879329836,-2.4030721620351585,-13.336193485974245,-0.7491940668146357,0.37016637149668924,-0.4505791329670696,7,1,3,1,2,48.19097137451172,48.19097137451172,0.6445291042327881,0,0,0.0040280818939208984,0.0040280818939208984,0.004000000189989805,0.004000000189989805,1,1,0,0,7,0,false,false,100.4000015258789,113,-3,280,55,105,1357,,,,1775568896229,1775568896229,,,,,,,,,,,,,,,
1776085911819,002c2969-c559-4f02-85a2-f2403051e800,0,65.51390410357668,-79.49994950569406,89.71084644596567,-100.30913168013507,-90.41240613884004,333.9896661112636,5.437134095861392,-1.2634277953797428,8.316650923045442,-6.345977849843506,0.21148682916995426,6.416015890253287,65.43867982241642,-79.5026273626746,89.69469386010175,-100.27841991958157,-90.40749596777238,333.95801460418613,5.304936159231811,-1.6035119101602942,7.953027832592105,-6.3164098569353815,0.04652819091773413,6.128142933160866,0.1300964504480362,-1.5835877656936646,-1.3588117361068726,-1.0227603912353516,-0.05706868693232536,0.22715574502944946,-0.10678416469269171,-1.6118002096336421,-1.251179830276329,-0.795411153791198,-0.04384961335696121,0.1623168374797594,33.77998352050781,36.609981536865234,38.769981384277344,40.680015563964844,43.129981994628906,40.949981689453125,-0.008972168900072575,-0.8792725801467896,-1.5204660892486572,-0.6501354575157166,-0.1018284410238266,-0.0839245393872261,253,253,253,253,253,253,-0.03710074018051277,-0.3557798876474957,0.21709450780730377,0.04836304414408312,-3.138052638205867,0.00024184396921217275,-0.037545580806650346,-0.3557108472267571,0.21714783776370394,0.047176495905907494,-3.1382362860071717,-1.1616759864313029e-07,4.708086517576091e-8,-0.0000014754358597079561,0.0000019970110088709276,0.000002346971399105828,0.00003379116443745309,0.00001828767795727037,0,0,0,0,0,0,1.26350879329836,-2.4030721620351585,-13.336193485974245,-0.7491940668146357,0.37016637149668924,-0.4505791329670696,7,1,3,1,2,48.19097137451172,48.19097137451172,0.6445291042327881,0,0,0.0040280818939208984,0.0040280818939208984,0.004000000189989805,0.004000000189989805,1,1,0,0,7,0,false,false,100.4000015258789,113,-3,280,55,105,1357,,,,1775568896229,1775568896229,,,,,,,,,,,,,,,
1776085911828,002c2969-c559-4f02-85a2-f2403051e800,0,65.51390410357668,-79.49994950569406,89.71084644596567,-100.30913168013507,-90.41240613884004,333.9896661112636,5.437134095861392,-1.2634277953797428,8.316650923045442,-6.345977849843506,0.21148682916995426,6.416015890253287,65.43867982241642,-79.5026273626746,89.69469386010175,-100.27841991958157,-90.40749596777238,333.95801460418613,5.304936159231811,-1.6035119101602942,7.953027832592105,-6.3164098569353815,0.04652819091773413,6.128142933160866,0.1300964504480362,-1.5835877656936646,-1.3588117361068726,-1.0227603912353516,-0.05706868693232536,0.22715574502944946,-0.10678416469269171,-1.6118002096336421,-1.251179830276329,-0.795411153791198,-0.04384961335696121,0.1623168374797594,33.77998352050781,36.609981536865234,38.769981384277344,40.680015563964844,43.129981994628906,40.949981689453125,-0.008972168900072575,-0.8792725801467896,-1.5204660892486572,-0.6501354575157166,-0.1018284410238266,-0.0839245393872261,253,253,253,253,253,253,-0.03710074018051277,-0.3557798876474957,0.21709450780730377,0.04836304414408312,-3.138052638205867,0.00024184396921217275,-0.037545580806650346,-0.3557108472267571,0.21714783776370394,0.047176495905907494,-3.1382362860071717,-1.1616759864313029e-07,4.708086517576091e-8,-0.0000014754358597079561,0.0000019970110088709276,0.000002346971399105828,0.00003379116443745309,0.00001828767795727037,0,0,0,0,0,0,1.26350879329836,-2.4030721620351585,-13.336193485974245,-0.7491940668146357,0.37016637149668924,-0.4505791329670696,7,1,3,1,2,48.19097137451172,48.19097137451172,0.6445291042327881,0,0,0.0040280818939208984,0.0040280818939208984,0.004000000189989805,0.004000000189989805,1,1,0,0,7,0,false,false,100.4000015258789,113,-3,280,55,105,1357,,,,1775568896229,1775568896229,,,,,,,,,,,,,,,
1776085911837,002c2969-c559-4f02-85a2-f2403051e800,0,65.57497282494577,-79.552214113223,89.88253008094311,-100.42770376412649,-90.41789761093273,334.0740052871349,0.4515380964182837,-2.8388671697821306,6.731872865778649,-3.131103643610296,0.1483154367329245,1.0121154671807664,65.50641540724494,-79.55893185554815,89.86873373108364,-100.39578035823993,-90.40675306137481,334.037447947661,0.5547714826152151,-3.050893196432824,6.6605830324493,-3.610019740922094,0.016838469671704548,0.7364782012739876,-0.1121521145105362,-1.7473299503326416,-1.4686146974563599,-1.0115704536437988,-0.038045790046453476,0.16225410997867584,-0.06579179746464328,-1.6052459341925605,-1.228473750824229,-0.786716789199907,-0.04285603706297191,0.16073428961116912,33.77998352050781,36.609981536865234,38.769981384277344,40.680015563964844,43.129981994628906,40.949981689453125,-0.008972168900072575,-0.8792725801467896,-1.5204660892486572,-0.6501354575157166,-0.1018284410238266,-0.0839245393872261,253,253,253,253,253,253,-0.03661184952711417,-0.35554061210358506,0.21669547716909918,0.04771203358197793,-3.137975261433932,0.00015828172773378274,-0.03699540724710726,-0.3554693993155978,0.21675866788648676,0.0468441992478633,-3.138248477568493,-1.6389520375259014e-07,4.708086517576091e-8,-0.0000014754358597079561,0.0000019970110088709276,0.000002346971399105828,0.00003379116443745309,0.00001828767795727037,0,0,0,0,0,0,1.26350879329836,-2.4030721620351585,-13.336193485974245,-0.7491940668146357,0.37016637149668924,-0.4505791329670696,7,1,3,1,2,48.19097137451172,48.19097137451172,0.6445291042327881,0,0,0.0040280818939208984,0.0040280818939208984,0.004000000189989805,0.004000000189989805,1,1,0,0,7,0,false,false,100.4000015258789,113,-3,280,55,105,1357,,,,1775568896229,1775568896229,,,,,,,,,,,,,,,
1776085911847,002c2969-c559-4f02-85a2-f2403051e800,0,65.57497282494577,-79.552214113223,89.88253008094311,-100.42770376412649,-90.41789761093273,334.0740052871349,0.4515380964182837,-2.8388671697821306,6.731872865778649,-3.131103643610296,0.1483154367329245,1.0121154671807664,65.50641540724494,-79.55893185554815,89.86873373108364,-100.39578035823993,-90.40675306137481,334.037447947661,0.5547714826152151,-3.050893196432824,6.6605830324493,-3.610019740922094,0.016838469671704548,0.7364782012739876,-0.1121521145105362,-1.7473299503326416,-1.4686146974563599,-1.0115704536437988,-0.038045790046453476,0.16225410997867584,-0.06579179746464328,-1.6052459341925605,-1.228473750824229,-0.786716789199907,-0.04285603706297191,0.16073428961116912,33.77998352050781,36.609981536865234,38.769981384277344,40.680015563964844,43.129981994628906,40.949981689453125,-0.008972168900072575,-0.8792725801467896,-1.5204660892486572,-0.6501354575157166,-0.1018284410238266,-0.0839245393872261,253,253,253,253,253,253,-0.03661184952711417,-0.35554061210358506,0.21669547716909918,0.04771203358197793,-3.137975261433932,0.00015828172773378274,-0.03699540724710726,-0.3554693993155978,0.21675866788648676,0.0468441992478633,-3.138248477568493,-1.6389520375259014e-07,4.708086517576091e-8,-0.0000014754358597079561,0.0000019970110088709276,0.000002346971399105828,0.00003379116443745309,0.00001828767795727037,0,0,0,0,0,0,1.26350879329836,-2.4030721620351585,-13.336193485974245,-0.7491940668146357,0.37016637149668924,-0.4505791329670696,7,1,3,1,2,48.19097137451172,48.19097137451172,0.6445291042327881,0,0,0.0040280818939208984,0.0040280818939208984,0.004000000189989805,0.004000000189989805,1,1,0,0,7,0,false,false,100.4000015258789,113,-3,280,55,105,1357,,,,1775568896229,1775568896229,,,,,,,,,,,,,,,
1776085911857,002c2969-c559-4f02-85a2-f2403051e800,0,65.54065795455563,-79.63745487406476,90.02951575188179,-100.47567901285666,-90.41653157309872,334.0287347933161,-3.3354492431987377,-4.19238291915852,5.896911694935386,-1.06018068230891,0.07827758975623608,-4.04708857381307,65.47160849383826,-79.64790828568908,90.01756036896397,-100.45597739633244,-90.40664444454077,334.00055119919193,-3.4575920986601045,-4.36409343332042,5.740615050437173,-1.4051309518883521,-0.007768918855737143,-3.813453584267087,-0.3028106987476349,-1.7002259492874146,-1.4808149337768555,-1.0384262800216675,-0.031331829726696014,-0.07721057534217834,-0.5141133948117738,-1.609778950740125,-1.229417932882695,-0.7802220215647437,-0.05046372949737014,-0.284217216717114,33.77998352050781,36.609981536865234,38.769981384277344,40.680015563964844,43.129981994628906,40.949981689453125,-0.008972168900072575,-0.8792725801467896,-1.5204660892486572,-0.6501354575157166,-0.1018284410238266,-0.0839245393872261,253,253,253,253,253,253,-0.036645301179821885,-0.35512705451734217,0.21651325244613912,0.04801089685968642,-3.1380848923535485,-0.00017777009612824507,-0.0370421880109793,-0.3550720162670057,0.21660717986882894,0.04689642783561747,-3.1382374357771163,-2.086105097695786e-07,4.708086517576091e-8,-0.0000014754358597079561,0.0000019970110088709276,0.000002346971399105828,0.00003379116443745309,0.00001828767795727037,0,0,0,0,0,0,1.26350879329836,-2.4030721620351585,-13.336193485974245,-0.7491940668146357,0.37016637149668924,-0.4505791329670696,7,1,3,1,2,48.19097137451172,48.19097137451172,0.6445291042327881,0,0,0.0040280818939208984,0.0040280818939208984,0.004000000189989805,0.004000000189989805,1,1,0,0,7,0,false,false,100.4000015258789,113,-3,280,55,105,1357,,,,1775568896229,1775568896229,,,,,,,,,,,,,,,
1776085911867,002c2969-c559-4f02-85a2-f2403051e800,0,65.54065795455563,-79.63745487406476,90.02951575188179,-100.47567901285666,-90.41653157309872,334.0287347933161,-3.3354492431987377,-4.19238291915852,5.896911694935386,-1.06018068230891,0.07827758975623608,-4.04708857381307,65.47160849383826,-79.64790828568908,90.01756036896397,-100.45597739633244,-90.40664444454077,334.00055119919193,-3.4575920986601045,-4.36409343332042,5.740615050437173,-1.4051309518883521,-0.007768918855737143,-3.813453584267087,-0.3028106987476349,-1.7002259492874146,-1.4808149337768555,-1.0384262800216675,-0.031331829726696014,-0.07721057534217834,-0.5141133948117738,-1.609778950740125,-1.229417932882695,-0.7802220215647437,-0.05046372949737014,-0.284217216717114,33.77998352050781,36.609981536865234,38.769981384277344,40.680015563964844,43.129981994628906,40.949981689453125,-0.008972168900072575,-0.8792725801467896,-1.5204660892486572,-0.6501354575157166,-0.1018284410238266,-0.0839245393872261,253,253,253,253,253,253,-0.036645301179821885,-0.35512705451734217,0.21651325244613912,0.04801089685968642,-3.1380848923535485,-0.00017777009612824507,-0.0370421880109793,-0.3550720162670057,0.21660717986882894,0.04689642783561747,-3.1382374357771163,-2.086105097695786e-07,4.708086517576091e-8,-0.0000014754358597079561,0.0000019970110088709276,0.000002346971399105828,0.00003379116443745309,0.00001828767795727037,0,0,0,0,0,0,1.26350879329836,-2.4030721620351585,-13.336193485974245,-0.7491940668146357,0.37016637149668924,-0.4505791329670696,7,1,3,1,2,48.19097137451172,48.19097137451172,0.6445291042327881,0,0,0.0040280818939208984,0.0040280818939208984,0.004000000189989805,0.004000000189989805,1,1,0,0,7,0,false,false,100.4000015258789,113,-3,280,55,105,1357,,,,1775568896229,1775568896229,,,,,,,,,,,,,,,
1776085911877,002c2969-c559-4f02-85a2-f2403051e800,0,65.46308749615179,-79.71034665288714,90.11470187121019,-100.48663463628536,-90.41584855418172,333.9443956174448,-5.956787267633833,-5.037231642599023,5.317382950464498,-0.8390808421298386,0.05767822613726026,-6.5835574423859375,65.39483573559346,-79.72470651275067,90.10443346208295,-100.46666208971392,-90.40689949104996,333.9152175810164,-6.140004457173231,-5.233711974712853,5.115466082602506,0.07058824254304288,-0.02409969461838818,-6.854251448503425,-0.3050537407398224,-1.6822816133499146,-1.3572866916656494,-0.9701676964759827,-0.03580780327320099,-0.22267977893352509,-0.5278699114693464,-1.6129198453600937,-1.2328288051237828,-0.5346020457943556,-0.056500136878872134,-0.2945307385097578,33.77998352050781,36.609981536865234,38.769981384277344,40.680015563964844,43.129981994628906,40.949981689453125,-0.008972168900072575,-0.8792725801467896,-1.5204660892486572,-0.6501354575157166,-0.1018284410238266,-0.0839245393872261,253,253,253,253,253,253,-0.036994142775043704,-0.3547892311074445,0.216520955482995,0.04819693228800614,-3.1380958302841626,-0.0002152142192284811,-0.037383477820902296,-0.35472410817023536,0.21662878301625987,0.047131110206954444,-3.1382179549702487,-2.364530992017049e-07,4.708086517576091e-8,-0.0000014754358597079561,0.0000019970110088709276,0.000002346971399105828,0.00003379116443745309,0.00001828767795727037,0,0,0,0,0,0,1.26350879329836,-2.4030721620351585,-13.336193485974245,-0.7491940668146357,0.37016637149668924,-0.4505791329670696,7,1,3,1,2,48.19097137451172,48.19097137451172,0.6445291042327881,0,0,0.0040280818939208984,0.0040280818939208984,0.004000000189989805,0.004000000189989805,1,1,0,0,7,0,false,false,100.4000015258789,113,-3,280,55,105,1357,,,,1775568896229,1775568896229,,,,,,,,,,,,,,,
1776085911888,002c2969-c559-4f02-85a2-f2403051e800,0,65.34226144973427,-79.80176190473858,90.19024376343053,-100.47155357859798,-90.41584855418172,333.816889646019,-8.566039912662825,-5.752441668045392,4.3107607696454195,2.337341320066904,0.046691896872774495,-9.435883286484167,65.27509635716729,-79.81530264680596,90.18113138694892,-100.45368056483491,-90.40741519667685,333.7811831258235,-8.82840888789129,-6.087183258050384,4.466697565524491,1.5535019796416714,-0.04034783213785261,-9.901047583796306,-0.3925323784351349,-1.6194764375686646,-1.2673091888427734,-0.6221605539321899,-0.03692679852247238,-0.36479198932647705,-0.5417662299240108,-1.6150130425552813,-1.236792257781279,-0.3362127948188525,-0.06250147105499802,-0.30497517333144536,33.77998352050781,36.609981536865234,38.769981384277344,40.680015563964844,43.129981994628906,40.949981689453125,-0.008972168900072575,-0.8792725801467896,-1.5204660892486572,-0.6501354575157166,-0.1018284410238266,-0.0839245393872261,253,253,253,253,253,253,-0.03758864157868205,-0.3543732056227158,0.21664838001910403,0.04838335819427986,-3.1380790222087374,-0.00021241761936878384,-0.0379728497683309,-0.3543098111764184,0.21674846229557307,0.0475256782281692,-3.138188740219945,-2.6222980741548626e-07,4.708086517576091e-8,-0.0000014754358597079561,0.0000019970110088709276,0.000002346971399105828,0.00003379116443745309,0.00001828767795727037,0,0,0,0,0,0,1.26350879329836,-2.4030721620351585,-13.336193485974245,-0.7491940668146357,0.37016637149668924,-0.4505791329670696,7,1,3,1,2,48.19097137451172,48.19097137451172,0.6445291042327881,0,0,0.0040280818939208984,0.0040280818939208984,0.004000000189989805,0.004000000189989805,1,1,0,0,7,0,false,false,100.4000015258789,113,-3,280,55,105,1357,,,,1775568896229,1775568896229,,,,,,,,,,,,,,,
1776085911897,002c2969-c559-4f02-85a2-f2403051e800,0,65.34226144973427,-79.80176190473858,90.19024376343053,-100.47155357859798,-90.41584855418172,333.816889646019,-8.566039912662825,-5.752441668045392,4.3107607696454195,2.337341320066904,0.046691896872774495,-9.435883286484167,65.27509635716729,-79.81530264680596,90.18113138694892,-100.45368056483491,-90.40741519667685,333.7811831258235,-8.82840888789129,-6.087183258050384,4.466697565524491,1.5535019796416714,-0.04034783213785261,-9.901047583796306,-0.3925323784351349,-1.6194764375686646,-1.2673091888427734,-0.6221605539321899,-0.03692679852247238,-0.36479198932647705,-0.5417662299240108,-1.6150130425552813,-1.236792257781279,-0.3362127948188525,-0.06250147105499802,-0.30497517333144536,33.77998352050781,36.609981536865234,38.769981384277344,40.680015563964844,43.129981994628906,40.949981689453125,-0.008972168900072575,-0.8792725801467896,-1.5204660892486572,-0.6501354575157166,-0.1018284410238266,-0.0839245393872261,253,253,253,253,253,253,-0.03758864157868205,-0.3543732056227158,0.21664838001910403,0.04838335819427986,-3.1380790222087374,-0.00021241761936878384,-0.0379728497683309,-0.3543098111764184,0.21674846229557307,0.0475256782281692,-3.138188740219945,-2.6222980741548626e-07,4.708086517576091e-8,-0.0000014754358597079561,0.0000019970110088709276,0.000002346971399105828,0.00003379116443745309,0.00001828767795727037,0,0,0,0,0,0,1.26350879329836,-2.4030721620351585,-13.336193485974245,-0.7491940668146357,0.37016637149668924,-0.4505791329670696,7,1,3,1,2,48.19097137451172,48.19097137451172,0.6445291042327881,0,0,0.0040280818939208984,0.0040280818939208984,0.004000000189989805,0.004000000189989805,1,1,0,0,7,0,false,false,100.4000015258789,113,-3,280,55,105,1357,,,,1775568896229,1775568896229,,,,,,,,,,,,,,,
1776085911907,002c2969-c559-4f02-85a2-f2403051e800,0,65.0786776194743,-79.95713504797804,90.28228739268562,-100.39959070550272,-90.41516553526472,333.53026758768857,-12.517822588118477,-7.041137854981303,3.63922126620482,3.588409781421803,0.03570556760828874,-14.276733756953806,65.01471745077866,-79.97628581794936,90.2760084954871,-100.38953686520728,-90.40867413079287,333.48860971846625,-12.871968328021884,-7.315375358073506,3.422802026454072,3.7958544599676194,-0.06451760067889596,-14.482207360704113,-0.4508515000343323,-1.7966768741607666,-1.2718843221664429,-0.5718058347702026,-0.03916478529572487,-0.24505965411663055,-0.5628611617397261,-1.6160506611266208,-1.2438970027664358,-0.3296492806227939,-0.07141998591573369,-0.3208830587448574,33.77998352050781,36.609981536865234,38.769981384277344,40.680015563964844,43.129981994628906,40.949981689453125,-0.008972168900072575,-0.8792725801467896,-1.5204660892486572,-0.6501354575157166,-0.1018284410238266,-0.0839245393872261,253,253,253,253,253,253,-0.03895287535224041,-0.35362525038516124,0.21698187109498768,0.049027207969972765,-3.1381318511492475,-0.0004515433197348589,-0.039322061822838164,-0.35356388637943115,0.2171118739749497,0.04841729935423073,-3.138126528464875,-2.960980267130105e-07,4.708086517576091e-8,-0.0000014754358597079561,0.0000019970110088709276,0.000002346971399105828,0.00003379116443745309,0.00001828767795727037,0,0,0,0,0,0,1.26350879329836,-2.4030721620351585,-13.336193485974245,-0.7491940668146357,0.37016637149668924,-0.4505791329670696,7,1,3,1,2,48.19097137451172,48.19097137451172,0.6445291042327881,0,0,0.0040280818939208984,0.0040280818939208984,0.004000000189989805,0.004000000189989805,1,1,0,0,7,0,false,false,100.4000015258789,113,-3,280,55,105,1357,,,,1775568896229,1775568896229,,,,,,,,,,,,,,,
1776085911916,002c2969-c559-4f02-85a2-f2403051e800,0,65.0786776194743,-79.95713504797804,90.28228739268562,-100.39959070550272,-90.41516553526472,333.53026758768857,-12.517822588118477,-7.041137854981303,3.63922126620482,3.588409781421803,0.03570556760828874,-14.276733756953806,65.01471745077866,-79.97628581794936,90.2760084954871,-100.38953686520728,-90.40867413079287,333.48860971846625,-12.871968328021884,-7.315375358073506,3.422802026454072,3.7958544599676194,-0.06451760067889596,-14.482207360704113,-0.4508515000343323,-1.7966768741607666,-1.2718843221664429,-0.5718058347702026,-0.03916478529572487,-0.24505965411663055,-0.5628611617397261,-1.6160506611266208,-1.2438970027664358,-0.3296492806227939,-0.07141998591573369,-0.3208830587448574,33.77998352050781,36.609981536865234,38.769981384277344,40.680015563964844,43.129981994628906,40.949981689453125,-0.008972168900072575,-0.8792725801467896,-1.5204660892486572,-0.6501354575157166,-0.1018284410238266,-0.0839245393872261,253,253,253,253,253,253,-0.03895287535224041,-0.35362525038516124,0.21698187109498768,0.049027207969972765,-3.1381318511492475,-0.0004515433197348589,-0.039322061822838164,-0.35356388637943115,0.2171118739749497,0.04841729935423073,-3.138126528464875,-2.960980267130105e-07,4.708086517576091e-8,-0.0000014754358597079561,0.0000019970110088709276,0.000002346971399105828,0.00003379116443745309,0.00001828767795727037,0,0,0,0,0,0,1.26350879329836,-2.4030721620351585,-13.336193485974245,-0.7491940668146357,0.37016637149668924,-0.4505791329670696,7,1,3,1,2,48.19097137451172,48.19097137451172,0.6445291042327881,0,0,0.0040280818939208984,0.0040280818939208984,0.004000000189989805,0.004000000189989805,1,1,0,0,7,0,false,false,100.4000015258789,113,-3,280,55,105,1357,,,,1775568896229,1775568896229,,,,,,,,,,,,,,,
1776085911925,002c2969-c559-4f02-85a2-f2403051e800,0,65.0786776194743,-79.95713504797804,90.28228739268562,-100.39959070550272,-90.41516553526472,333.53026758768857,-12.517822588118477,-7.041137854981303,3.63922126620482,3.588409781421803,0.03570556760828874,-14.276733756953806,65.01471745077866,-79.97628581794936,90.2760084954871,-100.38953686520728,-90.40867413079287,333.48860971846625,-12.871968328021884,-7.315375358073506,3.422802026454072,3.7958544599676194,-0.06451760067889596,-14.482207360704113,-0.4508515000343323,-1.7966768741607666,-1.2718843221664429,-0.5718058347702026,-0.03916478529572487,-0.24505965411663055,-0.5628611617397261,-1.6160506611266208,-1.2438970027664358,-0.3296492806227939,-0.07141998591573369,-0.3208830587448574,33.77998352050781,36.609981536865234,38.769981384277344,40.680015563964844,43.129981994628906,40.949981689453125,-0.008972168900072575,-0.8792725801467896,-1.5204660892486572,-0.6501354575157166,-0.1018284410238266,-0.0839245393872261,253,253,253,253,253,253,-0.03895287535224041,-0.35362525038516124,0.21698187109498768,0.049027207969972765,-3.1381318511492475,-0.0004515433197348589,-0.039322061822838164,-0.35356388637943115,0.2171118739749497,0.04841729935423073,-3.138126528464875,-2.960980267130105e-07,4.708086517576091e-8,-0.0000014754358597079561,0.0000019970110088709276,0.000002346971399105828,0.00003379116443745309,0.00001828767795727037,0,0,0,0,0,0,1.26350879329836,-2.4030721620351585,-13.336193485974245,-0.7491940668146357,0.37016637149668924,-0.4505791329670696,7,1,3,1,2,48.19097137451172,48.19097137451172,0.6445291042327881,0,0,0.0040280818939208984,0.0040280818939208984,0.004000000189989805,0.004000000189989805,1,1,0,0,7,0,false,false,100.4000015258789,113,-3,280,55,105,1357,,,,1775568896229,1775568896229,,,,,,,,,,,,,,,
1776085911935,002c2969-c559-4f02-85a2-f2403051e800,0,65.0786776194743,-79.95713504797804,90.28228739268562,-100.39959070550272,-90.41516553526472,333.53026758768857,-12.517822588118477,-7.041137854981303,3.63922126620482,3.588409781421803,0.03570556760828874,-14.276733756953806,65.01471745077866,-79.97628581794936,90.2760084954871,-100.38953686520728,-90.40867413079287,333.48860971846625,-12.871968328021884,-7.315375358073506,3.422802026454072,3.7958544599676194,-0.06451760067889596,-14.482207360704113,-0.4508515000343323,-1.7966768741607666,-1.2718843221664429,-0.5718058347702026,-0.03916478529572487,-0.24505965411663055,-0.5628611617397261,-1.6160506611266208,-1.2438970027664358,-0.3296492806227939,-0.07141998591573369,-0.3208830587448574,33.77998352050781,36.609981536865234,38.769981384277344,40.680015563964844,43.129981994628906,40.949981689453125,-0.008972168900072575,-0.8792725801467896,-1.5204660892486572,-0.6501354575157166,-0.1018284410238266,-0.0839245393872261,253,253,253,253,253,253,-0.03895287535224041,-0.35362525038516124,0.21698187109498768,0.049027207969972765,-3.1381318511492475,-0.0004515433197348589,-0.039322061822838164,-0.35356388637943115,0.2171118739749497,0.04841729935423073,-3.138126528464875,-2.960980267130105e-07,4.708086517576091e-8,-0.0000014754358597079561,0.0000019970110088709276,0.000002346971399105828,0.00003379116443745309,0.00001828767795727037,0,0,0,0,0,0,1.26350879329836,-2.4030721620351585,-13.336193485974245,-0.7491940668146357,0.37016637149668924,-0.4505791329670696,7,1,3,1,2,48.19097137451172,48.19097137451172,0.6445291042327881,0,0,0.0040280818939208984,0.0040280818939208984,0.004000000189989805,0.004000000189989805,1,1,0,0,7,0,false,false,100.4000015258789,113,-3,280,55,105,1357,,,,1775568896229,1775568896229,,,,,,,,,,,,,,,
1776085911945,002c2969-c559-4f02-85a2-f2403051e800,0,64.5754907531303,-80.21078095299563,90.36608015342334,-100.23995552422119,-90.41584855418172,332.9810384161495,-17.97473221606117,-8.730835301862308,1.484527635558814,6.336365212360359,0.027465821493687745,-20.643311030447247,64.51630589693619,-80.23472738813406,90.36084805510987,-100.21968820430882,-90.41124799910392,332.9272013838442,-18.281979125148816,-8.802809123398541,1.835649776053642,6.828872687651824,-0.09623744175381721,-20.60904366662663,-0.3185119926929474,-1.875183343887329,-1.2002073526382446,-0.46326345205307007,-0.06490164250135422,-0.3435311019420624,-0.5914028883565356,-1.6131825519245337,-1.2558174552360404,-0.3206103281011978,-0.08310693938465724,-0.3425229623098209,33.77998352050781,36.609981536865234,38.769981384277344,40.680015563964844,43.129981994628906,40.949981689453125,-0.008972168900072575,-0.8792725801467896,-1.5204660892486572,-0.6501354575157166,-0.1018284410238266,-0.0839245393872261,253,253,253,253,253,253,-0.04166123718952821,-0.35242983445000514,0.21780245664445888,0.05030949247771458,-3.1380043897657366,-0.00026873827753801387,-0.04198929943123298,-0.35233695821660643,0.21793968940929404,0.05016563792575472,-3.1380087435777777,-3.3007511240918426e-07,4.708086517576091e-8,-0.0000014754358597079561,0.0000019970110088709276,0.000002346971399105828,0.00003379116443745309,0.00001828767795727037,0,0,0,0,0,0,1.26350879329836,-2.4030721620351585,-13.336193485974245,-0.7491940668146357,0.37016637149668924,-0.4505791329670696,7,1,3,1,2,48.19097137451172,48.19097137451172,0.6445291042327881,0,0,0.0040280818939208984,0.0040280818939208984,0.004000000189989805,0.004000000189989805,1,1,0,0,7,0,false,false,100.4000015258789,113,-3,280,55,105,1357,,,,1775568896229,1775568896229,,,,,,,,,,,,,,,
1776085911954,002c2969-c559-4f02-85a2-f2403051e800,0,64.5754907531303,-80.21078095299563,90.36608015342334,-100.23995552422119,-90.41584855418172,332.9810384161495,-17.97473221606117,-8.730835301862308,1.484527635558814,6.336365212360359,0.027465821493687745,-20.643311030447247,64.51630589693619,-80.23472738813406,90.36084805510987,-100.21968820430882,-90.41124799910392,332.9272013838442,-18.281979125148816,-8.802809123398541,1.835649776053642,6.828872687651824,-0.09623744175381721,-20.60904366662663,-0.3185119926929474,-1.875183343887329,-1.2002073526382446,-0.46326345205307007,-0.06490164250135422,-0.3435311019420624,-0.5914028883565356,-1.6131825519245337,-1.2558174552360404,-0.3206103281011978,-0.08310693938465724,-0.3425229623098209,33.77998352050781,36.609981536865234,38.769981384277344,40.680015563964844,43.129981994628906,40.949981689453125,-0.008972168900072575,-0.8792725801467896,-1.5204660892486572,-0.6501354575157166,-0.1018284410238266,-0.0839245393872261,253,253,253,253,253,253,-0.04166123718952821,-0.35242983445000514,0.21780245664445888,0.05030949247771458,-3.1380043897657366,-0.00026873827753801387,-0.04198929943123298,-0.35233695821660643,0.21793968940929404,0.05016563792575472,-3.1380087435777777,-3.3007511240918426e-07,4.708086517576091e-8,-0.0000014754358597079561,0.0000019970110088709276,0.000002346971399105828,0.00003379116443745309,0.00001828767795727037,0,0,0,0,0,0,1.26350879329836,-2.4030721620351585,-13.336193485974245,-0.7491940668146357,0.37016637149668924,-0.4505791329670696,7,1,3,1,2,48.19097137451172,48.19097137451172,0.6445291042327881,0,0,0.0040280818939208984,0.0040280818939208984,0.004000000189989805,0.004000000189989805,1,1,0,0,7,0,false,false,100.4000015258789,113,-3,280,55,105,1357,,,,1775568896229,1775568896229,,,,,,,,,,,,,,,
1776085911967,002c2969-c559-4f02-85a2-f2403051e800,0,64.0984020396049,-80.43560345971578,90.3805055129504,-100.05767143565188,-90.41653157309872,332.4359619996258,-22.23852561676582,-9.781128004687154,0.48477176920715587,8.728637688496857,0.023345948436387248,-25.033722477985595,64.02873155955838,-80.45780320043964,90.38862485221435,-100.02810096246888,-90.41383812859912,332.3773258809592,-22.350387056232545,-9.760525048109058,0.4463984561052792,9.142800586750585,-0.1195229802376611,-25.21508869036863,-0.3386993706226349,-1.720413327217102,-1.1331056356430054,-0.5046662092208862,-0.09399548172950745,-0.27862948179244995,-0.6130514574398147,-1.6075734014237248,-1.3054485500166948,-0.3136077573343305,-0.09167146249997213,-0.3590456576002346,33.77998352050781,36.609981536865234,38.769981384277344,40.680015563964844,43.129981994628906,40.949981689453125,-0.008972168900072575,-0.8792725801467896,-1.5204660892486572,-0.6501354575157166,-0.1018284410238266,-0.0839245393872261,253,253,253,253,253,253,-0.04427243036637704,-0.35140298573769696,0.21877404030978645,0.052191384737620035,-3.1377276698439607,0.0003532256610548368,-0.044640944368503334,-0.3512424903601952,0.21881800092564985,0.05189645836405438,-3.137893694051264,-3.4530989010746067e-07,4.708086517576091e-8,-0.0000014754358597079561,0.0000019970110088709276,0.000002346971399105828,0.00003379116443745309,0.00001828767795727037,0,0,0,0,0,0,1.26350879329836,-2.4030721620351585,-13.336193485974245,-0.7491940668146357,0.37016637149668924,-0.4505791329670696,7,1,3,1,2,48.19097137451172,48.19097137451172,0.6445291042327881,0,0,0.0040280818939208984,0.0040280818939208984,0.004000000189989805,0.004000000189989805,1,1,0,0,7,0,false,false,100.4000015258789,113,-3,280,55,105,1357,,,,1775568896229,1775568896229,,,,,,,,,,,,,,,
1776085911976,002c2969-c559-4f02-85a2-f2403051e800,0,64.0984020396049,-80.43560345971578,90.3805055129504,-100.05767143565188,-90.41653157309872,332.4359619996258,-22.23852561676582,-9.781128004687154,0.48477176920715587,8.728637688496857,0.023345948436387248,-25.033722477985595,64.02873155955838,-80.45780320043964,90.38862485221435,-100.02810096246888,-90.41383812859912,332.3773258809592,-22.350387056232545,-9.760525048109058,0.4463984561052792,9.142800586750585,-0.1195229802376611,-25.21508869036863,-0.3386993706226349,-1.720413327217102,-1.1331056356430054,-0.5046662092208862,-0.09399548172950745,-0.27862948179244995,-0.6130514574398147,-1.6075734014237248,-1.3054485500166948,-0.3136077573343305,-0.09167146249997213,-0.3590456576002346,33.77998352050781,36.609981536865234,38.769981384277344,40.680015563964844,43.129981994628906,40.949981689453125,-0.008972168900072575,-0.8792725801467896,-1.5204660892486572,-0.6501354575157166,-0.1018284410238266,-0.0839245393872261,253,253,253,253,253,253,-0.04427243036637704,-0.35140298573769696,0.21877404030978645,0.052191384737620035,-3.1377276698439607,0.0003532256610548368,-0.044640944368503334,-0.3512424903601952,0.21881800092564985,0.05189645836405438,-3.137893694051264,-3.4530989010746067e-07,4.708086517576091e-8,-0.0000014754358597079561,0.0000019970110088709276,0.000002346971399105828,0.00003379116443745309,0.00001828767795727037,0,0,0,0,0,0,1.26350879329836,-2.4030721620351585,-13.336193485974245,-0.7491940668146357,0.37016637149668924,-0.4505791329670696,7,1,3,1,2,48.19097137451172,48.19097137451172,0.6445291042327881,0,0,0.0040280818939208984,0.0040280818939208984,0.004000000189989805,0.004000000189989805,1,1,0,0,7,0,false,false,100.4000015258789,113,-3,280,55,105,1357,,,,1775568896229,1775568896229,,,,,,,,,,,,,,,
1776085911986,002c2969-c559-4f02-85a2-f2403051e800,0,63.728410692265314,-80.59646807504791,90.3805055129504,-99.90074100928167,-90.41653157309872,332.0088292896899,-24.681885773459896,-10.427123881292376,-0.0,10.66909870056571,0.020599365286502483,-28.037110335296525,63.64940424162231,-80.61843114957269,90.3875584946345,-99.86933134555767,-90.41587263076734,331.949295887788,-25.065699180252796,-10.303925458522338,-0.5968065764612526,10.706321621264618,-0.1347442987168889,-28.288832799883142,-0.4216919243335724,-1.617233395576477,-1.412188172340393,-0.4252176582813263,-0.10630441457033157,-0.2562496066093445,-0.6275571788618626,-1.6020741939013725,-1.6217079471938676,-0.30883210771314695,-0.09726175337701407,-0.37018162422101786,33.77998352050781,36.609981536865234,38.769981384277344,40.680015563964844,43.129981994628906,40.949981689453125,-0.008972168900072575,-0.8792725801467896,-1.5204660892486572,-0.6501354575157166,-0.1018284410238266,-0.0839245393872261,253,253,253,253,253,253,-0.0462909646860535,-0.3506031560638254,0.21948102173837605,0.0537762048783668,-3.1376559270435753,0.00040194904729273903,-0.046718811190411776,-0.3504298583774757,0.2195261371687324,0.05325009619654946,-3.1378039560411857,-3.497843511206354e-07,4.708086517576091e-8,-0.0000014754358597079561,0.0000019970110088709276,0.000002346971399105828,0.00003379116443745309,0.00001828767795727037,0,0,0,0,0,0,1.26350879329836,-2.4030721620351585,-13.336193485974245,-0.7491940668146357,0.37016637149668924,-0.4505791329670696,7,1,3,1,2,48.19097137451172,48.19097137451172,0.6445291042327881,0,0,0.0040280818939208984,0.0040280818939208984,0.004000000189989805,0.004000000189989805,1,1,0,0,7,0,false,false,100.4000015258789,113,-3,280,55,105,1357,,,,1775568896229,1775568896229,,,,,,,,,,,,,,,
1776085911995,002c2969-c559-4f02-85a2-f2403051e800,0,63.728410692265314,-80.59646807504791,90.3805055129504,-99.90074100928167,-90.41653157309872,332.0088292896899,-24.681885773459896,-10.427123881292376,-0.0,10.66909870056571,0.020599365286502483,-28.037110335296525,63.64940424162231,-80.61843114957269,90.3875584946345,-99.86933134555767,-90.41587263076734,331.949295887788,-25.065699180252796,-10.303925458522338,-0.5968065764612526,10.706321621264618,-0.1347442987168889,-28.288832799883142,-0.4216919243335724,-1.617233395576477,-1.412188172340393,-0.4252176582813263,-0.10630441457033157,-0.2562496066093445,-0.6275571788618626,-1.6020741939013725,-1.6217079471938676,-0.30883210771314695,-0.09726175337701407,-0.37018162422101786,33.77998352050781,36.609981536865234,38.769981384277344,40.680015563964844,43.129981994628906,40.949981689453125,-0.008972168900072575,-0.8792725801467896,-1.5204660892486572,-0.6501354575157166,-0.1018284410238266,-0.0839245393872261,253,253,253,253,253,253,-0.0462909646860535,-0.3506031560638254,0.21948102173837605,0.0537762048783668,-3.1376559270435753,0.00040194904729273903,-0.046718811190411776,-0.3504298583774757,0.2195261371687324,0.05325009619654946,-3.1378039560411857,-3.497843511206354e-07,4.708086517576091e-8,-0.0000014754358597079561,0.0000019970110088709276,0.000002346971399105828,0.00003379116443745309,0.00001828767795727037,0,0,0,0,0,0,1.26350879329836,-2.4030721620351585,-13.336193485974245,-0.7491940668146357,0.37016637149668924,-0.4505791329670696,7,1,3,1,2,48.19097137451172,48.19097137451172,0.6445291042327881,0,0,0.0040280818939208984,0.0040280818939208984,0.004000000189989805,0.004000000189989805,1,1,0,0,7,0,false,false,100.4000015258789,113,-3,280,55,105,1357,,,,1775568896229,1775568896229,,,,,,,,,,,,,,,
1776085912005,002c2969-c559-4f02-85a2-f2403051e800,0,63.29732330279996,-80.77449012557513,90.37020558768202,-99.71640786396136,-90.41377217667404,331.53090729308576,-27.46691931319469,-10.889648923960006,-0.674285933178032,12.387085083441615,0.01922607537908675,-31.942749106493217,62.993889243793866,-80.87523321488867,90.35096746960465,-99.58107600676867,-90.4194051209971,331.2093002637495,-29.09843478636529,-10.93442532902331,-2.3592094916530533,13.063074101002316,-0.15677520982001947,-32.85382020910556,-0.3117828667163849,-1.7181702852249146,-1.6668699979782104,-0.4878813326358795,-0.170087069272995,-0.21484681963920593,-0.6401962372129413,-1.588182511053093,-1.6339497449028484,-0.3015931815821076,-0.10400776296479061,-0.4662281863242638,33.77998352050781,36.609981536865234,38.769981384277344,40.680015563964844,43.129981994628906,40.949981689453125,-0.008972168900072575,-0.8792725801467896,-1.5204660892486572,-0.6501354575157166,-0.1018284410238266,-0.0839245393872261,253,253,253,253,253,253,-0.04993202603055718,-0.349202996709937,0.2207039815054347,0.056045281207083644,-3.137597297491565,0.00030636341878257815,-0.05032990582592352,-0.34907863533312417,0.22078375436784586,0.05559890592060132,-3.1376480852139683,-3.462315447491996e-07,4.708086517576091e-8,-0.0000014754358597079561,0.0000019970110088709276,0.000002346971399105828,0.00003379116443745309,0.00001828767795727037,0,0,0,0,0,0,1.26350879329836,-2.4030721620351585,-13.336193485974245,-0.7491940668146357,0.37016637149668924,-0.4505791329670696,7,1,3,1,2,48.19097137451172,48.19097137451172,0.6445291042327881,0,0,0.0040280818939208984,0.0040280818939208984,0.004000000189989805,0.004000000189989805,1,1,0,0,7,0,false,false,100.4000015258789,113,-3,280,55,105,1357,,,,1775568896229,1775568896229,,,,,,,,,,,,,,,
1776085912014,002c2969-c559-4f02-85a2-f2403051e800,0,63.29732330279996,-80.77449012557513,90.37020558768202,-99.71640786396136,-90.41377217667404,331.53090729308576,-27.46691931319469,-10.889648923960006,-0.674285933178032,12.387085083441615,0.01922607537908675,-31.942749106493217,62.993889243793866,-80.87523321488867,90.35096746960465,-99.58107600676867,-90.4194051209971,331.2093002637495,-29.09843478636529,-10.93442532902331,-2.3592094916530533,13.063074101002316,-0.15677520982001947,-32.85382020910556,-0.3117828667163849,-1.7181702852249146,-1.6668699979782104,-0.4878813326358795,-0.170087069272995,-0.21484681963920593,-0.6401962372129413,-1.588182511053093,-1.6339497449028484,-0.3015931815821076,-0.10400776296479061,-0.4662281863242638,33.77998352050781,36.609981536865234,38.769981384277344,40.680015563964844,43.129981994628906,40.949981689453125,-0.008972168900072575,-0.8792725801467896,-1.5204660892486572,-0.6501354575157166,-0.1018284410238266,-0.0839245393872261,253,253,253,253,253,253,-0.04993202603055718,-0.349202996709937,0.2207039815054347,0.056045281207083644,-3.137597297491565,0.00030636341878257815,-0.05032990582592352,-0.34907863533312417,0.22078375436784586,0.05559890592060132,-3.1376480852139683,-3.462315447491996e-07,4.708086517576091e-8,-0.0000014754358597079561,0.0000019970110088709276,0.000002346971399105828,0.00003379116443745309,0.00001828767795727037,0,0,0,0,0,0,1.26350879329836,-2.4030721620351585,-13.336193485974245,-0.7491940668146357,0.37016637149668924,-0.4505791329670696,7,1,3,1,2,48.19097137451172,48.19097137451172,0.6445291042327881,0,0,0.0040280818939208984,0.0040280818939208984,0.004000000189989805,0.004000000189989805,1,1,0,0,7,0,false,false,100.4000015258789,113,-3,280,55,105,1357,,,,1775568896229,1775568896229,,,,,,,,,,,,,,,
1776085912023,002c2969-c559-4f02-85a2-f2403051e800,0,62.56626083517681,-81.03988395596514,90.33173796227652,-99.38678293461655,-90.42338908302541,330.7129784795984,-30.802370477384134,-10.892944490234537,-3.1242371690603177,15.209198866406764,-0.01785278380414437,-34.634400299895596,62.522264097603625,-81.04920573237985,90.30455983542821,-99.36388253555499,-90.4222193842675,330.6776050705224,-29.209058982624278,-10.60924140174752,-2.815613090259443,13.189293329816683,-0.15629517628146133,-32.97575273969493,-0.4553375840187073,-1.9447176456451416,-1.9276520013809204,-0.43081262707710266,-0.19358593225479126,-0.29765236377716064,-0.21548894862225126,-1.4433078368536563,-1.4514513025071558,-0.3084030440736983,-0.03360641146451888,-0.381829171565392,33.77998352050781,36.609981536865234,38.769981384277344,40.680015563964844,43.129981994628906,40.949981689453125,-0.008972168900072575,-0.8792725801467896,-1.5204660892486572,-0.6501354575157166,-0.1018284410238266,-0.0839245393872261,253,253,253,253,253,253,-0.0526627946907411,-0.34814999544672875,0.22155205745120263,0.05750565052650287,-3.137626098086707,-0.00035728626517691586,-0.05293417141056899,-0.34812418031726394,0.22171253164004157,0.0572700591009159,-3.1375359800610467,-1.7962906665371933e-05,4.708086517576091e-8,-0.0000014754358597079561,0.0000019970110088709276,0.000002346971399105828,0.00003379116443745309,0.00001828767795727037,0,0,0,0,0,0,1.26350879329836,-2.4030721620351585,-13.336193485974245,-0.7491940668146357,0.37016637149668924,-0.4505791329670696,7,1,3,1,2,48.19097137451172,48.19097137451172,0.6445291042327881,0,0,0.0040280818939208984,0.0040280818939208984,0.004000000189989805,0.004000000189989805,1,1,0,0,7,0,false,false,100.4000015258789,113,-3,280,55,105,1357,,,,1775568896229,1775568896229,,,,,,,,,,,,,,,
1776085912033,002c2969-c559-4f02-85a2-f2403051e800,0,62.56626083517681,-81.03988395596514,90.33173796227652,-99.38678293461655,-90.42338908302541,330.7129784795984,-30.802370477384134,-10.892944490234537,-3.1242371690603177,15.209198866406764,-0.01785278380414437,-34.634400299895596,62.522264097603625,-81.04920573237985,90.30455983542821,-99.36388253555499,-90.4222193842675,330.6776050705224,-29.209058982624278,-10.60924140174752,-2.815613090259443,13.189293329816683,-0.15629517628146133,-32.97575273969493,-0.4553375840187073,-1.9447176456451416,-1.9276520013809204,-0.43081262707710266,-0.19358593225479126,-0.29765236377716064,-0.21548894862225126,-1.4433078368536563,-1.4514513025071558,-0.3084030440736983,-0.03360641146451888,-0.381829171565392,33.77998352050781,36.609981536865234,38.769981384277344,40.680015563964844,43.129981994628906,40.949981689453125,-0.008972168900072575,-0.8792725801467896,-1.5204660892486572,-0.6501354575157166,-0.1018284410238266,-0.0839245393872261,253,253,253,253,253,253,-0.0526627946907411,-0.34814999544672875,0.22155205745120263,0.05750565052650287,-3.137626098086707,-0.00035728626517691586,-0.05293417141056899,-0.34812418031726394,0.22171253164004157,0.0572700591009159,-3.1375359800610467,-1.7962906665371933e-05,4.708086517576091e-8,-0.0000014754358597079561,0.0000019970110088709276,0.000002346971399105828,0.00003379116443745309,0.00001828767795727037,0,0,0,0,0,0,1.26350879329836,-2.4030721620351585,-13.336193485974245,-0.7491940668146357,0.37016637149668924,-0.4505791329670696,7,1,3,1,2,48.19097137451172,48.19097137451172,0.6445291042327881,0,0,0.0040280818939208984,0.0040280818939208984,0.004000000189989805,0.004000000189989805,1,1,0,0,7,0,false,false,100.4000015258789,113,-3,280,55,105,1357,,,,1775568896229,1775568896229,,,,,,,,,,,,,,,
1776085912042,002c2969-c559-4f02-85a2-f2403051e800,0,62.07200785626718,-81.21173151548267,90.28709584586132,-99.16409144691745,-90.44199451832453,330.1720001765767,-33.53906335326816,-11.55102553280245,-3.3631898430693328,15.908203841160454,-0.8020019862816609,-37.64190676127605,62.02179867694911,-81.22663962027971,90.24250971850677,-99.12719586859866,-90.42552331359532,330.1142751253414,-32.63405890737622,-11.339743483609626,-4.333223556613992,15.491615676073765,-0.21730805490020413,-36.728251025205154,-0.0874786451458931,-1.8235933780670166,-2.0145792961120605,-0.34017413854599,-0.02909383922815323,-0.43640759587287903,-0.6421313564064496,-1.585023485360979,-1.619348778106483,-0.2931582754710834,-0.12519316096279534,-0.4706502824187137,33.77998352050781,36.609981536865234,38.769981384277344,40.680015563964844,43.129981994628906,40.949981689453125,-0.008972168900072575,-0.8792725801467896,-1.5204660892486572,-0.6501354575157166,-0.1018284410238266,-0.0839245393872261,253,253,253,253,253,253,-0.05541735463554273,-0.3471223660303566,0.22244962933211082,0.05880886310457811,-3.1373588489570756,-0.0008106674790158293,-0.05569804486829199,-0.34711504858734576,0.22271148115654923,0.05901976542270551,-3.137417147749118,-5.670429742298637e-05,4.708086517576091e-8,-0.0000014754358597079561,0.0000019970110088709276,0.000002346971399105828,0.00003379116443745309,0.00001828767795727037,0,0,0,0,0,0,1.26350879329836,-2.4030721620351585,-13.336193485974245,-0.7491940668146357,0.37016637149668924,-0.4505791329670696,7,1,3,1,2,48.19097137451172,48.19097137451172,0.6445291042327881,0,0,0.0040280818939208984,0.0040280818939208984,0.004000000189989805,0.004000000189989805,1,1,0,0,7,0,false,false,100.4000015258789,113,-3,280,55,105,1357,,,,1775568896229,1775568896229,,,,,,,,,,,,,,,
1776085912051,002c2969-c559-4f02-85a2-f2403051e800,0,62.07200785626718,-81.21173151548267,90.28709584586132,-99.16409144691745,-90.44199451832453,330.1720001765767,-33.53906335326816,-11.55102553280245,-3.3631898430693328,15.908203841160454,-0.8020019862816609,-37.64190676127605,62.02179867694911,-81.22663962027971,90.24250971850677,-99.12719586859866,-90.42552331359532,330.1142751253414,-32.63405890737622,-11.339743483609626,-4.333223556613992,15.491615676073765,-0.21730805490020413,-36.728251025205154,-0.0874786451458931,-1.8235933780670166,-2.0145792961120605,-0.34017413854599,-0.02909383922815323,-0.43640759587287903,-0.6421313564064496,-1.585023485360979,-1.619348778106483,-0.2931582754710834,-0.12519316096279534,-0.4706502824187137,33.77998352050781,36.609981536865234,38.769981384277344,40.680015563964844,43.129981994628906,40.949981689453125,-0.008972168900072575,-0.8792725801467896,-1.5204660892486572,-0.6501354575157166,-0.1018284410238266,-0.0839245393872261,253,253,253,253,253,253,-0.05541735463554273,-0.3471223660303566,0.22244962933211082,0.05880886310457811,-3.1373588489570756,-0.0008106674790158293,-0.05569804486829199,-0.34711504858734576,0.22271148115654923,0.05901976542270551,-3.137417147749118,-5.670429742298637e-05,4.708086517576091e-8,-0.0000014754358597079561,0.0000019970110088709276,0.000002346971399105828,0.00003379116443745309,0.00001828767795727037,0,0,0,0,0,0,1.26350879329836,-2.4030721620351585,-13.336193485974245,-0.7491940668146357,0.37016637149668924,-0.4505791329670696,7,1,3,1,2,48.19097137451172,48.19097137451172,0.6445291042327881,0,0,0.0040280818939208984,0.0040280818939208984,0.004000000189989805,0.004000000189989805,1,1,0,0,7,0,false,false,100.4000015258789,113,-3,280,55,105,1357,,,,1775568896229,1775568896229,,,,,,,,,,,,,,,
1776085912060,002c2969-c559-4f02-85a2-f2403051e800,0,61.25856647706451,-81.49428278106775,90.16896089397677,-98.76045458772639,-90.41997398844042,329.2354446375846,-35.87036059624984,-12.078369070693503,-5.484924502597148,17.664643335289885,0.2760315031767665,-40.42694371610543,61.19250510201805,-81.50494864340727,90.12288738884608,-98.73411342804685,-90.43098207009676,329.18071382843567,-36.47587446061341,-11.822518708831241,-5.698215377804713,17.29753178234156,-0.23743769439388582,-41.06933496998206,-0.5652466416358948,-1.7181702852249146,-2.127432346343994,-0.41067075729370117,-0.15554013848304749,-0.3345791697502136,-0.6561955035406178,-1.5703678818987763,-1.6327936245021546,-0.2875361328212606,-0.1325797832239877,-0.47735411482573337,33.77998352050781,36.609981536865234,38.769981384277344,40.680015563964844,43.129981994628906,40.949981689453125,-0.008972168900072575,-0.8792725801467896,-1.5204660892486572,-0.6501354575157166,-0.1018284410238266,-0.0839245393872261,253,253,253,253,253,253,-0.05982652271950817,-0.34547613481891076,0.22409676621317337,0.06223834266712697,-3.137640830235157,-0.0006886163418008455,-0.0602758680872419,-0.34544648320523247,0.22435763162312466,0.061921224537583995,-3.1372180985076974,-0.00011998266807118776,4.708086517576091e-8,-0.0000014754358597079561,0.0000019970110088709276,0.000002346971399105828,0.00003379116443745309,0.00001828767795727037,0,0,0,0,0,0,1.26350879329836,-2.4030721620351585,-13.336193485974245,-0.7491940668146357,0.37016637149668924,-0.4505791329670696,7,1,3,1,2,48.19097137451172,48.19097137451172,0.6445291042327881,0,0,0.0040280818939208984,0.0040280818939208984,0.004000000189989805,0.004000000189989805,1,1,0,0,7,0,false,false,100.4000015258789,113,-3,280,55,105,1357,,,,1775568896229,1775568896229,,,,,,,,,,,,,,,
1776085912070,002c2969-c559-4f02-85a2-f2403051e800,0,61.25856647706451,-81.49428278106775,90.16896089397677,-98.76045458772639,-90.41997398844042,329.2354446375846,-35.87036059624984,-12.078369070693503,-5.484924502597148,17.664643335289885,0.2760315031767665,-40.42694371610543,61.19250510201805,-81.50494864340727,90.12288738884608,-98.73411342804685,-90.43098207009676,329.18071382843567,-36.47587446061341,-11.822518708831241,-5.698215377804713,17.29753178234156,-0.23743769439388582,-41.06933496998206,-0.5652466416358948,-1.7181702852249146,-2.127432346343994,-0.41067075729370117,-0.15554013848304749,-0.3345791697502136,-0.6561955035406178,-1.5703678818987763,-1.6327936245021546,-0.2875361328212606,-0.1325797832239877,-0.47735411482573337,33.77998352050781,36.609981536865234,38.769981384277344,40.680015563964844,43.129981994628906,40.949981689453125,-0.008972168900072575,-0.8792725801467896,-1.5204660892486572,-0.6501354575157166,-0.1018284410238266,-0.0839245393872261,253,253,253,253,253,253,-0.05982652271950817,-0.34547613481891076,0.22409676621317337,0.06223834266712697,-3.137640830235157,-0.0006886163418008455,-0.0602758680872419,-0.34544648320523247,0.22435763162312466,0.061921224537583995,-3.1372180985076974,-0.00011998266807118776,4.708086517576091e-8,-0.0000014754358597079561,0.0000019970110088709276,0.000002346971399105828,0.00003379116443745309,0.00001828767795727037,0,0,0,0,0,0,1.26350879329836,-2.4030721620351585,-13.336193485974245,-0.7491940668146357,0.37016637149668924,-0.4505791329670696,7,1,3,1,2,48.19097137451172,48.19097137451172,0.6445291042327881,0,0,0.0040280818939208984,0.0040280818939208984,0.004000000189989805,0.004000000189989805,1,1,0,0,7,0,false,false,100.4000015258789,113,-3,280,55,105,1357,,,,1775568896229,1775568896229,,,,,,,,,,,,,,,
1776085912081,002c2969-c559-4f02-85a2-f2403051e800,0,60.64970292388207,-81.68746785155238,90.05973250876993,-98.47473411436641,-90.43166727229948,328.5621792307181,-38.75097580322979,-12.184937097218626,-7.250976634209726,18.18512082551778,-0.7910156803625482,-43.91372796664025,60.588451950468006,-81.69559024249548,90.0232863402478,-98.44767835050884,-90.43488459219883,328.5004924174101,-39.03248870779934,-11.997412295591099,-6.787251483384712,18.531773238871143,-0.2503246018657152,-43.95875499471878,-0.5988922715187073,-1.680038571357727,-2.2280852794647217,-0.38269588351249695,-0.23163172602653503,-0.31331828236579895,-0.6654734807501653,-1.5592523069150703,-1.6433997940857665,-0.28362669569366267,-0.13731631348547413,-0.4817626472351114,33.77998352050781,36.609981536865234,38.769981384277344,40.680015563964844,43.129981994628906,40.949981689453125,-0.008972168900072575,-0.8792725801467896,-1.5204660892486572,-0.6501354575157166,-0.1018284410238266,-0.0839245393872261,253,253,253,253,253,253,-0.06321937585494371,-0.34427663677062137,0.22535339533131116,0.06402998942700755,-3.137273786050345,-0.0005253935223693839,-0.06360909220044828,-0.34423273329095394,0.22554863710502016,0.06404016092955152,-3.137071224995524,-0.00016200312431168887,4.708086517576091e-8,-0.0000014754358597079561,0.0000019970110088709276,0.000002346971399105828,0.00003379116443745309,0.00001828767795727037,0,0,0,0,0,0,1.26350879329836,-2.4030721620351585,-13.336193485974245,-0.7491940668146357,0.37016637149668924,-0.4505791329670696,7,1,3,1,2,48.19097137451172,48.19097137451172,0.6445291042327881,0,0,0.0040280818939208984,0.0040280818939208984,0.004000000189989805,0.004000000189989805,1,1,0,0,7,0,false,false,100.4000015258789,113,-3,280,55,105,1357,,,,1775568896229,1775568896229,,,,,,,,,,,,,,,
1776085912090,002c2969-c559-4f02-85a2-f2403051e800,0,60.64970292388207,-81.68746785155238,90.05973250876993,-98.47473411436641,-90.43166727229948,328.5621792307181,-38.75097580322979,-12.184937097218626,-7.250976634209726,18.18512082551778,-0.7910156803625482,-43.91372796664025,60.588451950468006,-81.69559024249548,90.0232863402478,-98.44767835050884,-90.43488459219883,328.5004924174101,-39.03248870779934,-11.997412295591099,-6.787251483384712,18.531773238871143,-0.2503246018657152,-43.95875499471878,-0.5988922715187073,-1.680038571357727,-2.2280852794647217,-0.38269588351249695,-0.23163172602653503,-0.31331828236579895,-0.6654734807501653,-1.5592523069150703,-1.6433997940857665,-0.28362669569366267,-0.13731631348547413,-0.4817626472351114,33.77998352050781,36.609981536865234,38.769981384277344,40.680015563964844,43.129981994628906,40.949981689453125,-0.008972168900072575,-0.8792725801467896,-1.5204660892486572,-0.6501354575157166,-0.1018284410238266,-0.0839245393872261,253,253,253,253,253,253,-0.06321937585494371,-0.34427663677062137,0.22535339533131116,0.06402998942700755,-3.137273786050345,-0.0005253935223693839,-0.06360909220044828,-0.34423273329095394,0.22554863710502016,0.06404016092955152,-3.137071224995524,-0.00016200312431168887,4.708086517576091e-8,-0.0000014754358597079561,0.0000019970110088709276,0.000002346971399105828,0.00003379116443745309,0.00001828767795727037,0,0,0,0,0,0,1.26350879329836,-2.4030721620351585,-13.336193485974245,-0.7491940668146357,0.37016637149668924,-0.4505791329670696,7,1,3,1,2,48.19097137451172,48.19097137451172,0.6445291042327881,0,0,0.0040280818939208984,0.0040280818939208984,0.004000000189989805,0.004000000189989805,1,1,0,0,7,0,false,false,100.4000015258789,113,-3,280,55,105,1357,,,,1775568896229,1775568896229,,,,,,,,,,,,,,,
1776085912100,002c2969-c559-4f02-85a2-f2403051e800,0,59.998273631792095,-81.87652748777835,89.9354230658757,-98.16363265805067,-90.44475391474921,327.83823382021006,-41.49975811394474,-11.95312559943027,-7.741241636417718,19.454041907259214,-0.8720398132480294,-46.96655614825833,59.94354644367182,-81.88801630531003,89.90503418214115,-98.14129483240157,-90.43898908604272,327.77409415904503,-41.58164700066993,-12.042914398579189,-8.030547454861113,19.789401239895895,-0.2626982466509001,-46.840680378935836,-0.2736511528491974,-1.758545160293579,-2.0115292072296143,-0.3871718645095825,-0.1667300909757614,-0.3715059459209442,-0.6745720697269781,-1.546538644046585,-1.6550668105794515,-0.2796528812197335,-0.1418547318482876,-0.48609396205384303,33.77998352050781,36.609981536865234,38.769981384277344,40.680015563964844,43.129981994628906,40.949981689453125,-0.008972168900072575,-0.8792725801467896,-1.5204660892486572,-0.6501354575157166,-0.1018284410238266,-0.0839245393872261,253,253,253,253,253,253,-0.06684229245126701,-0.3429775017218187,0.22662462266891725,0.06604891763940211,-3.1370072644437785,-0.0007371591959253185,-0.06716738988746006,-0.3429377381433111,0.2268148853102845,0.06630675311613207,-3.136912663573699,-0.00020382117892070087,4.708086517576091e-8,-0.0000014754358597079561,0.0000019970110088709276,0.000002346971399105828,0.00003379116443745309,0.00001828767795727037,0,0,0,0,0,0,1.26350879329836,-2.4030721620351585,-13.336193485974245,-0.7491940668146357,0.37016637149668924,-0.4505791329670696,7,1,3,1,2,48.19097137451172,48.19097137451172,0.6445291042327881,0,0,0.0040280818939208984,0.0040280818939208984,0.004000000189989805,0.004000000189989805,1,1,0,0,7,0,false,false,100.4000015258789,113,-3,280,55,105,1357,,,,1775568896229,1775568896229,,,,,,,,,,,,,,,
1776085912109,002c2969-c559-4f02-85a2-f2403051e800,0,59.998273631792095,-81.87652748777835,89.9354230658757,-98.16363265805067,-90.44475391474921,327.83823382021006,-41.49975811394474,-11.95312559943027,-7.741241636417718,19.454041907259214,-0.8720398132480294,-46.96655614825833,59.94354644367182,-81.88801630531003,89.90503418214115,-98.14129483240157,-90.43898908604272,327.77409415904503,-41.58164700066993,-12.042914398579189,-8.030547454861113,19.789401239895895,-0.2626982466509001,-46.840680378935836,-0.2736511528491974,-1.758545160293579,-2.0115292072296143,-0.3871718645095825,-0.1667300909757614,-0.3715059459209442,-0.6745720697269781,-1.546538644046585,-1.6550668105794515,-0.2796528812197335,-0.1418547318482876,-0.48609396205384303,33.77998352050781,36.609981536865234,38.769981384277344,40.680015563964844,43.129981994628906,40.949981689453125,-0.008972168900072575,-0.8792725801467896,-1.5204660892486572,-0.6501354575157166,-0.1018284410238266,-0.0839245393872261,253,253,253,253,253,253,-0.06684229245126701,-0.3429775017218187,0.22662462266891725,0.06604891763940211,-3.1370072644437785,-0.0007371591959253185,-0.06716738988746006,-0.3429377381433111,0.2268148853102845,0.06630675311613207,-3.136912663573699,-0.00020382117892070087,4.708086517576091e-8,-0.0000014754358597079561,0.0000019970110088709276,0.000002346971399105828,0.00003379116443745309,0.00001828767795727037,0,0,0,0,0,0,1.26350879329836,-2.4030721620351585,-13.336193485974245,-0.7491940668146357,0.37016637149668924,-0.4505791329670696,7,1,3,1,2,48.19097137451172,48.19097137451172,0.6445291042327881,0,0,0.0040280818939208984,0.0040280818939208984,0.004000000189989805,0.004000000189989805,1,1,0,0,7,0,false,false,100.4000015258789,113,-3,280,55,105,1357,,,,1775568896229,1775568896229,,,,,,,,,,,,,,,
1776085912120,002c2969-c559-4f02-85a2-f2403051e800,0,58.95694982112112,-82.16801264079781,89.71978033340005,-97.66546598074662,-90.44128417865085,326.6645067924784,-44.38146956628648,-11.97949269094746,-9.75448685182952,21.198120466538214,-0.1702880885917894,-50.78293117719212,58.89993628967181,-82.17524571869363,89.68708022271002,-97.64351942433885,-90.44550480746187,326.59826296692677,-45.38264351023285,-11.845951086953706,-10.205401022763919,21.717694122666774,-0.2801207097073606,-51.14074104692201,-0.5809479355812073,-1.644149899482727,-2.119807243347168,-0.5013092756271362,-0.168968066573143,-0.41738471388816833,-0.687776941827514,-1.5244077245462517,-1.6746685428973513,-0.27357894486447026,-0.1482239996605055,-0.492406616615358,33.77998352050781,36.609981536865234,38.769981384277344,40.680015563964844,43.129981994628906,40.949981689453125,-0.008972168900072575,-0.8792725801467896,-1.5204660892486572,-0.6501354575157166,-0.1018284410238266,-0.0839245393872261,253,253,253,253,253,253,-0.07256302265628076,-0.34089283547478344,0.22867760474111307,0.06973414680509397,-3.1368865591735697,-0.0006151727064504217,-0.07292684936889476,-0.34084266209035696,0.2288559897495747,0.06998339109216385,-3.1366521964577343,-0.0002660376221732087,4.708086517576091e-8,-0.0000014754358597079561,0.0000019970110088709276,0.000002346971399105828,0.00003379116443745309,0.00001828767795727037,0,0,0,0,0,0,1.26350879329836,-2.4030721620351585,-13.336193485974245,-0.7491940668146357,0.37016637149668924,-0.4505791329670696,7,1,3,1,2,48.19097137451172,48.19097137451172,0.6445291042327881,0,0,0.0040280818939208984,0.0040280818939208984,0.004000000189989805,0.004000000189989805,1,1,0,0,7,0,false,false,100.4000015258789,113,-3,280,55,105,1357,,,,1775568896229,1775568896229,,,,,,,,,,,,,,,
1776085912130,002c2969-c559-4f02-85a2-f2403051e800,0,58.95694982112112,-82.16801264079781,89.71978033340005,-97.66546598074662,-90.44128417865085,326.6645067924784,-44.38146956628648,-11.97949269094746,-9.75448685182952,21.198120466538214,-0.1702880885917894,-50.78293117719212,58.89993628967181,-82.17524571869363,89.68708022271002,-97.64351942433885,-90.44550480746187,326.59826296692677,-45.38264351023285,-11.845951086953706,-10.205401022763919,21.717694122666774,-0.2801207097073606,-51.14074104692201,-0.5809479355812073,-1.644149899482727,-2.119807243347168,-0.5013092756271362,-0.168968066573143,-0.41738471388816833,-0.687776941827514,-1.5244077245462517,-1.6746685428973513,-0.27357894486447026,-0.1482239996605055,-0.492406616615358,33.77998352050781,36.609981536865234,38.769981384277344,40.680015563964844,43.129981994628906,40.949981689453125,-0.008972168900072575,-0.8792725801467896,-1.5204660892486572,-0.6501354575157166,-0.1018284410238266,-0.0839245393872261,253,253,253,253,253,253,-0.07256302265628076,-0.34089283547478344,0.22867760474111307,0.06973414680509397,-3.1368865591735697,-0.0006151727064504217,-0.07292684936889476,-0.34084266209035696,0.2288559897495747,0.06998339109216385,-3.1366521964577343,-0.0002660376221732087,4.708086517576091e-8,-0.0000014754358597079561,0.0000019970110088709276,0.000002346971399105828,0.00003379116443745309,0.00001828767795727037,0,0,0,0,0,0,1.26350879329836,-2.4030721620351585,-13.336193485974245,-0.7491940668146357,0.37016637149668924,-0.4505791329670696,7,1,3,1,2,48.19097137451172,48.19097137451172,0.6445291042327881,0,0,0.0040280818939208984,0.0040280818939208984,0.004000000189989805,0.004000000189989805,1,1,0,0,7,0,false,false,100.4000015258789,113,-3,280,55,105,1357,,,,1775568896229,1775568896229,,,,,,,,,,,,,,,
1776085912139,002c2969-c559-4f02-85a2-f2403051e800,0,58.223162108019146,-82.3542855598424,89.54257790557324,-97.31190806855008,-90.43923512189984,325.8294751853093,-47.370852120704306,-11.510376515730766,-11.75399826436772,22.953187092644473,-0.153808603032694,-53.723146614869606,58.15370733089825,-82.36234884084053,89.51074197807218,-97.2856962287581,-90.45007262667767,325.7572332241421,-47.89456716814163,-11.522577786811436,-11.87574331164223,23.02968312896707,-0.2908533387794223,-53.985306550713595,-0.5988922715187073,-1.6867676973342896,-2.046605348587036,-0.46326345205307007,-0.21148984134197235,-0.40059980750083923,-0.69620621759944,-1.5075804067935297,-1.6892159004282532,-0.2694575497861335,-0.15213079642558072,-0.49646308531519845,33.77998352050781,36.609981536865234,38.769981384277344,40.680015563964844,43.129981994628906,40.949981689453125,-0.008972168900072575,-0.8792725801467896,-1.5204660892486572,-0.6501354575157166,-0.1018284410238266,-0.0839245393872261,253,253,253,253,253,253,-0.07660571621730788,-0.33943617788989644,0.2301392189173268,0.07254715989256427,-3.1367529807999035,-0.00045268492891693265,-0.07704783099049056,-0.3393440714452972,0.23031161044562223,0.07261890436455458,-3.1364629612126502,-0.0003070880024951403,4.708086517576091e-8,-0.0000014754358597079561,0.0000019970110088709276,0.000002346971399105828,0.00003379116443745309,0.00001828767795727037,0,0,0,0,0,0,1.26350879329836,-2.4030721620351585,-13.336193485974245,-0.7491940668146357,0.37016637149668924,-0.4505791329670696,7,1,3,1,2,48.19097137451172,48.19097137451172,0.6445291042327881,0,0,0.0040280818939208984,0.0040280818939208984,0.004000000189989805,0.004000000189989805,1,1,0,0,7,0,false,false,100.4000015258789,113,-3,280,55,105,1357,,,,1775568896229,1775568896229,,,,,,,,,,,,,,,
1776085912148,002c2969-c559-4f02-85a2-f2403051e800,0,58.223162108019146,-82.3542855598424,89.54257790557324,-97.31190806855008,-90.43923512189984,325.8294751853093,-47.370852120704306,-11.510376515730766,-11.75399826436772,22.953187092644473,-0.153808603032694,-53.723146614869606,58.15370733089825,-82.36234884084053,89.51074197807218,-97.2856962287581,-90.45007262667767,325.7572332241421,-47.89456716814163,-11.522577786811436,-11.87574331164223,23.02968312896707,-0.2908533387794223,-53.985306550713595,-0.5988922715187073,-1.6867676973342896,-2.046605348587036,-0.46326345205307007,-0.21148984134197235,-0.40059980750083923,-0.69620621759944,-1.5075804067935297,-1.6892159004282532,-0.2694575497861335,-0.15213079642558072,-0.49646308531519845,33.77998352050781,36.609981536865234,38.769981384277344,40.680015563964844,43.129981994628906,40.949981689453125,-0.008972168900072575,-0.8792725801467896,-1.5204660892486572,-0.6501354575157166,-0.1018284410238266,-0.0839245393872261,253,253,253,253,253,253,-0.07660571621730788,-0.33943617788989644,0.2301392189173268,0.07254715989256427,-3.1367529807999035,-0.00045268492891693265,-0.07704783099049056,-0.3393440714452972,0.23031161044562223,0.07261890436455458,-3.1364629612126502,-0.0003070880024951403,4.708086517576091e-8,-0.0000014754358597079561,0.0000019970110088709276,0.000002346971399105828,0.00003379116443745309,0.00001828767795727037,0,0,0,0,0,0,1.26350879329836,-2.4030721620351585,-13.336193485974245,-0.7491940668146357,0.37016637149668924,-0.4505791329670696,7,1,3,1,2,48.19097137451172,48.19097137451172,0.6445291042327881,0,0,0.0040280818939208984,0.0040280818939208984,0.004000000189989805,0.004000000189989805,1,1,0,0,7,0,false,false,100.4000015258789,113,-3,280,55,105,1357,,,,1775568896229,1775568896229,,,,,,,,,,,,,,,
1776085912158,002c2969-c559-4f02-85a2-f2403051e800,0,57.02947385243811,-82.62656422091578,89.21631342930007,-96.73634168757144,-90.44407089583221,324.47346406900834,-51.27978645817553,-10.789672883757591,-15.435792099669229,24.687653868213975,-0.020599365286502483,-58.286594074841055,56.959482512083206,-82.63000076912213,89.19237317842412,-96.70918325655833,-90.45722976517966,324.41082946910626,-51.61534053192028,-10.72308473244135,-14.735846432268435,25.034964076659914,-0.30540769740304663,-58.204923356300334,-0.5719757676124573,-1.749572992324829,-1.993228793144226,-0.41514670848846436,-0.29989033937454224,-0.39836180210113525,-0.7081409803517311,-1.4791948212010895,-1.7134014400551472,-0.2631678244624215,-0.1573975668158019,-0.502265091289845,33.77998352050781,36.609981536865234,38.769981384277344,40.680015563964844,43.129981994628906,40.949981689453125,-0.008972168900072575,-0.8792725801467896,-1.5204660892486572,-0.6501354575157166,-0.1018284410238266,-0.0839245393872261,253,253,253,253,253,253,-0.08321470878440977,-0.33706412075320513,0.23253442705257088,0.07705206762941236,-3.1363418647230286,-0.00016266279023203982,-0.08365131637391002,-0.33694314185542107,0.23263798126000235,0.07684865506334208,-3.1361547890061106,-0.0003678753320995162,4.708086517576091e-8,-0.0000014754358597079561,0.0000019970110088709276,0.000002346971399105828,0.00003379116443745309,0.00001828767795727037,0,0,0,0,0,0,1.26350879329836,-2.4030721620351585,-13.336193485974245,-0.7491940668146357,0.37016637149668924,-0.4505791329670696,7,1,3,1,2,48.19097137451172,48.19097137451172,0.6445291042327881,0,0,0.0040280818939208984,0.0040280818939208984,0.004000000189989805,0.004000000189989805,1,1,0,0,7,0,false,false,100.4000015258789,113,-3,280,55,105,1357,,,,1775568896229,1775568896229,,,,,,,,,,,,,,,
1776085912167,002c2969-c559-4f02-85a2-f2403051e800,0,57.02947385243811,-82.62656422091578,89.21631342930007,-96.73634168757144,-90.44407089583221,324.47346406900834,-51.27978645817553,-10.789672883757591,-15.435792099669229,24.687653868213975,-0.020599365286502483,-58.286594074841055,56.959482512083206,-82.63000076912213,89.19237317842412,-96.70918325655833,-90.45722976517966,324.41082946910626,-51.61534053192028,-10.72308473244135,-14.735846432268435,25.034964076659914,-0.30540769740304663,-58.204923356300334,-0.5719757676124573,-1.749572992324829,-1.993228793144226,-0.41514670848846436,-0.29989033937454224,-0.39836180210113525,-0.7081409803517311,-1.4791948212010895,-1.7134014400551472,-0.2631678244624215,-0.1573975668158019,-0.502265091289845,33.77998352050781,36.609981536865234,38.769981384277344,40.680015563964844,43.129981994628906,40.949981689453125,-0.008972168900072575,-0.8792725801467896,-1.5204660892486572,-0.6501354575157166,-0.1018284410238266,-0.0839245393872261,253,253,253,253,253,253,-0.08321470878440977,-0.33706412075320513,0.23253442705257088,0.07705206762941236,-3.1363418647230286,-0.00016266279023203982,-0.08365131637391002,-0.33694314185542107,0.23263798126000235,0.07684865506334208,-3.1361547890061106,-0.0003678753320995162,4.708086517576091e-8,-0.0000014754358597079561,0.0000019970110088709276,0.000002346971399105828,0.00003379116443745309,0.00001828767795727037,0,0,0,0,0,0,1.26350879329836,-2.4030721620351585,-13.336193485974245,-0.7491940668146357,0.37016637149668924,-0.4505791329670696,7,1,3,1,2,48.19097137451172,48.19097137451172,0.6445291042327881,0,0,0.0040280818939208984,0.0040280818939208984,0.004000000189989805,0.004000000189989805,1,1,0,0,7,0,false,false,100.4000015258789,113,-3,280,55,105,1357,,,,1775568896229,1775568896229,,,,,,,,,,,,,,,
1776085912177,002c2969-c559-4f02-85a2-f2403051e800,0,56.20507001961757,-82.7970457425993,88.96217575066224,-96.33685758339574,-90.4571028967686,323.5226197742725,-51.249023286153786,-9.742675747207276,-15.965881373606626,25.16693165736835,-0.5699157868226241,-57.702947580074294,56.13904954673828,-82.79095440418361,88.94725715621585,-96.30995909259957,-90.46206215858686,323.48552189374107,-50.04400038069005,-9.237125107815656,-15.632182665494268,24.446910447780308,-0.29444430655933546,-56.446983547484,-0.5360870957374573,-1.794433832168579,-1.8803757429122925,-0.2741535007953644,-0.10294743627309799,-0.3345791697502136,-0.18715775327692974,-1.3708408066377102,-1.5840212057844771,-0.25900215254616443,-0.07130668990619923,-0.390434022122376,33.77998352050781,36.609981536865234,38.769981384277344,40.680015563964844,43.129981994628906,40.949981689453125,-0.008972168900072575,-0.8792725801467896,-1.5204660892486572,-0.6501354575157166,-0.1018284410238266,-0.0839245393872261,253,253,253,253,253,253,-0.0878084485064832,-0.33541075825377376,0.23423341105870873,0.08054801267345031,-3.1358084686542522,8.139093842088679e-05,-0.0881968924434656,-0.33529113389070936,0.2342359828075799,0.07976303305556373,-3.1359392169847125,-0.0004077696797168439,4.708086517576091e-8,-0.0000014754358597079561,0.0000019970110088709276,0.000002346971399105828,0.00003379116443745309,0.00001828767795727037,0,0,0,0,0,0,1.26350879329836,-2.4030721620351585,-13.336193485974245,-0.7491940668146357,0.37016637149668924,-0.4505791329670696,7,1,3,1,2,48.19097137451172,48.19097137451172,0.6445291042327881,0,0,0.0040280818939208984,0.0040280818939208984,0.004000000189989805,0.004000000189989805,1,1,0,0,7,0,false,false,100.4000015258789,113,-3,280,55,105,1357,,,,1775568896229,1775568896229,,,,,,,,,,,,,,,
1776085912189,002c2969-c559-4f02-85a2-f2403051e800,0,56.20507001961757,-82.7970457425993,88.96217575066224,-96.33685758339574,-90.4571028967686,323.5226197742725,-51.249023286153786,-9.742675747207276,-15.965881373606626,25.16693165736835,-0.5699157868226241,-57.702947580074294,56.13904954673828,-82.79095440418361,88.94725715621585,-96.30995909259957,-90.46206215858686,323.48552189374107,-50.04400038069005,-9.237125107815656,-15.632182665494268,24.446910447780308,-0.29444430655933546,-56.446983547484,-0.5360870957374573,-1.794433832168579,-1.8803757429122925,-0.2741535007953644,-0.10294743627309799,-0.3345791697502136,-0.18715775327692974,-1.3708408066377102,-1.5840212057844771,-0.25900215254616443,-0.07130668990619923,-0.390434022122376,33.77998352050781,36.609981536865234,38.769981384277344,40.680015563964844,43.129981994628906,40.949981689453125,-0.008972168900072575,-0.8792725801467896,-1.5204660892486572,-0.6501354575157166,-0.1018284410238266,-0.0839245393872261,253,253,253,253,253,253,-0.0878084485064832,-0.33541075825377376,0.23423341105870873,0.08054801267345031,-3.1358084686542522,8.139093842088679e-05,-0.0881968924434656,-0.33529113389070936,0.2342359828075799,0.07976303305556373,-3.1359392169847125,-0.0004077696797168439,4.708086517576091e-8,-0.0000014754358597079561,0.0000019970110088709276,0.000002346971399105828,0.00003379116443745309,0.00001828767795727037,0,0,0,0,0,0,1.26350879329836,-2.4030721620351585,-13.336193485974245,-0.7491940668146357,0.37016637149668924,-0.4505791329670696,7,1,3,1,2,48.19097137451172,48.19097137451172,0.6445291042327881,0,0,0.0040280818939208984,0.0040280818939208984,0.004000000189989805,0.004000000189989805,1,1,0,0,7,0,false,false,100.4000015258789,113,-3,280,55,105,1357,,,,1775568896229,1775568896229,,,,,,,,,,,,,,,
1776085912198,002c2969-c559-4f02-85a2-f2403051e800,0,55.02854602942078,-83.00260711586,88.5658881750181,-95.7681487123438,-90.48117248340372,322.2125894914641,-47.32690668358444,-7.39709487112381,-16.221313373092176,22.80624411038811,-0.3158569488449357,-52.44873235348819,54.98682775436925,-82.98522485998868,88.5654749681162,-95.74379265659552,-90.4688396377241,322.1854701699736,-45.99095391786494,-7.012555798061248,-16.1249702457447,22.737022802757618,-0.27071878515814296,-51.90592547489897,-0.1839294582605362,-1.657608151435852,-1.8239492177963257,-0.2864624261856079,-0.04923573136329651,-0.4274556636810303,-0.16574598428961299,-1.373671985462286,-1.5781094093999914,-0.2641439581604035,-0.0619434624466931,-0.3823026432337333,33.77998352050781,36.609981536865234,38.769981384277344,40.680015563964844,43.129981994628906,40.949981689453125,-0.008972168900072575,-0.8792725801467896,-1.5204660892486572,-0.6501354575157166,-0.1018284410238266,-0.0839245393872261,253,253,253,253,253,253,-0.09439703294022678,-0.333043328807018,0.23661812126636875,0.08424845817869807,-3.1350195052468184,0.00024972709705947227,-0.09459737061085911,-0.33296551421164855,0.23648456620338112,0.08387045521313047,-3.1356308907061523,-0.00046651580958773553,4.708086517576091e-8,-0.0000014754358597079561,0.0000019970110088709276,0.000002346971399105828,0.00003379116443745309,0.00001828767795727037,0,0,0,0,0,0,1.26350879329836,-2.4030721620351585,-13.336193485974245,-0.7491940668146357,0.37016637149668924,-0.4505791329670696,7,1,3,1,2,48.19097137451172,48.19097137451172,0.6445291042327881,0,0,0.0040280818939208984,0.0040280818939208984,0.004000000189989805,0.004000000189989805,1,1,0,0,7,0,false,false,100.4000015258789,113,-3,280,55,105,1357,,,,1775568896229,1775568896229,,,,,,,,,,,,,,,
1776085912208,002c2969-c559-4f02-85a2-f2403051e800,0,55.02854602942078,-83.00260711586,88.5658881750181,-95.7681487123438,-90.48117248340372,322.2125894914641,-47.32690668358444,-7.39709487112381,-16.221313373092176,22.80624411038811,-0.3158569488449357,-52.44873235348819,54.98682775436925,-82.98522485998868,88.5654749681162,-95.74379265659552,-90.4688396377241,322.1854701699736,-45.99095391786494,-7.012555798061248,-16.1249702457447,22.737022802757618,-0.27071878515814296,-51.90592547489897,-0.1839294582605362,-1.657608151435852,-1.8239492177963257,-0.2864624261856079,-0.04923573136329651,-0.4274556636810303,-0.16574598428961299,-1.373671985462286,-1.5781094093999914,-0.2641439581604035,-0.0619434624466931,-0.3823026432337333,33.77998352050781,36.609981536865234,38.769981384277344,40.680015563964844,43.129981994628906,40.949981689453125,-0.008972168900072575,-0.8792725801467896,-1.5204660892486572,-0.6501354575157166,-0.1018284410238266,-0.0839245393872261,253,253,253,253,253,253,-0.09439703294022678,-0.333043328807018,0.23661812126636875,0.08424845817869807,-3.1350195052468184,0.00024972709705947227,-0.09459737061085911,-0.33296551421164855,0.23648456620338112,0.08387045521313047,-3.1356308907061523,-0.00046651580958773553,4.708086517576091e-8,-0.0000014754358597079561,0.0000019970110088709276,0.000002346971399105828,0.00003379116443745309,0.00001828767795727037,0,0,0,0,0,0,1.26350879329836,-2.4030721620351585,-13.336193485974245,-0.7491940668146357,0.37016637149668924,-0.4505791329670696,7,1,3,1,2,48.19097137451172,48.19097137451172,0.6445291042327881,0,0,0.0040280818939208984,0.0040280818939208984,0.004000000189989805,0.004000000189989805,1,1,0,0,7,0,false,false,100.4000015258789,113,-3,280,55,105,1357,,,,1775568896229,1775568896229,,,,,,,,,,,,,,,
1776085912217,002c2969-c559-4f02-85a2-f2403051e800,0,54.31673103487873,-83.10434961373652,88.30281660894589,-95.41322476231325,-90.4846148987454,321.38654641324274,-43.82006899764646,-5.947998094832496,-15.589599422041454,22.092134172284936,-0.3941345452712784,-49.65820392656612,54.272708379608865,-83.08699463218566,88.30659469036082,-95.38942206995966,-90.47304530245357,321.37930530769967,-43.29367776588144,-5.7307966559054355,-16.220930093109953,21.567878722275278,-0.2553355723846083,-48.88322633112243,-0.3835602104663849,-1.6777955293655396,-1.8895260095596313,-0.21484681963920593,0.04699774086475372,-0.3390551507472992,-0.15625811646183974,-1.3747705268319699,-1.574136165211221,-0.267982864132805,-0.056498848089878845,-0.37775815709192817,33.77998352050781,36.609981536865234,38.769981384277344,40.680015563964844,43.129981994628906,40.949981689453125,-0.008972168900072575,-0.8792725801467896,-1.5204660892486572,-0.6501354575157166,-0.1018284410238266,-0.0839245393872261,253,253,253,253,253,253,-0.09836731075939285,-0.3316125889912157,0.2380364875864751,0.08741078984975335,-3.134774538198689,0.0002891136151704834,-0.09857571583089007,-0.33151946372684454,0.2378821968480733,0.08642753755830228,-3.135436293863622,-0.0005048987013565311,4.708086517576091e-8,-0.0000014754358597079561,0.0000019970110088709276,0.000002346971399105828,0.00003379116443745309,0.00001828767795727037,0,0,0,0,0,0,1.26350879329836,-2.4030721620351585,-13.336193485974245,-0.7491940668146357,0.37016637149668924,-0.4505791329670696,7,1,3,1,2,48.19097137451172,48.19097137451172,0.6445291042327881,0,0,0.0040280818939208984,0.0040280818939208984,0.004000000189989805,0.004000000189989805,1,1,0,0,7,0,false,false,100.4000015258789,113,-3,280,55,105,1357,,,,1775568896229,1775568896229,,,,,,,,,,,,,,,
1776085912227,002c2969-c559-4f02-85a2-f2403051e800,0,54.31673103487873,-83.10434961373652,88.30281660894589,-95.41322476231325,-90.4846148987454,321.38654641324274,-43.82006899764646,-5.947998094832496,-15.589599422041454,22.092134172284936,-0.3941345452712784,-49.65820392656612,54.272708379608865,-83.08699463218566,88.30659469036082,-95.38942206995966,-90.47304530245357,321.37930530769967,-43.29367776588144,-5.7307966559054355,-16.220930093109953,21.567878722275278,-0.2553355723846083,-48.88322633112243,-0.3835602104663849,-1.6777955293655396,-1.8895260095596313,-0.21484681963920593,0.04699774086475372,-0.3390551507472992,-0.15625811646183974,-1.3747705268319699,-1.574136165211221,-0.267982864132805,-0.056498848089878845,-0.37775815709192817,33.77998352050781,36.609981536865234,38.769981384277344,40.680015563964844,43.129981994628906,40.949981689453125,-0.008972168900072575,-0.8792725801467896,-1.5204660892486572,-0.6501354575157166,-0.1018284410238266,-0.0839245393872261,253,253,253,253,253,253,-0.09836731075939285,-0.3316125889912157,0.2380364875864751,0.08741078984975335,-3.134774538198689,0.0002891136151704834,-0.09857571583089007,-0.33151946372684454,0.2378821968480733,0.08642753755830228,-3.135436293863622,-0.0005048987013565311,4.708086517576091e-8,-0.0000014754358597079561,0.0000019970110088709276,0.000002346971399105828,0.00003379116443745309,0.00001828767795727037,0,0,0,0,0,0,1.26350879329836,-2.4030721620351585,-13.336193485974245,-0.7491940668146357,0.37016637149668924,-0.4505791329670696,7,1,3,1,2,48.19097137451172,48.19097137451172,0.6445291042327881,0,0,0.0040280818939208984,0.0040280818939208984,0.004000000189989805,0.004000000189989805,1,1,0,0,7,0,false,false,100.4000015258789,113,-3,280,55,105,1357,,,,1775568896229,1775568896229,,,,,,,,,,,,,,,
1776085912237,002c2969-c559-4f02-85a2-f2403051e800,0,53.645425892304026,-83.18822433674427,88.05004496814206,-95.0672073789604,-90.47707436990171,320.6043531494929,-41.08557202758058,-4.693359365532384,-16.67449983961711,21.487886119434126,0.21972657194950196,-46.80725223115153,53.60164684159166,-83.16947297706692,88.04756029843743,-95.05391067870627,-90.47700737733162,320.62140576038894,-40.607696046150494,-4.5996837976446345,-16.145310462063286,20.37926556293897,-0.24030305218401518,-45.87175536443749,-0.5001984238624573,-1.6822816133499146,-2.0481302738189697,-0.26296356320381165,-0.008951950818300247,-0.3368171453475952,-0.14700690378148754,-1.3766746425381584,-1.569557094492948,-0.27182709829322976,-0.0511750666771588,-0.3732931426496153,33.77998352050781,36.609981536865234,38.769981384277344,40.680015563964844,43.129981994628906,40.949981689453125,-0.008972168900072575,-0.8792725801467896,-1.5204660892486572,-0.6501354575157166,-0.1018284410238266,-0.0839245393872261,253,253,253,253,253,253,-0.10206929348252611,-0.3302320452164021,0.23931264857577594,0.09049203022217861,-3.1348856303877297,9.670983727566323e-05,-0.10232365563775726,-0.33015683072017954,0.23919887874048584,0.08883968277884004,-3.1352508792552576,-0.0005425930249808523,4.708086517576091e-8,-0.0000014754358597079561,0.0000019970110088709276,0.000002346971399105828,0.00003379116443745309,0.00001828767795727037,0,0,0,0,0,0,1.26350879329836,-2.4030721620351585,-13.336193485974245,-0.7491940668146357,0.37016637149668924,-0.4505791329670696,7,1,3,1,2,48.19097137451172,48.19097137451172,0.6445291042327881,0,0,0.0040280818939208984,0.0040280818939208984,0.004000000189989805,0.004000000189989805,1,1,0,0,7,0,false,false,100.4000015258789,113,-3,280,55,105,1357,,,,1775568896229,1775568896229,,,,,,,,,,,,,,,
1776085912245,002c2969-c559-4f02-85a2-f2403051e800,0,53.645425892304026,-83.18822433674427,88.05004496814206,-95.0672073789604,-90.47707436990171,320.6043531494929,-41.08557202758058,-4.693359365532384,-16.67449983961711,21.487886119434126,0.21972657194950196,-46.80725223115153,53.60164684159166,-83.16947297706692,88.04756029843743,-95.05391067870627,-90.47700737733162,320.62140576038894,-40.607696046150494,-4.5996837976446345,-16.145310462063286,20.37926556293897,-0.24030305218401518,-45.87175536443749,-0.5001984238624573,-1.6822816133499146,-2.0481302738189697,-0.26296356320381165,-0.008951950818300247,-0.3368171453475952,-0.14700690378148754,-1.3766746425381584,-1.569557094492948,-0.27182709829322976,-0.0511750666771588,-0.3732931426496153,33.77998352050781,36.609981536865234,38.769981384277344,40.680015563964844,43.129981994628906,40.949981689453125,-0.008972168900072575,-0.8792725801467896,-1.5204660892486572,-0.6501354575157166,-0.1018284410238266,-0.0839245393872261,253,253,253,253,253,253,-0.10206929348252611,-0.3302320452164021,0.23931264857577594,0.09049203022217861,-3.1348856303877297,9.670983727566323e-05,-0.10232365563775726,-0.33015683072017954,0.23919887874048584,0.08883968277884004,-3.1352508792552576,-0.0005425930249808523,4.708086517576091e-8,-0.0000014754358597079561,0.0000019970110088709276,0.000002346971399105828,0.00003379116443745309,0.00001828767795727037,0,0,0,0,0,0,1.26350879329836,-2.4030721620351585,-13.336193485974245,-0.7491940668146357,0.37016637149668924,-0.4505791329670696,7,1,3,1,2,48.19097137451172,48.19097137451172,0.6445291042327881,0,0,0.0040280818939208984,0.0040280818939208984,0.004000000189989805,0.004000000189989805,1,1,0,0,7,0,false,false,100.4000015258789,113,-3,280,55,105,1357,,,,1775568896229,1775568896229,,,,,,,,,,,,,,,
1776085912256,002c2969-c559-4f02-85a2-f2403051e800,0,52.70092342821257,-83.2824263057771,87.6695214691023,-94.58551511793443,-90.4887403330041,319.5603450744781,-37.6160886462134,-3.4464112157942957,-16.200715230102713,19.007721488397436,-0.49575807512626846,-41.41845837225408,52.67533364640494,-83.26211485889671,87.66448989248124,-94.58663067422633,-90.48250592071437,319.5746019493308,-36.60576775344195,-3.1677778777342454,-15.733614590187754,18.5652910637202,-0.21839745621395057,-41.38146518509247,-0.3566437065601349,-1.5342408418655396,-2.1518330574035645,-0.4073137640953064,-0.006713963113725185,-0.40171879529953003,-0.13351753702623168,-1.3807632162343026,-1.5616655572592655,-0.27760289193288157,-0.043409085434434495,-0.3667256678101782,33.77998352050781,36.609981536865234,38.769981384277344,40.680015563964844,43.129981994628906,40.949981689453125,-0.008972168900072575,-0.8792725801467896,-1.5204660892486572,-0.6501354575157166,-0.1018284410238266,-0.0839245393872261,253,253,253,253,253,253,-0.10735085681068207,-0.3282701476843625,0.24111028319395866,0.09326842981920504,-3.1347176418930376,-0.0004029666646494254,-0.10751446671611424,-0.3282691661391022,0.2410224461317771,0.09218617403357061,-3.1349907048395087,-0.0005977267223949266,4.708086517576091e-8,-0.0000014754358597079561,0.0000019970110088709276,0.000002346971399105828,0.00003379116443745309,0.00001828767795727037,0,0,0,0,0,0,1.26350879329836,-2.4030721620351585,-13.336193485974245,-0.7491940668146357,0.37016637149668924,-0.4505791329670696,7,1,3,1,2,48.19097137451172,48.19097137451172,0.6445291042327881,0,0,0.0040280818939208984,0.0040280818939208984,0.004000000189989805,0.004000000189989805,1,1,0,0,7,0,false,false,100.4000015258789,113,-3,280,55,105,1357,,,,1775568896229,1775568896229,,,,,,,,,,,,,,,
1776085912265,002c2969-c559-4f02-85a2-f2403051e800,0,52.70092342821257,-83.2824263057771,87.6695214691023,-94.58551511793443,-90.4887403330041,319.5603450744781,-37.6160886462134,-3.4464112157942957,-16.200715230102713,19.007721488397436,-0.49575807512626846,-41.41845837225408,52.67533364640494,-83.26211485889671,87.66448989248124,-94.58663067422633,-90.48250592071437,319.5746019493308,-36.60576775344195,-3.1677778777342454,-15.733614590187754,18.5652910637202,-0.21839745621395057,-41.38146518509247,-0.3566437065601349,-1.5342408418655396,-2.1518330574035645,-0.4073137640953064,-0.006713963113725185,-0.40171879529953003,-0.13351753702623168,-1.3807632162343026,-1.5616655572592655,-0.27760289193288157,-0.043409085434434495,-0.3667256678101782,33.77998352050781,36.609981536865234,38.769981384277344,40.680015563964844,43.129981994628906,40.949981689453125,-0.008972168900072575,-0.8792725801467896,-1.5204660892486572,-0.6501354575157166,-0.1018284410238266,-0.0839245393872261,253,253,253,253,253,253,-0.10735085681068207,-0.3282701476843625,0.24111028319395866,0.09326842981920504,-3.1347176418930376,-0.0004029666646494254,-0.10751446671611424,-0.3282691661391022,0.2410224461317771,0.09218617403357061,-3.1349907048395087,-0.0005977267223949266,4.708086517576091e-8,-0.0000014754358597079561,0.0000019970110088709276,0.000002346971399105828,0.00003379116443745309,0.00001828767795727037,0,0,0,0,0,0,1.26350879329836,-2.4030721620351585,-13.336193485974245,-0.7491940668146357,0.37016637149668924,-0.4505791329670696,7,1,3,1,2,48.19097137451172,48.19097137451172,0.6445291042327881,0,0,0.0040280818939208984,0.0040280818939208984,0.004000000189989805,0.004000000189989805,1,1,0,0,7,0,false,false,100.4000015258789,113,-3,280,55,105,1357,,,,1775568896229,1775568896229,,,,,,,,,,,,,,,
1776085912275,002c2969-c559-4f02-85a2-f2403051e800,0,52.11886153733325,-83.32641272403197,87.41814318688915,-94.29845592749713,-90.48598093657941,318.92901702911547,-34.88159167614753,-2.438964929963173,-15.376739991652592,17.08923404866216,-0.16479492229201986,-38.43017889338722,52.110947329274936,-83.30633982774985,87.41633213209138,-94.29946090697149,-90.48588308090044,318.9364011261852,-33.958702042153426,-2.377453006417781,-15.275633213149538,17.33818410118266,-0.2042031455652797,-38.408736013446074,-0.2534637749195099,-1.4938660860061646,-2.0100042819976807,-0.2741535007953644,-0.004475975409150124,-0.31555625796318054,-0.12474477562989665,-1.3841356341440743,-1.5558002837935896,-0.28145901632474085,-0.03837011401473823,-0.36242113079204447,33.77998352050781,36.609981536865234,38.769981384277344,40.680015563964844,43.129981994628906,40.949981689453125,-0.008972168900072575,-0.8792725801467896,-1.5204660892486572,-0.6501354575157166,-0.1018284410238266,-0.0839245393872261,253,253,253,253,253,253,-0.11061926071886342,-0.3270993129189013,0.24224069398577167,0.09464813334838144,-3.1346236821492064,-0.0002714949383313034,-0.11068816238815801,-0.3271148383711702,0.24213738403599472,0.09423603082046339,-3.134829674523789,-0.0006334678551268813,4.708086517576091e-8,-0.0000014754358597079561,0.0000019970110088709276,0.000002346971399105828,0.00003379116443745309,0.00001828767795727037,0,0,0,0,0,0,1.26350879329836,-2.4030721620351585,-13.336193485974245,-0.7491940668146357,0.37016637149668924,-0.4505791329670696,7,1,3,1,2,48.19097137451172,48.19097137451172,0.6445291042327881,0,0,0.0040280818939208984,0.0040280818939208984,0.004000000189989805,0.004000000189989805,1,1,0,0,7,0,false,false,100.4000015258789,113,-3,280,55,105,1357,,,,1775568896229,1775568896229,,,,,,,,,,,,,,,
1776085912285,002c2969-c559-4f02-85a2-f2403051e800,0,52.11886153733325,-83.32641272403197,87.41814318688915,-94.29845592749713,-90.48598093657941,318.92901702911547,-34.88159167614753,-2.438964929963173,-15.376739991652592,17.08923404866216,-0.16479492229201986,-38.43017889338722,52.110947329274936,-83.30633982774985,87.41633213209138,-94.29946090697149,-90.48588308090044,318.9364011261852,-33.958702042153426,-2.377453006417781,-15.275633213149538,17.33818410118266,-0.2042031455652797,-38.408736013446074,-0.2534637749195099,-1.4938660860061646,-2.0100042819976807,-0.2741535007953644,-0.004475975409150124,-0.31555625796318054,-0.12474477562989665,-1.3841356341440743,-1.5558002837935896,-0.28145901632474085,-0.03837011401473823,-0.36242113079204447,33.77998352050781,36.609981536865234,38.769981384277344,40.680015563964844,43.129981994628906,40.949981689453125,-0.008972168900072575,-0.8792725801467896,-1.5204660892486572,-0.6501354575157166,-0.1018284410238266,-0.0839245393872261,253,253,253,253,253,253,-0.11061926071886342,-0.3270993129189013,0.24224069398577167,0.09464813334838144,-3.1346236821492064,-0.0002714949383313034,-0.11068816238815801,-0.3271148383711702,0.24213738403599472,0.09423603082046339,-3.134829674523789,-0.0006334678551268813,4.708086517576091e-8,-0.0000014754358597079561,0.0000019970110088709276,0.000002346971399105828,0.00003379116443745309,0.00001828767795727037,0,0,0,0,0,0,1.26350879329836,-2.4030721620351585,-13.336193485974245,-0.7491940668146357,0.37016637149668924,-0.4505791329670696,7,1,3,1,2,48.19097137451172,48.19097137451172,0.6445291042327881,0,0,0.0040280818939208984,0.0040280818939208984,0.004000000189989805,0.004000000189989805,1,1,0,0,7,0,false,false,100.4000015258789,113,-3,280,55,105,1357,,,,1775568896229,1775568896229,,,,,,,,,,,,,,,
1776085912294,002c2969-c559-4f02-85a2-f2403051e800,0,51.34595733085461,-83.36835008553585,87.06166195372785,-93.9072226918388,-90.49147240867211,318.05775809858864,-30.802370477384134,-1.1315918041852742,-14.643403071035832,15.883483679006885,-0.07965088466623177,-34.30755867263756,51.343399480946836,-83.35139977607876,87.06052595922385,-93.90575818331952,-90.49052864241095,318.06790332211057,-30.022495584326496,-1.4167975793887422,-14.3392140016084,15.474789368761467,-0.18347772393927067,-33.98389356374206,-0.2669220268726349,-1.576858639717102,-2.1472580432891846,-0.2506546378135681,-0.04699774086475372,-0.29989033937454224,-0.11185070457376828,-1.3898834174822627,-1.5462328172926194,-0.28724931804638126,-0.030999930368265524,-0.3560527703287833,33.77998352050781,36.609981536865234,38.769981384277344,40.680015563964844,43.129981994628906,40.949981689453125,-0.008972168900072575,-0.8792725801467896,-1.5204660892486572,-0.6501354575157166,-0.1018284410238266,-0.0839245393872261,253,253,253,253,253,253,-0.11498983090721666,-0.3255223322833779,0.24375166556298866,0.0973791879972115,-3.1343887789266,-0.0003426369820985281,-0.11501929551879808,-0.32553940412708093,0.2436589345427016,0.0970391205007407,-3.134607474116823,-0.0006854304904176583,4.708086517576091e-8,-0.0000014754358597079561,0.0000019970110088709276,0.000002346971399105828,0.00003379116443745309,0.00001828767795727037,0,0,0,0,0,0,1.26350879329836,-2.4030721620351585,-13.336193485974245,-0.7491940668146357,0.37016637149668924,-0.4505791329670696,7,1,3,1,2,48.19097137451172,48.19097137451172,0.6445291042327881,0,0,0.0040280818939208984,0.0040280818939208984,0.004000000189989805,0.004000000189989805,1,1,0,0,7,0,false,false,100.4000015258789,113,-3,280,55,105,1357,,,,1775568896229,1775568896229,,,,,,,,,,,,,,,
1776085912303,002c2969-c559-4f02-85a2-f2403051e800,0,51.34595733085461,-83.36835008553585,87.06166195372785,-93.9072226918388,-90.49147240867211,318.05775809858864,-30.802370477384134,-1.1315918041852742,-14.643403071035832,15.883483679006885,-0.07965088466623177,-34.30755867263756,51.343399480946836,-83.35139977607876,87.06052595922385,-93.90575818331952,-90.49052864241095,318.06790332211057,-30.022495584326496,-1.4167975793887422,-14.3392140016084,15.474789368761467,-0.18347772393927067,-33.98389356374206,-0.2669220268726349,-1.576858639717102,-2.1472580432891846,-0.2506546378135681,-0.04699774086475372,-0.29989033937454224,-0.11185070457376828,-1.3898834174822627,-1.5462328172926194,-0.28724931804638126,-0.030999930368265524,-0.3560527703287833,33.77998352050781,36.609981536865234,38.769981384277344,40.680015563964844,43.129981994628906,40.949981689453125,-0.008972168900072575,-0.8792725801467896,-1.5204660892486572,-0.6501354575157166,-0.1018284410238266,-0.0839245393872261,253,253,253,253,253,253,-0.11498983090721666,-0.3255223322833779,0.24375166556298866,0.0973791879972115,-3.1343887789266,-0.0003426369820985281,-0.11501929551879808,-0.32553940412708093,0.2436589345427016,0.0970391205007407,-3.134607474116823,-0.0006854304904176583,4.708086517576091e-8,-0.0000014754358597079561,0.0000019970110088709276,0.000002346971399105828,0.00003379116443745309,0.00001828767795727037,0,0,0,0,0,0,1.26350879329836,-2.4030721620351585,-13.336193485974245,-0.7491940668146357,0.37016637149668924,-0.4505791329670696,7,1,3,1,2,48.19097137451172,48.19097137451172,0.6445291042327881,0,0,0.0040280818939208984,0.0040280818939208984,0.004000000189989805,0.004000000189989805,1,1,0,0,7,0,false,false,100.4000015258789,113,-3,280,55,105,1357,,,,1775568896229,1775568896229,,,,,,,,,,,,,,,
1776085912313,002c2969-c559-4f02-85a2-f2403051e800,0,50.87854358028854,-83.3882669171556,86.83913439056883,-93.666062372624,-90.49147240867211,317.53202477779445,-27.2790532525262,-1.3524170494153696,-13.927917703588548,13.908691574848609,-0.05905151437714933,-30.58319312201301,50.88717120786815,-83.37185215054807,86.84071524141203,-93.67028954099365,-90.49290707128996,317.55138200206636,-27.056572778818623,-1.1930542538972337,-13.216841474792252,14.097445417937713,-0.11919175279570543,-30.63873621223638,-0.3902893364429474,-1.5835877656936646,-1.9246019124984741,-0.3927668333053589,-0.03580780327320099,-0.38045790791511536,-0.09943343989704295,-1.4242209402233947,-1.5560237670537973,-0.28747002420162276,-0.007856585027618495,-0.35190505079664114,33.77998352050781,36.609981536865234,38.769981384277344,40.680015563964844,43.129981994628906,40.949981689453125,-0.008972168900072575,-0.8792725801467896,-1.5204660892486572,-0.6501354575157166,-0.1018284410238266,-0.0839245393872261,253,253,253,253,253,253,-0.11762283851453213,-0.3245538715419837,0.24466404191628008,0.09900222406308312,-3.1343257069951296,-0.00039279074782985166,-0.1175972486167738,-0.3245946729884003,0.2445687419021778,0.09871308884391022,-3.1344733254928463,-0.0007007242978209844,4.708086517576091e-8,-0.0000014754358597079561,0.0000019970110088709276,0.000002346971399105828,0.00003379116443745309,0.00001828767795727037,0,0,0,0,0,0,1.26350879329836,-2.4030721620351585,-13.336193485974245,-0.7491940668146357,0.37016637149668924,-0.4505791329670696,7,1,3,1,2,48.19097137451172,48.19097137451172,0.6445291042327881,0,0,0.0040280818939208984,0.0040280818939208984,0.004000000189989805,0.004000000189989805,1,1,0,0,7,0,false,false,100.4000015258789,113,-3,280,55,105,1357,,,,1775568896229,1775568896229,,,,,,,,,,,,,,,
1776085912323,002c2969-c559-4f02-85a2-f2403051e800,0,50.87854358028854,-83.3882669171556,86.83913439056883,-93.666062372624,-90.49147240867211,317.53202477779445,-27.2790532525262,-1.3524170494153696,-13.927917703588548,13.908691574848609,-0.05905151437714933,-30.58319312201301,50.88717120786815,-83.37185215054807,86.84071524141203,-93.67028954099365,-90.49290707128996,317.55138200206636,-27.056572778818623,-1.1930542538972337,-13.216841474792252,14.097445417937713,-0.11919175279570543,-30.63873621223638,-0.3902893364429474,-1.5835877656936646,-1.9246019124984741,-0.3927668333053589,-0.03580780327320099,-0.38045790791511536,-0.09943343989704295,-1.4242209402233947,-1.5560237670537973,-0.28747002420162276,-0.007856585027618495,-0.35190505079664114,33.77998352050781,36.609981536865234,38.769981384277344,40.680015563964844,43.129981994628906,40.949981689453125,-0.008972168900072575,-0.8792725801467896,-1.5204660892486572,-0.6501354575157166,-0.1018284410238266,-0.0839245393872261,253,253,253,253,253,253,-0.11762283851453213,-0.3245538715419837,0.24466404191628008,0.09900222406308312,-3.1343257069951296,-0.00039279074782985166,-0.1175972486167738,-0.3245946729884003,0.2445687419021778,0.09871308884391022,-3.1344733254928463,-0.0007007242978209844,4.708086517576091e-8,-0.0000014754358597079561,0.0000019970110088709276,0.000002346971399105828,0.00003379116443745309,0.00001828767795727037,0,0,0,0,0,0,1.26350879329836,-2.4030721620351585,-13.336193485974245,-0.7491940668146357,0.37016637149668924,-0.4505791329670696,7,1,3,1,2,48.19097137451172,48.19097137451172,0.6445291042327881,0,0,0.0040280818939208984,0.0040280818939208984,0.004000000189989805,0.004000000189989805,1,1,0,0,7,0,false,false,100.4000015258789,113,-3,280,55,105,1357,,,,1775568896229,1775568896229,,,,,,,,,,,,,,,
1776085912333,002c2969-c559-4f02-85a2-f2403051e800,0,50.25389204483961,-83.40687235245471,86.52934433057374,-93.34471563255323,-90.49286576726278,316.8444979359409,-23.802978738609948,-0.28674316078605055,-12.08221446719622,12.735901136806875,-0.04257202214794735,-26.266938745840783,50.28376802919873,-83.39699999615367,86.53570516938001,-93.34718128073338,-90.49555745328021,316.86771586617874,-23.233734921154966,-0.935639298674289,-12.163676228423075,12.824517557657813,-0.1018307211624807,-26.34015363273979,-0.2332763969898224,-1.6463929414749146,-2.0069541931152344,-0.41178974509239197,-0.05818767845630646,-0.2204417884349823,-0.08047581186490334,-1.4320137671397297,-1.5469350663904287,-0.29131907257485373,-0.0016429753544468092,-0.25102845699850057,33.77998352050781,36.609981536865234,38.769981384277344,40.680015563964844,43.129981994628906,40.949981689453125,-0.008972168900072575,-0.8792725801467896,-1.5204660892486572,-0.6501354575157166,-0.1018284410238266,-0.0839245393872261,253,253,253,253,253,253,-0.12115785636766095,-0.32325628493130865,0.24590414152550044,0.10075610577802449,-3.134174526091942,-0.0003738774773803568,-0.12099798340270485,-0.3233195898355514,0.24581853111267327,0.10094238828852635,-3.134292191809418,-0.0007006752758204575,4.708086517576091e-8,-0.0000014754358597079561,0.0000019970110088709276,0.000002346971399105828,0.00003379116443745309,0.00001828767795727037,0,0,0,0,0,0,1.26350879329836,-2.4030721620351585,-13.336193485974245,-0.7491940668146357,0.37016637149668924,-0.4505791329670696,7,1,3,1,2,48.19097137451172,48.19097137451172,0.6445291042327881,0,0,0.0040280818939208984,0.0040280818939208984,0.004000000189989805,0.004000000189989805,1,1,0,0,7,0,false,false,100.4000015258789,113,-3,280,55,105,1357,,,,1775568896229,1775568896229,,,,,,,,,,,,,,,
1776085912342,002c2969-c559-4f02-85a2-f2403051e800,0,50.25389204483961,-83.40687235245471,86.52934433057374,-93.34471563255323,-90.49286576726278,316.8444979359409,-23.802978738609948,-0.28674316078605055,-12.08221446719622,12.735901136806875,-0.04257202214794735,-26.266938745840783,50.28376802919873,-83.39699999615367,86.53570516938001,-93.34718128073338,-90.49555745328021,316.86771586617874,-23.233734921154966,-0.935639298674289,-12.163676228423075,12.824517557657813,-0.1018307211624807,-26.34015363273979,-0.2332763969898224,-1.6463929414749146,-2.0069541931152344,-0.41178974509239197,-0.05818767845630646,-0.2204417884349823,-0.08047581186490334,-1.4320137671397297,-1.5469350663904287,-0.29131907257485373,-0.0016429753544468092,-0.25102845699850057,33.77998352050781,36.609981536865234,38.769981384277344,40.680015563964844,43.129981994628906,40.949981689453125,-0.008972168900072575,-0.8792725801467896,-1.5204660892486572,-0.6501354575157166,-0.1018284410238266,-0.0839245393872261,253,253,253,253,253,253,-0.12115785636766095,-0.32325628493130865,0.24590414152550044,0.10075610577802449,-3.134174526091942,-0.0003738774773803568,-0.12099798340270485,-0.3233195898355514,0.24581853111267327,0.10094238828852635,-3.134292191809418,-0.0007006752758204575,4.708086517576091e-8,-0.0000014754358597079561,0.0000019970110088709276,0.000002346971399105828,0.00003379116443745309,0.00001828767795727037,0,0,0,0,0,0,1.26350879329836,-2.4030721620351585,-13.336193485974245,-0.7491940668146357,0.37016637149668924,-0.4505791329670696,7,1,3,1,2,48.19097137451172,48.19097137451172,0.6445291042327881,0,0,0.0040280818939208984,0.0040280818939208984,0.004000000189989805,0.004000000189989805,1,1,0,0,7,0,false,false,100.4000015258789,113,-3,280,55,105,1357,,,,1775568896229,1775568896229,,,,,,,,,,,,,,,
1776085912352,002c2969-c559-4f02-85a2-f2403051e800,0,50.25389204483961,-83.40687235245471,86.52934433057374,-93.34471563255323,-90.49286576726278,316.8444979359409,-23.802978738609948,-0.28674316078605055,-12.08221446719622,12.735901136806875,-0.04257202214794735,-26.266938745840783,50.28376802919873,-83.39699999615367,86.53570516938001,-93.34718128073338,-90.49555745328021,316.86771586617874,-23.233734921154966,-0.935639298674289,-12.163676228423075,12.824517557657813,-0.1018307211624807,-26.34015363273979,-0.2332763969898224,-1.6463929414749146,-2.0069541931152344,-0.41178974509239197,-0.05818767845630646,-0.2204417884349823,-0.08047581186490334,-1.4320137671397297,-1.5469350663904287,-0.29131907257485373,-0.0016429753544468092,-0.25102845699850057,33.77998352050781,36.609981536865234,38.769981384277344,40.680015563964844,43.129981994628906,40.949981689453125,-0.008972168900072575,-0.8792725801467896,-1.5204660892486572,-0.6501354575157166,-0.1018284410238266,-0.0839245393872261,253,253,253,253,253,253,-0.12115785636766095,-0.32325628493130865,0.24590414152550044,0.10075610577802449,-3.134174526091942,-0.0003738774773803568,-0.12099798340270485,-0.3233195898355514,0.24581853111267327,0.10094238828852635,-3.134292191809418,-0.0007006752758204575,4.708086517576091e-8,-0.0000014754358597079561,0.0000019970110088709276,0.000002346971399105828,0.00003379116443745309,0.00001828767795727037,0,0,0,0,0,0,1.26350879329836,-2.4030721620351585,-13.336193485974245,-0.7491940668146357,0.37016637149668924,-0.4505791329670696,7,1,3,1,2,48.19097137451172,48.19097137451172,0.6445291042327881,0,0,0.0040280818939208984,0.0040280818939208984,0.004000000189989805,0.004000000189989805,1,1,0,0,7,0,false,false,100.4000015258789,113,-3,280,55,105,1357,,,,1775568896229,1775568896229,,,,,,,,,,,,,,,
1776085912361,002c2969-c559-4f02-85a2-f2403051e800,0,50.25389204483961,-83.40687235245471,86.52934433057374,-93.34471563255323,-90.49286576726278,316.8444979359409,-23.802978738609948,-0.28674316078605055,-12.08221446719622,12.735901136806875,-0.04257202214794735,-26.266938745840783,50.28376802919873,-83.39699999615367,86.53570516938001,-93.34718128073338,-90.49555745328021,316.86771586617874,-23.233734921154966,-0.935639298674289,-12.163676228423075,12.824517557657813,-0.1018307211624807,-26.34015363273979,-0.2332763969898224,-1.6463929414749146,-2.0069541931152344,-0.41178974509239197,-0.05818767845630646,-0.2204417884349823,-0.08047581186490334,-1.4320137671397297,-1.5469350663904287,-0.29131907257485373,-0.0016429753544468092,-0.25102845699850057,33.77998352050781,36.609981536865234,38.769981384277344,40.680015563964844,43.129981994628906,40.949981689453125,-0.008972168900072575,-0.8792725801467896,-1.5204660892486572,-0.6501354575157166,-0.1018284410238266,-0.0839245393872261,253,253,253,253,253,253,-0.12115785636766095,-0.32325628493130865,0.24590414152550044,0.10075610577802449,-3.134174526091942,-0.0003738774773803568,-0.12099798340270485,-0.3233195898355514,0.24581853111267327,0.10094238828852635,-3.134292191809418,-0.0007006752758204575,4.708086517576091e-8,-0.0000014754358597079561,0.0000019970110088709276,0.000002346971399105828,0.00003379116443745309,0.00001828767795727037,0,0,0,0,0,0,1.26350879329836,-2.4030721620351585,-13.336193485974245,-0.7491940668146357,0.37016637149668924,-0.4505791329670696,7,1,3,1,2,48.19097137451172,48.19097137451172,0.6445291042327881,0,0,0.0040280818939208984,0.0040280818939208984,0.004000000189989805,0.004000000189989805,1,1,0,0,7,0,false,false,100.4000015258789,113,-3,280,55,105,1357,,,,1775568896229,1775568896229,,,,,,,,,,,,,,,
1776085912370,002c2969-c559-4f02-85a2-f2403051e800,0,50.25389204483961,-83.40687235245471,86.52934433057374,-93.34471563255323,-90.49286576726278,316.8444979359409,-23.802978738609948,-0.28674316078605055,-12.08221446719622,12.735901136806875,-0.04257202214794735,-26.266938745840783,50.28376802919873,-83.39699999615367,86.53570516938001,-93.34718128073338,-90.49555745328021,316.86771586617874,-23.233734921154966,-0.935639298674289,-12.163676228423075,12.824517557657813,-0.1018307211624807,-26.34015363273979,-0.2332763969898224,-1.6463929414749146,-2.0069541931152344,-0.41178974509239197,-0.05818767845630646,-0.2204417884349823,-0.08047581186490334,-1.4320137671397297,-1.5469350663904287,-0.29131907257485373,-0.0016429753544468092,-0.25102845699850057,33.77998352050781,36.609981536865234,38.769981384277344,40.680015563964844,43.129981994628906,40.949981689453125,-0.008972168900072575,-0.8792725801467896,-1.5204660892486572,-0.6501354575157166,-0.1018284410238266,-0.0839245393872261,253,253,253,253,253,253,-0.12115785636766095,-0.32325628493130865,0.24590414152550044,0.10075610577802449,-3.134174526091942,-0.0003738774773803568,-0.12099798340270485,-0.3233195898355514,0.24581853111267327,0.10094238828852635,-3.134292191809418,-0.0007006752758204575,4.708086517576091e-8,-0.0000014754358597079561,0.0000019970110088709276,0.000002346971399105828,0.00003379116443745309,0.00001828767795727037,0,0,0,0,0,0,1.26350879329836,-2.4030721620351585,-13.336193485974245,-0.7491940668146357,0.37016637149668924,-0.4505791329670696,7,1,3,1,2,48.19097137451172,48.19097137451172,0.6445291042327881,0,0,0.0040280818939208984,0.0040280818939208984,0.004000000189989805,0.004000000189989805,1,1,0,0,7,0,false,false,100.4000015258789,113,-3,280,55,105,1357,,,,1775568896229,1775568896229,,,,,,,,,,,,,,,
1776085912380,002c2969-c559-4f02-85a2-f2403051e800,0,49.5929073181008,-83.43228065616717,86.16119713431004,-92.96170594465559,-90.4962808618478,316.1007722975966,-18.636107971129967,-0.5075683793357196,-10.737762592291848,11.21292177737671,-0.1716613835017851,-20.749054311630093,49.62105330251139,-83.42518024467475,86.17310913368017,-92.96437094759395,-90.49846373795334,316.1157446813062,-18.19656077377942,-0.8745319991004429,-10.443901050771528,11.095670467972946,-0.08005315231276361,-20.66867459550224,-0.1861725002527237,-1.653122067451477,-2.0100042819976807,-0.40059980750083923,-0.006713963113725185,-0.3177942633628845,-0.05564925153063069,-1.4421361941485003,-1.534178313903827,-0.29651501406952163,0.006173188454027595,-0.2313860474166535,33.77998352050781,36.609981536865234,38.769981384277344,40.680015563964844,43.129981994628906,40.949981689453125,-0.008972168900072575,-0.8792725801467896,-1.5204660892486572,-0.6501354575157166,-0.1018284410238266,-0.0839245393872261,253,253,253,253,253,253,-0.12487544468532075,-0.3218258768618418,0.2473953837549004,0.10305790274050981,-3.133936301448432,-0.0003320246326431332,-0.12471354367520085,-0.32187431951425527,0.2472968854192236,0.10342393716557462,-3.134087016714367,-0.0007006063611762519,4.708086517576091e-8,-0.0000014754358597079561,0.0000019970110088709276,0.000002346971399105828,0.00003379116443745309,0.00001828767795727037,0,0,0,0,0,0,1.26350879329836,-2.4030721620351585,-13.336193485974245,-0.7491940668146357,0.37016637149668924,-0.4505791329670696,7,1,3,1,2,48.19097137451172,48.19097137451172,0.6445291042327881,0,0,0.0040280818939208984,0.0040280818939208984,0.004000000189989805,0.004000000189989805,1,1,0,0,7,0,false,false,100.4000015258789,113,-3,280,55,105,1357,,,,1775568896229,1775568896229,,,,,,,,,,,,,,,
1776085912391,002c2969-c559-4f02-85a2-f2403051e800,0,49.201670667347884,-83.4529078274606,85.92905266479966,-92.70617490742708,-90.49286576726278,315.65314902015064,-15.016112833665089,-1.0634765687485583,-9.081574053478926,10.0648506477149,-0.08102417290612085,-16.5715040020279,49.22926667801069,-83.44744786158962,85.93997680136783,-92.7138375596583,-90.50019817886849,315.6703359180833,-14.457151586207463,-1.0029558547886717,-8.959397912286715,9.779704681024171,-0.064595972435297,-16.453551244799897,-0.3544006645679474,-1.4983521699905396,-2.022204637527466,-0.3558400571346283,-0.031331829726696014,-0.3043663203716278,-0.0372468220518167,-1.449171263185492,-1.5243637834288604,-0.300442652712476,0.011742381538365935,-0.21695975095623235,33.77998352050781,36.609981536865234,38.769981384277344,40.680015563964844,43.129981994628906,40.949981689453125,-0.008972168900072575,-0.8792725801467896,-1.5204660892486572,-0.6501354575157166,-0.1018284410238266,-0.0839245393872261,253,253,253,253,253,253,-0.12702742922805124,-0.32093206853440515,0.24834111445154752,0.10463300763552347,-3.1339623596087436,-0.00039295688336534135,-0.12688614992852615,-0.32098149689656735,0.24826462767637575,0.10491705363096332,-3.1339611148299507,-0.0007005536825050457,4.708086517576091e-8,-0.0000014754358597079561,0.0000019970110088709276,0.000002346971399105828,0.00003379116443745309,0.00001828767795727037,0,0,0,0,0,0,1.26350879329836,-2.4030721620351585,-13.336193485974245,-0.7491940668146357,0.37016637149668924,-0.4505791329670696,7,1,3,1,2,48.19097137451172,48.19097137451172,0.6445291042327881,0,0,0.0040280818939208984,0.0040280818939208984,0.004000000189989805,0.004000000189989805,1,1,0,0,7,0,false,false,100.4000015258789,113,-3,280,55,105,1357,,,,1775568896229,1775568896229,,,,,,,,,,,,,,,
1776085912400,002c2969-c559-4f02-85a2-f2403051e800,0,49.201670667347884,-83.4529078274606,85.92905266479966,-92.70617490742708,-90.49286576726278,315.65314902015064,-15.016112833665089,-1.0634765687485583,-9.081574053478926,10.0648506477149,-0.08102417290612085,-16.5715040020279,49.22926667801069,-83.44744786158962,85.93997680136783,-92.7138375596583,-90.50019817886849,315.6703359180833,-14.457151586207463,-1.0029558547886717,-8.959397912286715,9.779704681024171,-0.064595972435297,-16.453551244799897,-0.3544006645679474,-1.4983521699905396,-2.022204637527466,-0.3558400571346283,-0.031331829726696014,-0.3043663203716278,-0.0372468220518167,-1.449171263185492,-1.5243637834288604,-0.300442652712476,0.011742381538365935,-0.21695975095623235,33.77998352050781,36.609981536865234,38.769981384277344,40.680015563964844,43.129981994628906,40.949981689453125,-0.008972168900072575,-0.8792725801467896,-1.5204660892486572,-0.6501354575157166,-0.1018284410238266,-0.0839245393872261,253,253,253,253,253,253,-0.12702742922805124,-0.32093206853440515,0.24834111445154752,0.10463300763552347,-3.1339623596087436,-0.00039295688336534135,-0.12688614992852615,-0.32098149689656735,0.24826462767637575,0.10491705363096332,-3.1339611148299507,-0.0007005536825050457,4.708086517576091e-8,-0.0000014754358597079561,0.0000019970110088709276,0.000002346971399105828,0.00003379116443745309,0.00001828767795727037,0,0,0,0,0,0,1.26350879329836,-2.4030721620351585,-13.336193485974245,-0.7491940668146357,0.37016637149668924,-0.4505791329670696,7,1,3,1,2,48.19097137451172,48.19097137451172,0.6445291042327881,0,0,0.0040280818939208984,0.0040280818939208984,0.004000000189989805,0.004000000189989805,1,1,0,0,7,0,false,false,100.4000015258789,113,-3,280,55,105,1357,,,,1775568896229,1775568896229,,,,,,,,,,,,,,,
1776085912404,002c2969-c559-4f02-85a2-f2403051e800,0,49.201670667347884,-83.4529078274606,85.92905266479966,-92.70617490742708,-90.49286576726278,315.65314902015064,-15.016112833665089,-1.0634765687485583,-9.081574053478926,10.0648506477149,-0.08102417290612085,-16.5715040020279,49.22926667801069,-83.44744786158962,85.93997680136783,-92.7138375596583,-90.50019817886849,315.6703359180833,-14.457151586207463,-1.0029558547886717,-8.959397912286715,9.779704681024171,-0.064595972435297,-16.453551244799897,-0.3544006645679474,-1.4983521699905396,-2.022204637527466,-0.3558400571346283,-0.031331829726696014,-0.3043663203716278,-0.0372468220518167,-1.449171263185492,-1.5243637834288604,-0.300442652712476,0.011742381538365935,-0.21695975095623235,33.77998352050781,36.609981536865234,38.769981384277344,40.680015563964844,43.129981994628906,40.949981689453125,-0.008972168900072575,-0.8792725801467896,-1.5204660892486572,-0.6501354575157166,-0.1018284410238266,-0.0839245393872261,253,253,253,253,253,253,-0.12702742922805124,-0.32093206853440515,0.24834111445154752,0.10463300763552347,-3.1339623596087436,-0.00039295688336534135,-0.12688614992852615,-0.32098149689656735,0.24826462767637575,0.10491705363096332,-3.1339611148299507,-0.0007005536825050457,4.708086517576091e-8,-0.0000014754358597079561,0.0000019970110088709276,0.000002346971399105828,0.00003379116443745309,0.00001828767795727037,0,0,0,0,0,0,1.26350879329836,-2.4030721620351585,-13.336193485974245,-0.7491940668146357,0.37016637149668924,-0.4505791329670696,7,1,3,1,2,48.19097137451172,48.19097137451172,0.6445291042327881,0,0,0.0040280818939208984,0.0040280818939208984,0.004000000189989805,0.004000000189989805,1,1,0,0,7,0,false,false,100.4000015258789,113,-3,280,55,105,1357,,,,1775568896229,1775568896229,,,,,,,,,,,,,,,
1776085912415,002c2969-c559-4f02-85a2-f2403051e800,0,48.8831755312556,-83.47421801767105,85.73193340535309,-92.48217202340734,-90.4962808618478,315.31319684478075,-11.353271919536718,-1.4897461135281154,-7.399292484489261,8.497924997391227,-0.05218505983749072,-12.609558858860918,48.92690271205472,-83.47426209640089,85.74410602372089,-92.49504739370899,-90.50156930561012,315.32576682090183,-10.743484421973575,-1.2485868754799225,-7.344214014632791,8.450984707690386,-0.049757098484340345,-12.264180684460504,-0.0852356031537056,-1.7002259492874146,-1.9215519428253174,-0.44535955786705017,-0.048116736114025116,-0.24505965411663055,-0.01893462783208467,-1.4554456037199628,-1.514535879751042,-0.3043809491330182,0.017111196846864764,-0.20274707462018116,33.77998352050781,36.609981536865234,38.769981384277344,40.680015563964844,43.129981994628906,40.949981689453125,-0.008972168900072575,-0.8792725801467896,-1.5204660892486572,-0.6501354575157166,-0.1018284410238266,-0.0839245393872261,253,253,253,253,253,253,-0.12876716628910018,-0.32016273710250104,0.24915541485916265,0.10524711239497357,-3.133965254503903,-0.0006217367498932041,-0.12853241609495128,-0.3202524999058818,0.2491114926827849,0.10609476854066845,-3.1338597040171794,-0.0007005015649724737,4.708086517576091e-8,-0.0000014754358597079561,0.0000019970110088709276,0.000002346971399105828,0.00003379116443745309,0.00001828767795727037,0,0,0,0,0,0,1.26350879329836,-2.4030721620351585,-13.336193485974245,-0.7491940668146357,0.37016637149668924,-0.4505791329670696,7,1,3,1,2,48.19097137451172,48.19097137451172,0.6445291042327881,0,0,0.0040280818939208984,0.0040280818939208984,0.004000000189989805,0.004000000189989805,1,1,0,0,7,0,false,false,100.4000015258789,113,-3,280,55,105,1357,,,,1775568896229,1775568896229,,,,,,,,,,,,,,,
1776085912424,002c2969-c559-4f02-85a2-f2403051e800,0,48.8831755312556,-83.47421801767105,85.73193340535309,-92.48217202340734,-90.4962808618478,315.31319684478075,-11.353271919536718,-1.4897461135281154,-7.399292484489261,8.497924997391227,-0.05218505983749072,-12.609558858860918,48.92690271205472,-83.47426209640089,85.74410602372089,-92.49504739370899,-90.50156930561012,315.32576682090183,-10.743484421973575,-1.2485868754799225,-7.344214014632791,8.450984707690386,-0.049757098484340345,-12.264180684460504,-0.0852356031537056,-1.7002259492874146,-1.9215519428253174,-0.44535955786705017,-0.048116736114025116,-0.24505965411663055,-0.01893462783208467,-1.4554456037199628,-1.514535879751042,-0.3043809491330182,0.017111196846864764,-0.20274707462018116,33.77998352050781,36.609981536865234,38.769981384277344,40.680015563964844,43.129981994628906,40.949981689453125,-0.008972168900072575,-0.8792725801467896,-1.5204660892486572,-0.6501354575157166,-0.1018284410238266,-0.0839245393872261,253,253,253,253,253,253,-0.12876716628910018,-0.32016273710250104,0.24915541485916265,0.10524711239497357,-3.133965254503903,-0.0006217367498932041,-0.12853241609495128,-0.3202524999058818,0.2491114926827849,0.10609476854066845,-3.1338597040171794,-0.0007005015649724737,4.708086517576091e-8,-0.0000014754358597079561,0.0000019970110088709276,0.000002346971399105828,0.00003379116443745309,0.00001828767795727037,0,0,0,0,0,0,1.26350879329836,-2.4030721620351585,-13.336193485974245,-0.7491940668146357,0.37016637149668924,-0.4505791329670696,7,1,3,1,2,48.19097137451172,48.19097137451172,0.6445291042327881,0,0,0.0040280818939208984,0.0040280818939208984,0.004000000189989805,0.004000000189989805,1,1,0,0,7,0,false,false,100.4000015258789,113,-3,280,55,105,1357,,,,1775568896229,1775568896229,,,,,,,,,,,,,,,
1776085912433,002c2969-c559-4f02-85a2-f2403051e800,0,48.72325006693434,-83.49621122679848,85.61721354805356,-92.35469337273823,-90.49906757902916,315.1370052849511,-8.803344590091163,-1.4820557474095042,-6.67419447955883,7.539367711535175,-0.04257202214794735,-9.65286302848984,48.774737637673375,-83.49591000298591,85.6356136688505,-92.36695617642754,-90.50228828478336,315.1518076548278,-8.278254973734555,-1.4631226000919302,-6.210989144273792,7.559834111421875,-0.04014874218481861,-9.481820797246083,-0.1256103664636612,-1.7136842012405396,-1.8086988925933838,-0.4207416772842407,-0.04699774086475372,-0.3435311019420624,-0.006737160321259851,-1.4590877551588257,-1.5080636600390145,-0.3070054315819719,0.020601623244242043,-0.19336985000315388,33.77998352050781,36.609981536865234,38.769981384277344,40.680015563964844,43.129981994628906,40.949981689453125,-0.008972168900072575,-0.8792725801467896,-1.5204660892486572,-0.6501354575157166,-0.1018284410238266,-0.0839245393872261,253,253,253,253,253,253,-0.12962981900392764,-0.3197588071672571,0.2496882269923307,0.10570154293459252,-3.13380493108466,-0.0005166229532289441,-0.1293375158678705,-0.31985751608170343,0.24960891533207358,0.1067047122511566,-3.1338058820942716,-0.0007004677510177067,4.708086517576091e-8,-0.0000014754358597079561,0.0000019970110088709276,0.000002346971399105828,0.00003379116443745309,0.00001828767795727037,0,0,0,0,0,0,1.26350879329836,-2.4030721620351585,-13.336193485974245,-0.7491940668146357,0.37016637149668924,-0.4505791329670696,7,1,3,1,2,48.19097137451172,48.19097137451172,0.6445291042327881,0,0,0.0040280818939208984,0.0040280818939208984,0.004000000189989805,0.004000000189989805,1,1,0,0,7,0,false,false,100.4000015258789,113,-3,280,55,105,1357,,,,1775568896229,1775568896229,,,,,,,,,,,,,,,
1776085912443,002c2969-c559-4f02-85a2-f2403051e800,0,48.72325006693434,-83.49621122679848,85.61721354805356,-92.35469337273823,-90.49906757902916,315.1370052849511,-8.803344590091163,-1.4820557474095042,-6.67419447955883,7.539367711535175,-0.04257202214794735,-9.65286302848984,48.774737637673375,-83.49591000298591,85.6356136688505,-92.36695617642754,-90.50228828478336,315.1518076548278,-8.278254973734555,-1.4631226000919302,-6.210989144273792,7.559834111421875,-0.04014874218481861,-9.481820797246083,-0.1256103664636612,-1.7136842012405396,-1.8086988925933838,-0.4207416772842407,-0.04699774086475372,-0.3435311019420624,-0.006737160321259851,-1.4590877551588257,-1.5080636600390145,-0.3070054315819719,0.020601623244242043,-0.19336985000315388,33.77998352050781,36.609981536865234,38.769981384277344,40.680015563964844,43.129981994628906,40.949981689453125,-0.008972168900072575,-0.8792725801467896,-1.5204660892486572,-0.6501354575157166,-0.1018284410238266,-0.0839245393872261,253,253,253,253,253,253,-0.12962981900392764,-0.3197588071672571,0.2496882269923307,0.10570154293459252,-3.13380493108466,-0.0005166229532289441,-0.1293375158678705,-0.31985751608170343,0.24960891533207358,0.1067047122511566,-3.1338058820942716,-0.0007004677510177067,4.708086517576091e-8,-0.0000014754358597079561,0.0000019970110088709276,0.000002346971399105828,0.00003379116443745309,0.00001828767795727037,0,0,0,0,0,0,1.26350879329836,-2.4030721620351585,-13.336193485974245,-0.7491940668146357,0.37016637149668924,-0.4505791329670696,7,1,3,1,2,48.19097137451172,48.19097137451172,0.6445291042327881,0,0,0.0040280818939208984,0.0040280818939208984,0.004000000189989805,0.004000000189989805,1,1,0,0,7,0,false,false,100.4000015258789,113,-3,280,55,105,1357,,,,1775568896229,1775568896229,,,,,,,,,,,,,,,
1776085912453,002c2969-c559-4f02-85a2-f2403051e800,0,48.61343087036429,-83.51891477559961,85.52724629630615,-92.24576551585486,-90.4962808618478,315.0019861054383,-6.086425965627967,-1.7457276230767358,-4.947967900336127,6.565704608555993,-0.03570556760828874,-7.083435508963899,48.66196827929547,-83.52124654687931,85.54553621111374,-92.25314894102333,-90.5028550642247,315.0223182629388,-5.818599508834609,-1.7082298303527201,-5.043977445407364,6.665668480770777,-0.03072621399404397,-6.705038409150001,-0.1794433742761612,-1.6419068574905396,-1.944427490234375,-0.39836180210113525,-0.04923573136329651,-0.21820379793643951,0.005477264260505051,-1.4622188375385639,-1.5017152292755969,-0.3096243746603123,0.024036750959552662,-0.18405702202502963,33.77998352050781,36.609981536865234,38.769981384277344,40.680015563964844,43.129981994628906,40.949981689453125,-0.008972168900072575,-0.8792725801467896,-1.5204660892486572,-0.6501354575157166,-0.1018284410238266,-0.0839245393872261,253,253,253,253,253,253,-0.13018863415638965,-0.31945994885777884,0.25012364882548566,0.10640332692397374,-3.1337718214433776,-0.00041129746359544234,-0.12990868692000876,-0.3195353435548097,0.2500526147690782,0.10717450940356106,-3.1337631864164557,-0.0007004351110419372,4.708086517576091e-8,-0.0000014754358597079561,0.0000019970110088709276,0.000002346971399105828,0.00003379116443745309,0.00001828767795727037,0,0,0,0,0,0,1.26350879329836,-2.4030721620351585,-13.336193485974245,-0.7491940668146357,0.37016637149668924,-0.4505791329670696,7,1,3,1,2,48.19097137451172,48.19097137451172,0.6445291042327881,0,0,0.0040280818939208984,0.0040280818939208984,0.004000000189989805,0.004000000189989805,1,1,0,0,7,0,false,false,100.4000015258789,113,-3,280,55,105,1357,,,,1775568896229,1775568896229,,,,,,,,,,,,,,,
1776085912462,002c2969-c559-4f02-85a2-f2403051e800,0,48.61343087036429,-83.51891477559961,85.52724629630615,-92.24576551585486,-90.4962808618478,315.0019861054383,-6.086425965627967,-1.7457276230767358,-4.947967900336127,6.565704608555993,-0.03570556760828874,-7.083435508963899,48.66196827929547,-83.52124654687931,85.54553621111374,-92.25314894102333,-90.5028550642247,315.0223182629388,-5.818599508834609,-1.7082298303527201,-5.043977445407364,6.665668480770777,-0.03072621399404397,-6.705038409150001,-0.1794433742761612,-1.6419068574905396,-1.944427490234375,-0.39836180210113525,-0.04923573136329651,-0.21820379793643951,0.005477264260505051,-1.4622188375385639,-1.5017152292755969,-0.3096243746603123,0.024036750959552662,-0.18405702202502963,33.77998352050781,36.609981536865234,38.769981384277344,40.680015563964844,43.129981994628906,40.949981689453125,-0.008972168900072575,-0.8792725801467896,-1.5204660892486572,-0.6501354575157166,-0.1018284410238266,-0.0839245393872261,253,253,253,253,253,253,-0.13018863415638965,-0.31945994885777884,0.25012364882548566,0.10640332692397374,-3.1337718214433776,-0.00041129746359544234,-0.12990868692000876,-0.3195353435548097,0.2500526147690782,0.10717450940356106,-3.1337631864164557,-0.0007004351110419372,4.708086517576091e-8,-0.0000014754358597079561,0.0000019970110088709276,0.000002346971399105828,0.00003379116443745309,0.00001828767795727037,0,0,0,0,0,0,1.26350879329836,-2.4030721620351585,-13.336193485974245,-0.7491940668146357,0.37016637149668924,-0.4505791329670696,7,1,3,1,2,48.19097137451172,48.19097137451172,0.6445291042327881,0,0,0.0040280818939208984,0.0040280818939208984,0.004000000189989805,0.004000000189989805,1,1,0,0,7,0,false,false,100.4000015258789,113,-3,280,55,105,1357,,,,1775568896229,1775568896229,,,,,,,,,,,,,,,
1776085912472,002c2969-c559-4f02-85a2-f2403051e800,0,48.51528446708579,-83.56634360919618,85.43520266705106,-92.0971132787587,-90.49423180509679,314.8847527385242,-2.380737353845403,-1.9588623954665143,-3.3384705346894106,5.465698373857209,-0.02883911306863013,-2.4568177637931172,48.56654268158518,-83.5670487206127,85.44591684779513,-92.10930220361357,-90.5034255833209,314.91132636298596,-2.1338720077312168,-2.1143218944541537,-3.251482939130815,5.321157579847661,-0.01686285624889706,-2.5446259071216213,-0.1345825344324112,-1.7002259492874146,-1.9673031568527222,-0.4610254764556885,-0.08280554413795471,-0.2909384071826935,0.023874066486437896,-1.4658174144470784,-1.4925347458616904,-0.3135342332605788,0.029115160960701256,-0.1701840105794727,33.77998352050781,36.609981536865234,38.769981384277344,40.680015563964844,43.129981994628906,40.949981689453125,-0.008972168900072575,-0.8792725801467896,-1.5204660892486572,-0.6501354575157166,-0.1018284410238266,-0.0839245393872261,253,253,253,253,253,253,-0.1305949517622759,-0.31908564138291134,0.2506509842847327,0.10694838301785128,-3.133886589064338,-0.0005781310767561964,-0.13032682725375996,-0.3191886058896033,0.2506174329112767,0.10761644848959773,-3.133720137072022,-0.0007003891475512063,4.708086517576091e-8,-0.0000014754358597079561,0.0000019970110088709276,0.000002346971399105828,0.00003379116443745309,0.00001828767795727037,0,0,0,0,0,0,1.26350879329836,-2.4030721620351585,-13.336193485974245,-0.7491940668146357,0.37016637149668924,-0.4505791329670696,7,1,3,1,2,48.19097137451172,48.19097137451172,0.6445291042327881,0,0,0.0040280818939208984,0.0040280818939208984,0.004000000189989805,0.004000000189989805,1,1,0,0,7,0,false,false,100.4000015258789,113,-3,280,55,105,1357,,,,1775568896229,1775568896229,,,,,,,,,,,,,,,
1776085912482,002c2969-c559-4f02-85a2-f2403051e800,0,48.51528446708579,-83.56634360919618,85.43520266705106,-92.0971132787587,-90.49423180509679,314.8847527385242,-2.380737353845403,-1.9588623954665143,-3.3384705346894106,5.465698373857209,-0.02883911306863013,-2.4568177637931172,48.56654268158518,-83.5670487206127,85.44591684779513,-92.10930220361357,-90.5034255833209,314.91132636298596,-2.1338720077312168,-2.1143218944541537,-3.251482939130815,5.321157579847661,-0.01686285624889706,-2.5446259071216213,-0.1345825344324112,-1.7002259492874146,-1.9673031568527222,-0.4610254764556885,-0.08280554413795471,-0.2909384071826935,0.023874066486437896,-1.4658174144470784,-1.4925347458616904,-0.3135342332605788,0.029115160960701256,-0.1701840105794727,33.77998352050781,36.609981536865234,38.769981384277344,40.680015563964844,43.129981994628906,40.949981689453125,-0.008972168900072575,-0.8792725801467896,-1.5204660892486572,-0.6501354575157166,-0.1018284410238266,-0.0839245393872261,253,253,253,253,253,253,-0.1305949517622759,-0.31908564138291134,0.2506509842847327,0.10694838301785128,-3.133886589064338,-0.0005781310767561964,-0.13032682725375996,-0.3191886058896033,0.2506174329112767,0.10761644848959773,-3.133720137072022,-0.0007003891475512063,4.708086517576091e-8,-0.0000014754358597079561,0.0000019970110088709276,0.000002346971399105828,0.00003379116443745309,0.00001828767795727037,0,0,0,0,0,0,1.26350879329836,-2.4030721620351585,-13.336193485974245,-0.7491940668146357,0.37016637149668924,-0.4505791329670696,7,1,3,1,2,48.19097137451172,48.19097137451172,0.6445291042327881,0,0,0.0040280818939208984,0.0040280818939208984,0.004000000189989805,0.004000000189989805,1,1,0,0,7,0,false,false,100.4000015258789,113,-3,280,55,105,1357,,,,1775568896229,1775568896229,,,,,,,,,,,,,,,
1776085912491,002c2969-c559-4f02-85a2-f2403051e800,0,48.50223539067648,-83.60142346077336,85.39465866413786,-92.02105229216144,-90.49423180509679,314.8683056430028,-0.41198732574036945,-2.358764635285472,-1.461181728810593,4.251709088515605,-0.02609252991874536,-0.7415771703244092,48.55205519098838,-83.6031422582736,85.40355764994871,-92.03133946067364,-90.50362237538626,314.8928037770882,0.32336858070056007,-2.3980501808578736,-2.042779460087393,4.424240320577374,-0.007748793169852456,0.22973527546822778,0.1211242824792862,-1.7248995304107666,-1.9413774013519287,-0.4263366460800171,-0.09847146272659302,-0.1544211506843567,0.38337537835238694,-1.4673954272435992,-1.4867141314187926,-0.31612352821873113,0.032470828551810715,0.14052637654082806,33.77998352050781,36.609981536865234,38.769981384277344,40.680015563964844,43.129981994628906,40.949981689453125,-0.008972168900072575,-0.8792725801467896,-1.5204660892486572,-0.6501354575157166,-0.1018284410238266,-0.0839245393872261,253,253,253,253,253,253,-0.13057396869084412,-0.31895037422093414,0.25094799491853303,0.10705072602820756,-3.133886152020472,-0.0005925128306509086,-0.13031317668832745,-0.31904846149950683,0.2509268243368761,0.10773591169173687,-3.1337054911478845,-0.0007003610279950278,4.708086517576091e-8,-0.0000014754358597079561,0.0000019970110088709276,0.000002346971399105828,0.00003379116443745309,0.00001828767795727037,0,0,0,0,0,0,1.26350879329836,-2.4030721620351585,-13.336193485974245,-0.7491940668146357,0.37016637149668924,-0.4505791329670696,7,1,3,1,2,48.19097137451172,48.19097137451172,0.6445291042327881,0,0,0.0040280818939208984,0.0040280818939208984,0.004000000189989805,0.004000000189989805,1,1,0,0,7,0,false,false,100.4000015258789,113,-3,280,55,105,1357,,,,1775568896229,1775568896229,,,,,,,,,,,,,,,
1776085912500,002c2969-c559-4f02-85a2-f2403051e800,0,48.50223539067648,-83.60142346077336,85.39465866413786,-92.02105229216144,-90.49423180509679,314.8683056430028,-0.41198732574036945,-2.358764635285472,-1.461181728810593,4.251709088515605,-0.02609252991874536,-0.7415771703244092,48.55205519098838,-83.6031422582736,85.40355764994871,-92.03133946067364,-90.50362237538626,314.8928037770882,0.32336858070056007,-2.3980501808578736,-2.042779460087393,4.424240320577374,-0.007748793169852456,0.22973527546822778,0.1211242824792862,-1.7248995304107666,-1.9413774013519287,-0.4263366460800171,-0.09847146272659302,-0.1544211506843567,0.38337537835238694,-1.4673954272435992,-1.4867141314187926,-0.31612352821873113,0.032470828551810715,0.14052637654082806,33.77998352050781,36.609981536865234,38.769981384277344,40.680015563964844,43.129981994628906,40.949981689453125,-0.008972168900072575,-0.8792725801467896,-1.5204660892486572,-0.6501354575157166,-0.1018284410238266,-0.0839245393872261,253,253,253,253,253,253,-0.13057396869084412,-0.31895037422093414,0.25094799491853303,0.10705072602820756,-3.133886152020472,-0.0005925128306509086,-0.13031317668832745,-0.31904846149950683,0.2509268243368761,0.10773591169173687,-3.1337054911478845,-0.0007003610279950278,4.708086517576091e-8,-0.0000014754358597079561,0.0000019970110088709276,0.000002346971399105828,0.00003379116443745309,0.00001828767795727037,0,0,0,0,0,0,1.26350879329836,-2.4030721620351585,-13.336193485974245,-0.7491940668146357,0.37016637149668924,-0.4505791329670696,7,1,3,1,2,48.19097137451172,48.19097137451172,0.6445291042327881,0,0,0.0040280818939208984,0.0040280818939208984,0.004000000189989805,0.004000000189989805,1,1,0,0,7,0,false,false,100.4000015258789,113,-3,280,55,105,1357,,,,1775568896229,1775568896229,,,,,,,,,,,,,,,
1776085912510,002c2969-c559-4f02-85a2-f2403051e800,0,48.5571466965088,-83.663277653897,85.37476915327478,-91.93406300289216,-90.49975059794616,314.91904028815765,3.9364015163316055,-2.7487793225071897,-0.4586792192780907,3.0844118301138543,-0.02471924001132963,4.393158037358337,48.60411549278236,-83.66580540507617,85.37627674651996,-91.94128746518193,-90.50364537728727,314.94832502399015,4.017217739462297,-2.821446563205857,-0.23366208491748114,3.0807039573075325,0.005819847973501305,4.399262777343928,0.2355194389820099,-1.6912537813186646,-1.9520527124404907,-0.36143502593040466,-0.09175749868154526,0.1544211506843567,0.5004120911340045,-1.4683860006594789,-1.3762849180499341,-0.3199744118031517,0.03746395482010357,0.283629175572952,33.77998352050781,36.609981536865234,38.769981384277344,40.680015563964844,43.129981994628906,40.949981689453125,-0.008972168900072575,-0.8792725801467896,-1.5204660892486572,-0.6501354575157166,-0.1018284410238266,-0.0839245393872261,253,253,253,253,253,253,-0.1301024832104566,-0.3188674914700643,0.2512728531116859,0.10717534849101461,-3.133869435827299,-0.0007983284583764427,-0.12985408467262124,-0.31897476595772356,0.25129018048150176,0.10765236894872626,-3.1337046427028064,-0.0007003235235507073,4.708086517576091e-8,-0.0000014754358597079561,0.0000019970110088709276,0.000002346971399105828,0.00003379116443745309,0.00001828767795727037,0,0,0,0,0,0,1.26350879329836,-2.4030721620351585,-13.336193485974245,-0.7491940668146357,0.37016637149668924,-0.4505791329670696,7,1,3,1,2,48.19097137451172,48.19097137451172,0.6445291042327881,0,0,0.0040280818939208984,0.0040280818939208984,0.004000000189989805,0.004000000189989805,1,1,0,0,7,0,false,false,100.4000015258789,113,-3,280,55,105,1357,,,,1775568896229,1775568896229,,,,,,,,,,,,,,,
1776085912520,002c2969-c559-4f02-85a2-f2403051e800,0,48.5571466965088,-83.663277653897,85.37476915327478,-91.93406300289216,-90.49975059794616,314.91904028815765,3.9364015163316055,-2.7487793225071897,-0.4586792192780907,3.0844118301138543,-0.02471924001132963,4.393158037358337,48.60411549278236,-83.66580540507617,85.37627674651996,-91.94128746518193,-90.50364537728727,314.94832502399015,4.017217739462297,-2.821446563205857,-0.23366208491748114,3.0807039573075325,0.005819847973501305,4.399262777343928,0.2355194389820099,-1.6912537813186646,-1.9520527124404907,-0.36143502593040466,-0.09175749868154526,0.1544211506843567,0.5004120911340045,-1.4683860006594789,-1.3762849180499341,-0.3199744118031517,0.03746395482010357,0.283629175572952,33.77998352050781,36.609981536865234,38.769981384277344,40.680015563964844,43.129981994628906,40.949981689453125,-0.008972168900072575,-0.8792725801467896,-1.5204660892486572,-0.6501354575157166,-0.1018284410238266,-0.0839245393872261,253,253,253,253,253,253,-0.1301024832104566,-0.3188674914700643,0.2512728531116859,0.10717534849101461,-3.133869435827299,-0.0007983284583764427,-0.12985408467262124,-0.31897476595772356,0.25129018048150176,0.10765236894872626,-3.1337046427028064,-0.0007003235235507073,4.708086517576091e-8,-0.0000014754358597079561,0.0000019970110088709276,0.000002346971399105828,0.00003379116443745309,0.00001828767795727037,0,0,0,0,0,0,1.26350879329836,-2.4030721620351585,-13.336193485974245,-0.7491940668146357,0.37016637149668924,-0.4505791329670696,7,1,3,1,2,48.19097137451172,48.19097137451172,0.6445291042327881,0,0,0.0040280818939208984,0.0040280818939208984,0.004000000189989805,0.004000000189989805,1,1,0,0,7,0,false,false,100.4000015258789,113,-3,280,55,105,1357,,,,1775568896229,1775568896229,,,,,,,,,,,,,,,
1776085912529,002c2969-c559-4f02-85a2-f2403051e800,0,48.64567960853051,-83.70934044965956,85.38026062536747,-91.890868886581,-90.49770154119516,315.00542852078,6.117187430102413,-2.9047853254619236,1.1013794228870748,2.0956422696813086,-0.02471924001132963,6.939239970301174,48.688153528092506,-83.7131169591389,85.3820790618028,-91.89914361986735,-90.50348003704913,315.041012725453,6.489110162685268,-3.0895484166520477,0.9555069671627489,2.1877681641963136,0.014850146607641893,7.188273384651872,0.2489776909351349,-1.7563021183013916,-1.49759042263031,-0.4240986704826355,-0.11413737386465073,0.2517736256122589,0.5143361963328362,-1.4680486398940225,-1.1269689084453036,-0.32251630646642165,0.04077877005995222,0.292505173733212,33.77998352050781,36.609981536865234,38.769981384277344,40.680015563964844,43.129981994628906,40.949981689453125,-0.008972168900072575,-0.8792725801467896,-1.5204660892486572,-0.6501354575157166,-0.1018284410238266,-0.0839245393872261,253,253,253,253,253,253,-0.12947591806705813,-0.3189232976767158,0.25144089369358924,0.10724164679001878,-3.133920476923066,-0.0008033068268308132,-0.1292556125251621,-0.3190166496126219,0.25146526392043467,0.10742151503445124,-3.133718146491601,-0.0007003021509945646,4.708086517576091e-8,-0.0000014754358597079561,0.0000019970110088709276,0.000002346971399105828,0.00003379116443745309,0.00001828767795727037,0,0,0,0,0,0,1.26350879329836,-2.4030721620351585,-13.336193485974245,-0.7491940668146357,0.37016637149668924,-0.4505791329670696,7,1,3,1,2,48.19097137451172,48.19097137451172,0.6445291042327881,0,0,0.0040280818939208984,0.0040280818939208984,0.004000000189989805,0.004000000189989805,1,1,0,0,7,0,false,false,100.4000015258789,113,-3,280,55,105,1357,,,,1775568896229,1775568896229,,,,,,,,,,,,,,,
1776085912539,002c2969-c559-4f02-85a2-f2403051e800,0,48.64567960853051,-83.70934044965956,85.38026062536747,-91.890868886581,-90.49770154119516,315.00542852078,6.117187430102413,-2.9047853254619236,1.1013794228870748,2.0956422696813086,-0.02471924001132963,6.939239970301174,48.688153528092506,-83.7131169591389,85.3820790618028,-91.89914361986735,-90.50348003704913,315.041012725453,6.489110162685268,-3.0895484166520477,0.9555069671627489,2.1877681641963136,0.014850146607641893,7.188273384651872,0.2489776909351349,-1.7563021183013916,-1.49759042263031,-0.4240986704826355,-0.11413737386465073,0.2517736256122589,0.5143361963328362,-1.4680486398940225,-1.1269689084453036,-0.32251630646642165,0.04077877005995222,0.292505173733212,33.77998352050781,36.609981536865234,38.769981384277344,40.680015563964844,43.129981994628906,40.949981689453125,-0.008972168900072575,-0.8792725801467896,-1.5204660892486572,-0.6501354575157166,-0.1018284410238266,-0.0839245393872261,253,253,253,253,253,253,-0.12947591806705813,-0.3189232976767158,0.25144089369358924,0.10724164679001878,-3.133920476923066,-0.0008033068268308132,-0.1292556125251621,-0.3190166496126219,0.25146526392043467,0.10742151503445124,-3.133718146491601,-0.0007003021509945646,4.708086517576091e-8,-0.0000014754358597079561,0.0000019970110088709276,0.000002346971399105828,0.00003379116443745309,0.00001828767795727037,0,0,0,0,0,0,1.26350879329836,-2.4030721620351585,-13.336193485974245,-0.7491940668146357,0.37016637149668924,-0.4505791329670696,7,1,3,1,2,48.19097137451172,48.19097137451172,0.6445291042327881,0,0,0.0040280818939208984,0.0040280818939208984,0.004000000189989805,0.004000000189989805,1,1,0,0,7,0,false,false,100.4000015258789,113,-3,280,55,105,1357,,,,1775568896229,1775568896229,,,,,,,,,,,,,,,
1776085912548,002c2969-c559-4f02-85a2-f2403051e800,0,48.76580214546352,-83.75608626433913,85.39536900381154,-91.8607340919629,-90.50114395653684,315.1418137381268,8.45507836695409,-3.2662355212444134,1.561431937075161,1.46530161354058,-0.02471924001132963,9.887696031212279,48.811823196690746,-83.76455763833535,85.4067216322395,-91.87126106636617,-90.50317001826166,315.1784059524185,8.97161419212411,-3.336126751452616,2.1197411637171646,1.29820385205357,0.02391080609138707,9.987895884922809,0.3229980766773224,-1.7966768741607666,-1.4823399782180786,-0.46885842084884644,-0.11413737386465073,0.26184457540512085,0.5285062038050368,-1.466852166694697,-1.1222434599516085,-0.3250359071260917,0.044118623713290124,0.30159026389132193,33.77998352050781,36.609981536865234,38.769981384277344,40.680015563964844,43.129981994628906,40.949981689453125,-0.008972168900072575,-0.8792725801467896,-1.5204660892486572,-0.6501354575157166,-0.1018284410238266,-0.0839245393872261,253,253,253,253,253,253,-0.12868753671502284,-0.31904474688777723,0.25158207270740246,0.10679837332184733,-3.133869174555253,-0.0008217579530396871,-0.12842321169020107,-0.319131344476543,0.25158662416992866,0.10705053070115199,-3.133742872492526,-0.000700284089828845,4.708086517576091e-8,-0.0000014754358597079561,0.0000019970110088709276,0.000002346971399105828,0.00003379116443745309,0.00001828767795727037,0,0,0,0,0,0,1.26350879329836,-2.4030721620351585,-13.336193485974245,-0.7491940668146357,0.37016637149668924,-0.4505791329670696,7,1,3,1,2,48.19097137451172,48.19097137451172,0.6445291042327881,0,0,0.0040280818939208984,0.0040280818939208984,0.004000000189989805,0.004000000189989805,1,1,0,0,7,0,false,false,100.4000015258789,113,-3,280,55,105,1357,,,,1775568896229,1775568896229,,,,,,,,,,,,,,,
1776085912558,002c2969-c559-4f02-85a2-f2403051e800,0,48.76580214546352,-83.75608626433913,85.39536900381154,-91.8607340919629,-90.50114395653684,315.1418137381268,8.45507836695409,-3.2662355212444134,1.561431937075161,1.46530161354058,-0.02471924001132963,9.887696031212279,48.811823196690746,-83.76455763833535,85.4067216322395,-91.87126106636617,-90.50317001826166,315.1784059524185,8.97161419212411,-3.336126751452616,2.1197411637171646,1.29820385205357,0.02391080609138707,9.987895884922809,0.3229980766773224,-1.7966768741607666,-1.4823399782180786,-0.46885842084884644,-0.11413737386465073,0.26184457540512085,0.5285062038050368,-1.466852166694697,-1.1222434599516085,-0.3250359071260917,0.044118623713290124,0.30159026389132193,33.77998352050781,36.609981536865234,38.769981384277344,40.680015563964844,43.129981994628906,40.949981689453125,-0.008972168900072575,-0.8792725801467896,-1.5204660892486572,-0.6501354575157166,-0.1018284410238266,-0.0839245393872261,253,253,253,253,253,253,-0.12868753671502284,-0.31904474688777723,0.25158207270740246,0.10679837332184733,-3.133869174555253,-0.0008217579530396871,-0.12842321169020107,-0.319131344476543,0.25158662416992866,0.10705053070115199,-3.133742872492526,-0.000700284089828845,4.708086517576091e-8,-0.0000014754358597079561,0.0000019970110088709276,0.000002346971399105828,0.00003379116443745309,0.00001828767795727037,0,0,0,0,0,0,1.26350879329836,-2.4030721620351585,-13.336193485974245,-0.7491940668146357,0.37016637149668924,-0.4505791329670696,7,1,3,1,2,48.19097137451172,48.19097137451172,0.6445291042327881,0,0,0.0040280818939208984,0.0040280818939208984,0.004000000189989805,0.004000000189989805,1,1,0,0,7,0,false,false,100.4000015258789,113,-3,280,55,105,1357,,,,1775568896229,1775568896229,,,,,,,,,,,,,,,
1776085912567,002c2969-c559-4f02-85a2-f2403051e800,0,49.02250114504011,-83.84476944052258,85.44345353556844,-91.85387658203621,-90.50526939079553,315.4269604755965,12.380493097118908,-3.790283279417523,2.9621887965676494,0.3707885851622046,-0.2801513879067536,14.09271309278803,49.072065751147974,-83.8485156386229,85.47792494215817,-91.85603856580947,-90.50243184361423,315.4687474197317,12.720958212057237,-3.6464441692538516,3.798020239289051,-0.027786986876961222,0.03764004556282803,14.212919908543745,0.3185119926929474,-1.754059076309204,-1.305435299873352,-0.577400803565979,-0.08056755363941193,0.3569590449333191,0.550244874776734,-1.4633391560388311,-1.1159211150044896,-0.5605793530756032,0.04920509636218745,0.3156278180672048,33.77998352050781,36.609981536865234,38.769981384277344,40.680015563964844,43.129981994628906,40.949981689453125,-0.008972168900072575,-0.8792725801467896,-1.5204660892486572,-0.6501354575157166,-0.1018284410238266,-0.0839245393872261,253,253,253,253,253,253,-0.1270741392650844,-0.3193918315570769,0.25182337714488146,0.1060044069873624,-3.1334354534595854,-0.0001842168927657114,-0.12673599401429633,-0.31943990779652665,0.2516679335678509,0.10623129680717394,-3.133800889359099,-0.0007002639618526818,4.708086517576091e-8,-0.0000014754358597079561,0.0000019970110088709276,0.000002346971399105828,0.00003379116443745309,0.00001828767795727037,0,0,0,0,0,0,1.26350879329836,-2.4030721620351585,-13.336193485974245,-0.7491940668146357,0.37016637149668924,-0.4505791329670696,7,1,3,1,2,48.19097137451172,48.19097137451172,0.6445291042327881,0,0,0.0040280818939208984,0.0040280818939208984,0.004000000189989805,0.004000000189989805,1,1,0,0,7,0,false,false,100.4000015258789,113,-3,280,55,105,1357,,,,1775568896229,1775568896229,,,,,,,,,,,,,,,
1776085912577,002c2969-c559-4f02-85a2-f2403051e800,0,49.02250114504011,-83.84476944052258,85.44345353556844,-91.85387658203621,-90.50526939079553,315.4269604755965,12.380493097118908,-3.790283279417523,2.9621887965676494,0.3707885851622046,-0.2801513879067536,14.09271309278803,49.072065751147974,-83.8485156386229,85.47792494215817,-91.85603856580947,-90.50243184361423,315.4687474197317,12.720958212057237,-3.6464441692538516,3.798020239289051,-0.027786986876961222,0.03764004556282803,14.212919908543745,0.3185119926929474,-1.754059076309204,-1.305435299873352,-0.577400803565979,-0.08056755363941193,0.3569590449333191,0.550244874776734,-1.4633391560388311,-1.1159211150044896,-0.5605793530756032,0.04920509636218745,0.3156278180672048,33.77998352050781,36.609981536865234,38.769981384277344,40.680015563964844,43.129981994628906,40.949981689453125,-0.008972168900072575,-0.8792725801467896,-1.5204660892486572,-0.6501354575157166,-0.1018284410238266,-0.0839245393872261,253,253,253,253,253,253,-0.1270741392650844,-0.3193918315570769,0.25182337714488146,0.1060044069873624,-3.1334354534595854,-0.0001842168927657114,-0.12673599401429633,-0.31943990779652665,0.2516679335678509,0.10623129680717394,-3.133800889359099,-0.0007002639618526818,4.708086517576091e-8,-0.0000014754358597079561,0.0000019970110088709276,0.000002346971399105828,0.00003379116443745309,0.00001828767795727037,0,0,0,0,0,0,1.26350879329836,-2.4030721620351585,-13.336193485974245,-0.7491940668146357,0.37016637149668924,-0.4505791329670696,7,1,3,1,2,48.19097137451172,48.19097137451172,0.6445291042327881,0,0,0.0040280818939208984,0.0040280818939208984,0.004000000189989805,0.004000000189989805,1,1,0,0,7,0,false,false,100.4000015258789,113,-3,280,55,105,1357,,,,1775568896229,1775568896229,,,,,,,,,,,,,,,
1776085912587,002c2969-c559-4f02-85a2-f2403051e800,0,49.25314638802768,-83.90665095440289,85.5086955025204,-91.8669085829726,-90.50387603220484,315.6805790598574,14.935912752430799,-4.015503217769993,4.838104307536471,-1.6300964691315338,-0.21148682916995426,16.65389998908035,49.29573854621708,-83.90815808504703,85.54724077133415,-91.86350865305877,-90.501755396619,315.71882858053425,15.241173362028976,-3.800775688350606,4.857335108261226,-0.9049661842731846,0.04694008414976348,17.050257864596002,0.2489776909351349,-1.585830807685852,-1.2307082414627075,-0.712799072265625,-0.007832957431674004,0.2696775197982788,0.5650707545503326,-1.4597842074341554,-1.1122883572329911,-0.7667317755710478,0.05266727202924279,0.3252703685281869,33.77998352050781,36.609981536865234,38.769981384277344,40.680015563964844,43.129981994628906,40.949981689453125,-0.008972168900072575,-0.8792725801467896,-1.5204660892486572,-0.6501354575157166,-0.1018284410238266,-0.0839245393872261,253,253,253,253,253,253,-0.12562937708049676,-0.31972130287464184,0.2518526870133985,0.10537149888751549,-3.1333557558604315,7.230762270483606e-05,-0.12531877116138881,-0.31973663070700287,0.25165498584995777,0.1055099568611639,-3.133853412539917,-0.0007002556841397318,4.708086517576091e-8,-0.0000014754358597079561,0.0000019970110088709276,0.000002346971399105828,0.00003379116443745309,0.00001828767795727037,0,0,0,0,0,0,1.26350879329836,-2.4030721620351585,-13.336193485974245,-0.7491940668146357,0.37016637149668924,-0.4505791329670696,7,1,3,1,2,48.19097137451172,48.19097137451172,0.6445291042327881,0,0,0.0040280818939208984,0.0040280818939208984,0.004000000189989805,0.004000000189989805,1,1,0,0,7,0,false,false,100.4000015258789,113,-3,280,55,105,1357,,,,1775568896229,1775568896229,,,,,,,,,,,,,,,
1776085912597,002c2969-c559-4f02-85a2-f2403051e800,0,49.25314638802768,-83.90665095440289,85.5086955025204,-91.8669085829726,-90.50387603220484,315.6805790598574,14.935912752430799,-4.015503217769993,4.838104307536471,-1.6300964691315338,-0.21148682916995426,16.65389998908035,49.29573854621708,-83.90815808504703,85.54724077133415,-91.86350865305877,-90.501755396619,315.71882858053425,15.241173362028976,-3.800775688350606,4.857335108261226,-0.9049661842731846,0.04694008414976348,17.050257864596002,0.2489776909351349,-1.585830807685852,-1.2307082414627075,-0.712799072265625,-0.007832957431674004,0.2696775197982788,0.5650707545503326,-1.4597842074341554,-1.1122883572329911,-0.7667317755710478,0.05266727202924279,0.3252703685281869,33.77998352050781,36.609981536865234,38.769981384277344,40.680015563964844,43.129981994628906,40.949981689453125,-0.008972168900072575,-0.8792725801467896,-1.5204660892486572,-0.6501354575157166,-0.1018284410238266,-0.0839245393872261,253,253,253,253,253,253,-0.12562937708049676,-0.31972130287464184,0.2518526870133985,0.10537149888751549,-3.1333557558604315,7.230762270483606e-05,-0.12531877116138881,-0.31973663070700287,0.25165498584995777,0.1055099568611639,-3.133853412539917,-0.0007002556841397318,4.708086517576091e-8,-0.0000014754358597079561,0.0000019970110088709276,0.000002346971399105828,0.00003379116443745309,0.00001828767795727037,0,0,0,0,0,0,1.26350879329836,-2.4030721620351585,-13.336193485974245,-0.7491940668146357,0.37016637149668924,-0.4505791329670696,7,1,3,1,2,48.19097137451172,48.19097137451172,0.6445291042327881,0,0,0.0040280818939208984,0.0040280818939208984,0.004000000189989805,0.004000000189989805,1,1,0,0,7,0,false,false,100.4000015258789,113,-3,280,55,105,1357,,,,1775568896229,1775568896229,,,,,,,,,,,,,,,
1776085912606,002c2969-c559-4f02-85a2-f2403051e800,0,49.66084379468033,-83.99670016842035,85.65018970136637,-91.90731598210239,-90.50595240971253,316.13708158322436,18.58227583518651,-3.902343631808983,6.292419775240497,-2.066803076571399,-0.08926392235577515,20.953674826332627,49.70723649315814,-84.00121016937437,85.68182201086474,-91.90090266443613,-90.50045849789808,316.17945282643745,19.05810950393328,-3.9313335585380846,6.332860651462412,-2.208615189644091,0.061206967321615124,21.342884785139514,0.3880462944507599,-1.5970460176467896,-1.1361557245254517,-0.774343729019165,0.004475975409150124,0.23386971652507782,0.587819492795809,-1.4525254507181624,-1.1078362699144848,-0.7704598899802048,0.058002190061167316,0.3401764959905035,33.77998352050781,36.609981536865234,38.769981384277344,40.680015563964844,43.129981994628906,40.949981689453125,-0.008972168900072575,-0.8792725801467896,-1.5204660892486572,-0.6501354575157166,-0.1018284410238266,-0.0839245393872261,253,253,253,253,253,253,-0.12308929784151114,-0.32028835059331057,0.2516840423641711,0.1040368301397023,-3.133495364264906,-0.00012432412588294693,-0.12275432001543421,-0.320318236164233,0.25153483329669507,0.1041651423559738,-3.1339527237523024,-0.0007002518235414459,4.708086517576091e-8,-0.0000014754358597079561,0.0000019970110088709276,0.000002346971399105828,0.00003379116443745309,0.00001828767795727037,0,0,0,0,0,0,1.26350879329836,-2.4030721620351585,-13.336193485974245,-0.7491940668146357,0.37016637149668924,-0.4505791329670696,7,1,3,1,2,48.19097137451172,48.19097137451172,0.6445291042327881,0,0,0.0040280818939208984,0.0040280818939208984,0.004000000189989805,0.004000000189989805,1,1,0,0,7,0,false,false,100.4000015258789,113,-3,280,55,105,1357,,,,1775568896229,1775568896229,,,,,,,,,,,,,,,
1776085912617,002c2969-c559-4f02-85a2-f2403051e800,0,49.66084379468033,-83.99670016842035,85.65018970136637,-91.90731598210239,-90.50595240971253,316.13708158322436,18.58227583518651,-3.902343631808983,6.292419775240497,-2.066803076571399,-0.08926392235577515,20.953674826332627,49.70723649315814,-84.00121016937437,85.68182201086474,-91.90090266443613,-90.50045849789808,316.17945282643745,19.05810950393328,-3.9313335585380846,6.332860651462412,-2.208615189644091,0.061206967321615124,21.342884785139514,0.3880462944507599,-1.5970460176467896,-1.1361557245254517,-0.774343729019165,0.004475975409150124,0.23386971652507782,0.587819492795809,-1.4525254507181624,-1.1078362699144848,-0.7704598899802048,0.058002190061167316,0.3401764959905035,33.77998352050781,36.609981536865234,38.769981384277344,40.680015563964844,43.129981994628906,40.949981689453125,-0.008972168900072575,-0.8792725801467896,-1.5204660892486572,-0.6501354575157166,-0.1018284410238266,-0.0839245393872261,253,253,253,253,253,253,-0.12308929784151114,-0.32028835059331057,0.2516840423641711,0.1040368301397023,-3.133495364264906,-0.00012432412588294693,-0.12275432001543421,-0.320318236164233,0.25153483329669507,0.1041651423559738,-3.1339527237523024,-0.0007002518235414459,4.708086517576091e-8,-0.0000014754358597079561,0.0000019970110088709276,0.000002346971399105828,0.00003379116443745309,0.00001828767795727037,0,0,0,0,0,0,1.26350879329836,-2.4030721620351585,-13.336193485974245,-0.7491940668146357,0.37016637149668924,-0.4505791329670696,7,1,3,1,2,48.19097137451172,48.19097137451172,0.6445291042327881,0,0,0.0040280818939208984,0.0040280818939208984,0.004000000189989805,0.004000000189989805,1,1,0,0,7,0,false,false,100.4000015258789,113,-3,280,55,105,1357,,,,1775568896229,1775568896229,,,,,,,,,,,,,,,
1776085912627,002c2969-c559-4f02-85a2-f2403051e800,0,49.97796606274944,-84.05718832370998,85.76627559649991,-91.94570164523786,-90.50250999437084,316.4997099866387,21.31018167270332,-3.969360594171502,7.522888172615227,-2.9182435728911993,-0.06454468067691886,23.535462426935354,50.03271095229614,-84.06426020716027,85.7904052591982,-91.9431311980957,-90.49940127380914,316.54402074716216,21.630031619943566,-3.9381253270634993,7.22691266491126,-3.068667816596373,0.07098632892933358,24.231939938554657,0.3162689507007599,-1.6149903535842896,-1.2398585081100464,-0.7832956910133362,0.019022895023226738,0.26520153880119324,0.603324794308657,-1.4463451917497419,-1.1056056386032942,-0.7729520995183821,0.06167381389298111,0.3504160898558861,33.77998352050781,36.609981536865234,38.769981384277344,40.680015563964844,43.129981994628906,40.949981689453125,-0.008972168900072575,-0.8792725801467896,-1.5204660892486572,-0.6501354575157166,-0.1018284410238266,-0.0839245393872261,253,253,253,253,253,253,-0.12111471924933821,-0.3207371713766649,0.25147741408074253,0.10279761186665136,-3.1337752183036285,-0.00036194587964067087,-0.12075227448719796,-0.32079698723782885,0.2513875776069921,0.10309337544092992,-3.1340324404447415,-0.0007002554414009584,4.708086517576091e-8,-0.0000014754358597079561,0.0000019970110088709276,0.000002346971399105828,0.00003379116443745309,0.00001828767795727037,0,0,0,0,0,0,1.26350879329836,-2.4030721620351585,-13.336193485974245,-0.7491940668146357,0.37016637149668924,-0.4505791329670696,7,1,3,1,2,48.19097137451172,48.19097137451172,0.6445291042327881,0,0,0.0040280818939208984,0.0040280818939208984,0.004000000189989805,0.004000000189989805,1,1,0,0,7,0,false,false,100.4000015258789,113,-3,280,55,105,1357,,,,1775568896229,1775568896229,,,,,,,,,,,,,,,
1776085912636,002c2969-c559-4f02-85a2-f2403051e800,0,49.97796606274944,-84.05718832370998,85.76627559649991,-91.94570164523786,-90.50250999437084,316.4997099866387,21.31018167270332,-3.969360594171502,7.522888172615227,-2.9182435728911993,-0.06454468067691886,23.535462426935354,50.03271095229614,-84.06426020716027,85.7904052591982,-91.9431311980957,-90.49940127380914,316.54402074716216,21.630031619943566,-3.9381253270634993,7.22691266491126,-3.068667816596373,0.07098632892933358,24.231939938554657,0.3162689507007599,-1.6149903535842896,-1.2398585081100464,-0.7832956910133362,0.019022895023226738,0.26520153880119324,0.603324794308657,-1.4463451917497419,-1.1056056386032942,-0.7729520995183821,0.06167381389298111,0.3504160898558861,33.77998352050781,36.609981536865234,38.769981384277344,40.680015563964844,43.129981994628906,40.949981689453125,-0.008972168900072575,-0.8792725801467896,-1.5204660892486572,-0.6501354575157166,-0.1018284410238266,-0.0839245393872261,253,253,253,253,253,253,-0.12111471924933821,-0.3207371713766649,0.25147741408074253,0.10279761186665136,-3.1337752183036285,-0.00036194587964067087,-0.12075227448719796,-0.32079698723782885,0.2513875776069921,0.10309337544092992,-3.1340324404447415,-0.0007002554414009584,4.708086517576091e-8,-0.0000014754358597079561,0.0000019970110088709276,0.000002346971399105828,0.00003379116443745309,0.00001828767795727037,0,0,0,0,0,0,1.26350879329836,-2.4030721620351585,-13.336193485974245,-0.7491940668146357,0.37016637149668924,-0.4505791329670696,7,1,3,1,2,48.19097137451172,48.19097137451172,0.6445291042327881,0,0,0.0040280818939208984,0.0040280818939208984,0.004000000189989805,0.004000000189989805,1,1,0,0,7,0,false,false,100.4000015258789,113,-3,280,55,105,1357,,,,1775568896229,1775568896229,,,,,,,,,,,,,,,
1776085912645,002c2969-c559-4f02-85a2-f2403051e800,0,50.339720201949994,-84.11909715834697,85.89471047365284,-91.99362225245467,-90.50595240971253,316.9020627702658,23.833740203084393,-3.9056396249703376,8.188934923302666,-3.562316964688473,-0.04943848002265926,26.45095941000656,50.39952463927703,-84.1268341234299,85.91264329386865,-91.99905795929426,-90.49818554770566,316.955002070161,24.225746064984122,-3.870328127723166,8.038117347491628,-3.920803492748049,0.08102616807732477,27.144793326348918,0.4530945420265198,-1.617233395576477,-1.4167633056640625,-0.8929570913314819,0.05594969168305397,0.3927668333053589,0.6190961579348181,-1.4390509866064933,-1.10402336418734,-0.7754493399271328,0.0654540157303777,0.3609013938787232,33.77998352050781,36.609981536865234,38.769981384277344,40.680015563964844,43.129981994628906,40.949981689453125,-0.008972168900072575,-0.8792725801467896,-1.5204660892486572,-0.6501354575157166,-0.1018284410238266,-0.0839245393872261,253,253,253,253,253,253,-0.11889473747131174,-0.32124782660583123,0.251228466936838,0.10168845329480657,-3.133973429098897,-0.0007503431585778714,-0.11851629964169696,-0.3213485496382958,0.25118659872283516,0.10188140973516106,-3.1341227998008474,-0.0007002643982643133,4.708086517576091e-8,-0.0000014754358597079561,0.0000019970110088709276,0.000002346971399105828,0.00003379116443745309,0.00001828767795727037,0,0,0,0,0,0,1.26350879329836,-2.4030721620351585,-13.336193485974245,-0.7491940668146357,0.37016637149668924,-0.4505791329670696,7,1,3,1,2,48.19097137451172,48.19097137451172,0.6445291042327881,0,0,0.0040280818939208984,0.0040280818939208984,0.004000000189989805,0.004000000189989805,1,1,0,0,7,0,false,false,100.4000015258789,113,-3,280,55,105,1357,,,,1775568896229,1775568896229,,,,,,,,,,,,,,,
1776085912655,002c2969-c559-4f02-85a2-f2403051e800,0,50.339720201949994,-84.11909715834697,85.89471047365284,-91.99362225245467,-90.50595240971253,316.9020627702658,23.833740203084393,-3.9056396249703376,8.188934923302666,-3.562316964688473,-0.04943848002265926,26.45095941000656,50.39952463927703,-84.1268341234299,85.91264329386865,-91.99905795929426,-90.49818554770566,316.955002070161,24.225746064984122,-3.870328127723166,8.038117347491628,-3.920803492748049,0.08102616807732477,27.144793326348918,0.4530945420265198,-1.617233395576477,-1.4167633056640625,-0.8929570913314819,0.05594969168305397,0.3927668333053589,0.6190961579348181,-1.4390509866064933,-1.10402336418734,-0.7754493399271328,0.0654540157303777,0.3609013938787232,33.77998352050781,36.609981536865234,38.769981384277344,40.680015563964844,43.129981994628906,40.949981689453125,-0.008972168900072575,-0.8792725801467896,-1.5204660892486572,-0.6501354575157166,-0.1018284410238266,-0.0839245393872261,253,253,253,253,253,253,-0.11889473747131174,-0.32124782660583123,0.251228466936838,0.10168845329480657,-3.133973429098897,-0.0007503431585778714,-0.11851629964169696,-0.3213485496382958,0.25118659872283516,0.10188140973516106,-3.1341227998008474,-0.0007002643982643133,4.708086517576091e-8,-0.0000014754358597079561,0.0000019970110088709276,0.000002346971399105828,0.00003379116443745309,0.00001828767795727037,0,0,0,0,0,0,1.26350879329836,-2.4030721620351585,-13.336193485974245,-0.7491940668146357,0.37016637149668924,-0.4505791329670696,7,1,3,1,2,48.19097137451172,48.19097137451172,0.6445291042327881,0,0,0.0040280818939208984,0.0040280818939208984,0.004000000189989805,0.004000000189989805,1,1,0,0,7,0,false,false,100.4000015258789,113,-3,280,55,105,1357,,,,1775568896229,1775568896229,,,,,,,,,,,,,,,
1776085912665,002c2969-c559-4f02-85a2-f2403051e800,0,50.98081200273114,-84.2146378444571,86.10488905479247,-92.10050105258703,-90.50526939079553,317.61428757615806,27.92834469540595,-3.673828127181982,9.040375206179055,-5.131988564501903,-0.03707885918323112,32.08557177713277,51.028118030364375,-84.21699653198688,86.1184954589954,-92.10834382744162,-90.49605478344023,317.65936122227816,28.166686509941016,-3.609265003204066,9.078804364146567,-5.183044729410296,0.09666094206220384,31.561455579390895,0.3678589165210724,-1.5342408418655396,-1.448789119720459,-0.9019090533256531,0.09735246747732162,0.2562496066093445,0.6432294056733965,-1.425954448495268,-1.1029754015057516,-0.7792035729244321,0.07135895022609294,0.45305321266558385,33.77998352050781,36.609981536865234,38.769981384277344,40.680015563964844,43.129981994628906,40.949981689453125,-0.008972168900072575,-0.8792725801467896,-1.5204660892486572,-0.6501354575157166,-0.1018284410238266,-0.0839245393872261,253,253,253,253,253,253,-0.11501913034429999,-0.3222189486563313,0.2508304641497614,0.09973458834986645,-3.1341197530024605,-0.0008002640287692622,-0.1147237195330712,-0.32231241459235765,0.2507843993944925,0.09980054547673868,-3.1342779336239373,-0.0007002885593543536,4.708086517576091e-8,-0.0000014754358597079561,0.0000019970110088709276,0.000002346971399105828,0.00003379116443745309,0.00001828767795727037,0,0,0,0,0,0,1.26350879329836,-2.4030721620351585,-13.336193485974245,-0.7491940668146357,0.37016637149668924,-0.4505791329670696,7,1,3,1,2,48.19097137451172,48.19097137451172,0.6445291042327881,0,0,0.0040280818939208984,0.0040280818939208984,0.004000000189989805,0.004000000189989805,1,1,0,0,7,0,false,false,100.4000015258789,113,-3,280,55,105,1357,,,,1775568896229,1775568896229,,,,,,,,,,,,,,,
1776085912674,002c2969-c559-4f02-85a2-f2403051e800,0,50.98081200273114,-84.2146378444571,86.10488905479247,-92.10050105258703,-90.50526939079553,317.61428757615806,27.92834469540595,-3.673828127181982,9.040375206179055,-5.131988564501903,-0.03707885918323112,32.08557177713277,51.028118030364375,-84.21699653198688,86.1184954589954,-92.10834382744162,-90.49605478344023,317.65936122227816,28.166686509941016,-3.609265003204066,9.078804364146567,-5.183044729410296,0.09666094206220384,31.561455579390895,0.3678589165210724,-1.5342408418655396,-1.448789119720459,-0.9019090533256531,0.09735246747732162,0.2562496066093445,0.6432294056733965,-1.425954448495268,-1.1029754015057516,-0.7792035729244321,0.07135895022609294,0.45305321266558385,33.77998352050781,36.609981536865234,38.769981384277344,40.680015563964844,43.129981994628906,40.949981689453125,-0.008972168900072575,-0.8792725801467896,-1.5204660892486572,-0.6501354575157166,-0.1018284410238266,-0.0839245393872261,253,253,253,253,253,253,-0.11501913034429999,-0.3222189486563313,0.2508304641497614,0.09973458834986645,-3.1341197530024605,-0.0008002640287692622,-0.1147237195330712,-0.32231241459235765,0.2507843993944925,0.09980054547673868,-3.1342779336239373,-0.0007002885593543536,4.708086517576091e-8,-0.0000014754358597079561,0.0000019970110088709276,0.000002346971399105828,0.00003379116443745309,0.00001828767795727037,0,0,0,0,0,0,1.26350879329836,-2.4030721620351585,-13.336193485974245,-0.7491940668146357,0.37016637149668924,-0.4505791329670696,7,1,3,1,2,48.19097137451172,48.19097137451172,0.6445291042327881,0,0,0.0040280818939208984,0.0040280818939208984,0.004000000189989805,0.004000000189989805,1,1,0,0,7,0,false,false,100.4000015258789,113,-3,280,55,105,1357,,,,1775568896229,1775568896229,,,,,,,,,,,,,,,
1776085912684,002c2969-c559-4f02-85a2-f2403051e800,0,51.45785973512152,-84.27034486732774,86.25807653749752,-92.18273653019398,-90.49838456011216,318.1386548591183,30.429933922321677,-3.3760986871572456,9.956359922938416,-5.659332529279777,0.008239746114600993,34.19769507983791,51.49925081029572,-84.27232463598807,86.26533807906452,-92.19468938018912,-90.49475687771721,318.18711929532435,30.46276846068302,-3.3017010058802816,9.062790626781673,-5.394761719581598,0.056419879766218685,34.10805968750964,0.4239349663257599,-1.6060181856155396,-1.3771121501922607,-1.0294743776321411,0.10742340981960297,0.4240986704826355,0.5759764437508873,-1.4204921317864008,-1.167523361946053,-0.7768701636110389,0.0427600260396814,0.44094464261603,33.77998352050781,36.609981536865234,38.769981384277344,40.680015563964844,43.129981994628906,40.949981689453125,-0.008972168900072575,-0.8792725801467896,-1.5204660892486572,-0.6501354575157166,-0.1018284410238266,-0.0839245393872261,253,253,253,253,253,253,-0.11214396463767697,-0.3229525386053907,0.25046800682616166,0.0984404778680707,-3.134414512352707,-0.0009246574206539384,-0.11190813280816797,-0.3230442597860126,0.25045909899748453,0.09824460939280512,-3.134393745462446,-0.0007142409772154786,4.708086517576091e-8,-0.0000014754358597079561,0.0000019970110088709276,0.000002346971399105828,0.00003379116443745309,0.00001828767795727037,0,0,0,0,0,0,1.26350879329836,-2.4030721620351585,-13.336193485974245,-0.7491940668146357,0.37016637149668924,-0.4505791329670696,7,1,3,1,2,48.19097137451172,48.19097137451172,0.6445291042327881,0,0,0.0040280818939208984,0.0040280818939208984,0.004000000189989805,0.004000000189989805,1,1,0,0,7,0,false,false,100.4000015258789,113,-3,280,55,105,1357,,,,1775568896229,1775568896229,,,,,,,,,,,,,,,
1776085912693,002c2969-c559-4f02-85a2-f2403051e800,0,51.45785973512152,-84.27034486732774,86.25807653749752,-92.18273653019398,-90.49838456011216,318.1386548591183,30.429933922321677,-3.3760986871572456,9.956359922938416,-5.659332529279777,0.008239746114600993,34.19769507983791,51.49925081029572,-84.27232463598807,86.26533807906452,-92.19468938018912,-90.49475687771721,318.18711929532435,30.46276846068302,-3.3017010058802816,9.062790626781673,-5.394761719581598,0.056419879766218685,34.10805968750964,0.4239349663257599,-1.6060181856155396,-1.3771121501922607,-1.0294743776321411,0.10742340981960297,0.4240986704826355,0.5759764437508873,-1.4204921317864008,-1.167523361946053,-0.7768701636110389,0.0427600260396814,0.44094464261603,33.77998352050781,36.609981536865234,38.769981384277344,40.680015563964844,43.129981994628906,40.949981689453125,-0.008972168900072575,-0.8792725801467896,-1.5204660892486572,-0.6501354575157166,-0.1018284410238266,-0.0839245393872261,253,253,253,253,253,253,-0.11214396463767697,-0.3229525386053907,0.25046800682616166,0.0984404778680707,-3.134414512352707,-0.0009246574206539384,-0.11190813280816797,-0.3230442597860126,0.25045909899748453,0.09824460939280512,-3.134393745462446,-0.0007142409772154786,4.708086517576091e-8,-0.0000014754358597079561,0.0000019970110088709276,0.000002346971399105828,0.00003379116443745309,0.00001828767795727037,0,0,0,0,0,0,1.26350879329836,-2.4030721620351585,-13.336193485974245,-0.7491940668146357,0.37016637149668924,-0.4505791329670696,7,1,3,1,2,48.19097137451172,48.19097137451172,0.6445291042327881,0,0,0.0040280818939208984,0.0040280818939208984,0.004000000189989805,0.004000000189989805,1,1,0,0,7,0,false,false,100.4000015258789,113,-3,280,55,105,1357,,,,1775568896229,1775568896229,,,,,,,,,,,,,,,
1776085912702,002c2969-c559-4f02-85a2-f2403051e800,0,51.95893948810657,-84.3198227576753,86.40984334085519,-92.26838710238594,-90.49559784293079,318.6952879557176,32.84802237908671,-3.1519775554875014,9.1461184873619,-5.8790592879922645,0.14694214182292878,36.907196972636115,52.00143461952056,-84.3232403637784,86.41083716993934,-92.28329994663174,-90.49377411303196,318.7492036570349,31.107250871179414,-2.930892231751127,8.75416616057847,-5.454634892364231,0.06186504104208784,34.80708319699137,0.2557068169116974,-1.621719479560852,-1.262734055519104,-0.9600967168807983,0.09511447697877884,0.39948081970214844,0.2345783906914007,-1.3697168851461132,-1.1992620271139613,-0.7997718451774182,-0.005687187941155304,0.37147102854682895,33.77998352050781,36.609981536865234,38.769981384277344,40.680015563964844,43.129981994628906,40.949981689453125,-0.008972168900072575,-0.8792725801467896,-1.5204660892486572,-0.6501354575157166,-0.1018284410238266,-0.0839245393872261,253,253,253,253,253,253,-0.10914999047166825,-0.32371756205208235,0.2500828792608131,0.09691898024318502,-3.134674284655064,-0.0011521250637686283,-0.10892312744655681,-0.3238226851923681,0.25011917202375084,0.09659882972478122,-3.1345156861455536,-0.0007471051514309968,4.708086517576091e-8,-0.0000014754358597079561,0.0000019970110088709276,0.000002346971399105828,0.00003379116443745309,0.00001828767795727037,0,0,0,0,0,0,1.26350879329836,-2.4030721620351585,-13.336193485974245,-0.7491940668146357,0.37016637149668924,-0.4505791329670696,7,1,3,1,2,48.19097137451172,48.19097137451172,0.6445291042327881,0,0,0.0040280818939208984,0.0040280818939208984,0.004000000189989805,0.004000000189989805,1,1,0,0,7,0,false,false,100.4000015258789,113,-3,280,55,105,1357,,,,1775568896229,1775568896229,,,,,,,,,,,,,,,
1776085912711,002c2969-c559-4f02-85a2-f2403051e800,0,51.95893948810657,-84.3198227576753,86.40984334085519,-92.26838710238594,-90.49559784293079,318.6952879557176,32.84802237908671,-3.1519775554875014,9.1461184873619,-5.8790592879922645,0.14694214182292878,36.907196972636115,52.00143461952056,-84.3232403637784,86.41083716993934,-92.28329994663174,-90.49377411303196,318.7492036570349,31.107250871179414,-2.930892231751127,8.75416616057847,-5.454634892364231,0.06186504104208784,34.80708319699137,0.2557068169116974,-1.621719479560852,-1.262734055519104,-0.9600967168807983,0.09511447697877884,0.39948081970214844,0.2345783906914007,-1.3697168851461132,-1.1992620271139613,-0.7997718451774182,-0.005687187941155304,0.37147102854682895,33.77998352050781,36.609981536865234,38.769981384277344,40.680015563964844,43.129981994628906,40.949981689453125,-0.008972168900072575,-0.8792725801467896,-1.5204660892486572,-0.6501354575157166,-0.1018284410238266,-0.0839245393872261,253,253,253,253,253,253,-0.10914999047166825,-0.32371756205208235,0.2500828792608131,0.09691898024318502,-3.134674284655064,-0.0011521250637686283,-0.10892312744655681,-0.3238226851923681,0.25011917202375084,0.09659882972478122,-3.1345156861455536,-0.0007471051514309968,4.708086517576091e-8,-0.0000014754358597079561,0.0000019970110088709276,0.000002346971399105828,0.00003379116443745309,0.00001828767795727037,0,0,0,0,0,0,1.26350879329836,-2.4030721620351585,-13.336193485974245,-0.7491940668146357,0.37016637149668924,-0.4505791329670696,7,1,3,1,2,48.19097137451172,48.19097137451172,0.6445291042327881,0,0,0.0040280818939208984,0.0040280818939208984,0.004000000189989805,0.004000000189989805,1,1,0,0,7,0,false,false,100.4000015258789,113,-3,280,55,105,1357,,,,1775568896229,1775568896229,,,,,,,,,,,,,,,
1776085912721,002c2969-c559-4f02-85a2-f2403051e800,0,52.698177692166226,-84.38375332830663,86.61726252557014,-92.39236869620001,-90.4894233519211,319.5110037879139,29.579589031033432,-2.312622225130393,7.800292890660709,-5.08941684917886,0.4545593345481036,33.48907661382742,52.71342347740474,-84.38346467553164,86.6037874417673,-92.40778559732625,-90.49220333487999,319.54553781984765,29.045424411263458,-2.1524466992308016,7.4977461786628155,-5.0034251806244905,0.05918611488082355,32.46891303933193,0.2332763969898224,-1.648635983467102,-1.2566338777542114,-1.1402547359466553,0.0055949692614376545,0.3177942633628845,0.32024383988113575,-1.3742703815519404,-1.2125752813145307,-0.7899599013077109,0.005992200553831097,0.38643175062455565,33.77998352050781,36.609981536865234,38.769981384277344,40.680015563964844,43.129981994628906,40.949981689453125,-0.008972168900072575,-0.8792725801467896,-1.5204660892486572,-0.6501354575157166,-0.1018284410238266,-0.0839245393872261,253,253,253,253,253,253,-0.10475062250969434,-0.32483872502573646,0.2495458666364713,0.09482282646964747,-3.1350197747624415,-0.0013554688302788215,-0.10471250796069291,-0.3249196315374608,0.24963754869157154,0.09428117094683211,-3.134686000567387,-0.000788226926972322,4.708086517576091e-8,-0.0000014754358597079561,0.0000019970110088709276,0.000002346971399105828,0.00003379116443745309,0.00001828767795727037,0,0,0,0,0,0,1.26350879329836,-2.4030721620351585,-13.336193485974245,-0.7491940668146357,0.37016637149668924,-0.4505791329670696,7,1,3,1,2,48.19097137451172,48.19097137451172,0.6445291042327881,0,0,0.0040280818939208984,0.0040280818939208984,0.004000000189989805,0.004000000189989805,1,1,0,0,7,0,false,false,100.4000015258789,113,-3,280,55,105,1357,,,,1775568896229,1775568896229,,,,,,,,,,,,,,,
1776085912730,002c2969-c559-4f02-85a2-f2403051e800,0,52.698177692166226,-84.38375332830663,86.61726252557014,-92.39236869620001,-90.4894233519211,319.5110037879139,29.579589031033432,-2.312622225130393,7.800292890660709,-5.08941684917886,0.4545593345481036,33.48907661382742,52.71342347740474,-84.38346467553164,86.6037874417673,-92.40778559732625,-90.49220333487999,319.54553781984765,29.045424411263458,-2.1524466992308016,7.4977461786628155,-5.0034251806244905,0.05918611488082355,32.46891303933193,0.2332763969898224,-1.648635983467102,-1.2566338777542114,-1.1402547359466553,0.0055949692614376545,0.3177942633628845,0.32024383988113575,-1.3742703815519404,-1.2125752813145307,-0.7899599013077109,0.005992200553831097,0.38643175062455565,33.77998352050781,36.609981536865234,38.769981384277344,40.680015563964844,43.129981994628906,40.949981689453125,-0.008972168900072575,-0.8792725801467896,-1.5204660892486572,-0.6501354575157166,-0.1018284410238266,-0.0839245393872261,253,253,253,253,253,253,-0.10475062250969434,-0.32483872502573646,0.2495458666364713,0.09482282646964747,-3.1350197747624415,-0.0013554688302788215,-0.10471250796069291,-0.3249196315374608,0.24963754869157154,0.09428117094683211,-3.134686000567387,-0.000788226926972322,4.708086517576091e-8,-0.0000014754358597079561,0.0000019970110088709276,0.000002346971399105828,0.00003379116443745309,0.00001828767795727037,0,0,0,0,0,0,1.26350879329836,-2.4030721620351585,-13.336193485974245,-0.7491940668146357,0.37016637149668924,-0.4505791329670696,7,1,3,1,2,48.19097137451172,48.19097137451172,0.6445291042327881,0,0,0.0040280818939208984,0.0040280818939208984,0.004000000189989805,0.004000000189989805,1,1,0,0,7,0,false,false,100.4000015258789,113,-3,280,55,105,1357,,,,1775568896229,1775568896229,,,,,,,,,,,,,,,
1776085912740,002c2969-c559-4f02-85a2-f2403051e800,0,53.16286619725346,-84.41468042486844,86.73334842070368,-92.47528719272397,-90.48393187982842,320.0402068448065,29.73779328768385,-2.088501093460649,7.8305053786806145,-5.765075810462623,0.18951416397087614,33.52890003178318,53.18424028998454,-84.41659302691124,86.7270347304461,-92.4937156591204,-90.4910820002197,320.07264624034667,29.528636888217758,-1.8163164573721635,7.720085906385259,-5.751018418057597,-0.07304907982906152,33.16398475258566,0.2714081108570099,-1.702468991279602,-1.2490087747573853,-1.0988519191741943,-0.01678490824997425,0.27862948179244995,0.3950827232688162,-1.3655649179488543,-1.1471115314165856,-0.8017322307526277,-0.03599297969535646,0.40787645007832357,33.77998352050781,36.609981536865234,38.769981384277344,40.680015563964844,43.129981994628906,40.949981689453125,-0.008972168900072575,-0.8792725801467896,-1.5204660892486572,-0.6501354575157166,-0.1018284410238266,-0.0839245393872261,253,253,253,253,253,253,-0.10201422543130675,-0.32556604143667767,0.2492381382818345,0.09305139986546031,-3.13516197695056,-0.0012445720939420625,-0.10194039273765314,-0.32563952273903235,0.2493093866138575,0.09273339951655134,-3.1347852722741414,-0.0007885405281722913,4.708086517576091e-8,-0.0000014754358597079561,0.0000019970110088709276,0.000002346971399105828,0.00003379116443745309,0.00001828767795727037,0,0,0,0,0,0,1.26350879329836,-2.4030721620351585,-13.336193485974245,-0.7491940668146357,0.37016637149668924,-0.4505791329670696,7,1,3,1,2,48.19097137451172,48.19097137451172,0.6445291042327881,0,0,0.0040280818939208984,0.0040280818939208984,0.004000000189989805,0.004000000189989805,1,1,0,0,7,0,false,false,100.4000015258789,113,-3,280,55,105,1357,,,,1775568896229,1775568896229,,,,,,,,,,,,,,,
1776085912749,002c2969-c559-4f02-85a2-f2403051e800,0,53.16286619725346,-84.41468042486844,86.73334842070368,-92.47528719272397,-90.48393187982842,320.0402068448065,29.73779328768385,-2.088501093460649,7.8305053786806145,-5.765075810462623,0.18951416397087614,33.52890003178318,53.18424028998454,-84.41659302691124,86.7270347304461,-92.4937156591204,-90.4910820002197,320.07264624034667,29.528636888217758,-1.8163164573721635,7.720085906385259,-5.751018418057597,-0.07304907982906152,33.16398475258566,0.2714081108570099,-1.702468991279602,-1.2490087747573853,-1.0988519191741943,-0.01678490824997425,0.27862948179244995,0.3950827232688162,-1.3655649179488543,-1.1471115314165856,-0.8017322307526277,-0.03599297969535646,0.40787645007832357,33.77998352050781,36.609981536865234,38.769981384277344,40.680015563964844,43.129981994628906,40.949981689453125,-0.008972168900072575,-0.8792725801467896,-1.5204660892486572,-0.6501354575157166,-0.1018284410238266,-0.0839245393872261,253,253,253,253,253,253,-0.10201422543130675,-0.32556604143667767,0.2492381382818345,0.09305139986546031,-3.13516197695056,-0.0012445720939420625,-0.10194039273765314,-0.32563952273903235,0.2493093866138575,0.09273339951655134,-3.1347852722741414,-0.0007885405281722913,4.708086517576091e-8,-0.0000014754358597079561,0.0000019970110088709276,0.000002346971399105828,0.00003379116443745309,0.00001828767795727037,0,0,0,0,0,0,1.26350879329836,-2.4030721620351585,-13.336193485974245,-0.7491940668146357,0.37016637149668924,-0.4505791329670696,7,1,3,1,2,48.19097137451172,48.19097137451172,0.6445291042327881,0,0,0.0040280818939208984,0.0040280818939208984,0.004000000189989805,0.004000000189989805,1,1,0,0,7,0,false,false,100.4000015258789,113,-3,280,55,105,1357,,,,1775568896229,1775568896229,,,,,,,,,,,,,,,
1776085912759,002c2969-c559-4f02-85a2-f2403051e800,0,53.62276673973251,-84.44150940792825,86.84943431583721,-92.58148297393933,-90.50046093761985,320.5796825062108,29.763061572518314,-1.2974853597372478,7.425384660892356,-6.5835574423859375,-0.5795288511925939,33.62365866123336,53.65831510263417,-84.44155901547767,86.8507892794902,-92.59176629260726,-90.4945702499615,320.6067609330447,29.72980189065047,-1.3035020936332258,7.747846714516306,-6.503585680520432,-0.36392632630459804,33.59944540693936,0.3521576225757599,-1.6777955293655396,-1.1254804134368896,-1.0138084888458252,-0.08168654888868332,0.38157689571380615,0.3954854434694213,-1.3612977060151434,-1.147147501689093,-0.8037441976024119,-0.14362632827527025,0.40844280171272457,33.77998352050781,36.609981536865234,38.769981384277344,40.680015563964844,43.129981994628906,40.949981689453125,-0.008972168900072575,-0.8792725801467896,-1.5204660892486572,-0.6501354575157166,-0.1018284410238266,-0.0839245393872261,253,253,253,253,253,253,-0.09937960310321345,-0.3262810854873711,0.24894235267120876,0.09084832879618335,-3.134807989961639,-0.0010890530763416936,-0.09917817222706032,-0.32636800440350067,0.24895085703705389,0.09107820068098926,-3.1347865474909997,-0.0007912840356397557,4.708086517576091e-8,-0.0000014754358597079561,0.0000019970110088709276,0.000002346971399105828,0.00003379116443745309,0.00001828767795727037,0,0,0,0,0,0,1.26350879329836,-2.4030721620351585,-13.336193485974245,-0.7491940668146357,0.37016637149668924,-0.4505791329670696,7,1,3,1,2,48.19097137451172,48.19097137451172,0.6445291042327881,0,0,0.0040280818939208984,0.0040280818939208984,0.004000000189989805,0.004000000189989805,1,1,0,0,7,0,false,false,100.4000015258789,113,-3,280,55,105,1357,,,,1775568896229,1775568896229,,,,,,,,,,,,,,,
1776085912768,002c2969-c559-4f02-85a2-f2403051e800,0,54.3469409615777,-84.46833839098807,87.03281123467372,-92.75893128857626,-90.51215422147891,321.4009444520131,30.428834261865305,-0.7108154390456998,7.842865459757399,-7.525634762435218,-0.8239746514807389,34.08370946787415,54.375361370491504,-84.46351460921325,87.03708968206212,-92.76121241762763,-90.50863991917925,321.4208962447263,30.0220249932901,-0.5240249228855296,7.77394827407405,-7.612849501465444,-0.8106325290274389,34.243127480621155,0.3745880424976349,-1.621719479560852,-1.1819069385528564,-0.8784101605415344,-0.13316026329994202,0.3692679703235626,0.3960364829214294,-1.3329395613922448,-1.147300598758706,-0.806751515635405,-0.2215168088640795,0.4092704634155577,33.77998352050781,36.609981536865234,38.769981384277344,40.680015563964844,43.129981994628906,40.949981689453125,-0.008972168900072575,-0.8792725801467896,-1.5204660892486572,-0.6501354575157166,-0.1018284410238266,-0.0839245393872261,253,253,253,253,253,253,-0.09522106882057862,-0.3274226321618397,0.24840213276946452,0.08815901859378691,-3.1344902728684354,-0.0007126171361173329,-0.09505339404138932,-0.32747683403092803,0.24835612360881126,0.08839432762949005,-3.1346043410021944,-0.0007997782302178914,4.708086517576091e-8,-0.0000014754358597079561,0.0000019970110088709276,0.000002346971399105828,0.00003379116443745309,0.00001828767795727037,0,0,0,0,0,0,1.26350879329836,-2.4030721620351585,-13.336193485974245,-0.7491940668146357,0.37016637149668924,-0.4505791329670696,7,1,3,1,2,48.19097137451172,48.19097137451172,0.6445291042327881,0,0,0.0040280818939208984,0.0040280818939208984,0.004000000189989805,0.004000000189989805,1,1,0,0,7,0,false,false,100.4000015258789,113,-3,280,55,105,1357,,,,1775568896229,1775568896229,,,,,,,,,,,,,,,
1776085912778,002c2969-c559-4f02-85a2-f2403051e800,0,54.3469409615777,-84.46833839098807,87.03281123467372,-92.75893128857626,-90.51215422147891,321.4009444520131,30.428834261865305,-0.7108154390456998,7.842865459757399,-7.525634762435218,-0.8239746514807389,34.08370946787415,54.375361370491504,-84.46351460921325,87.03708968206212,-92.76121241762763,-90.50863991917925,321.4208962447263,30.0220249932901,-0.5240249228855296,7.77394827407405,-7.612849501465444,-0.8106325290274389,34.243127480621155,0.3745880424976349,-1.621719479560852,-1.1819069385528564,-0.8784101605415344,-0.13316026329994202,0.3692679703235626,0.3960364829214294,-1.3329395613922448,-1.147300598758706,-0.806751515635405,-0.2215168088640795,0.4092704634155577,33.77998352050781,36.609981536865234,38.769981384277344,40.680015563964844,43.129981994628906,40.949981689453125,-0.008972168900072575,-0.8792725801467896,-1.5204660892486572,-0.6501354575157166,-0.1018284410238266,-0.0839245393872261,253,253,253,253,253,253,-0.09522106882057862,-0.3274226321618397,0.24840213276946452,0.08815901859378691,-3.1344902728684354,-0.0007126171361173329,-0.09505339404138932,-0.32747683403092803,0.24835612360881126,0.08839432762949005,-3.1346043410021944,-0.0007997782302178914,4.708086517576091e-8,-0.0000014754358597079561,0.0000019970110088709276,0.000002346971399105828,0.00003379116443745309,0.00001828767795727037,0,0,0,0,0,0,1.26350879329836,-2.4030721620351585,-13.336193485974245,-0.7491940668146357,0.37016637149668924,-0.4505791329670696,7,1,3,1,2,48.19097137451172,48.19097137451172,0.6445291042327881,0,0,0.0040280818939208984,0.0040280818939208984,0.004000000189989805,0.004000000189989805,1,1,0,0,7,0,false,false,100.4000015258789,113,-3,280,55,105,1357,,,,1775568896229,1775568896229,,,,,,,,,,,,,,,
1776085912787,002c2969-c559-4f02-85a2-f2403051e800,0,54.3469409615777,-84.46833839098807,87.03281123467372,-92.75893128857626,-90.51215422147891,321.4009444520131,30.428834261865305,-0.7108154390456998,7.842865459757399,-7.525634762435218,-0.8239746514807389,34.08370946787415,54.375361370491504,-84.46351460921325,87.03708968206212,-92.76121241762763,-90.50863991917925,321.4208962447263,30.0220249932901,-0.5240249228855296,7.77394827407405,-7.612849501465444,-0.8106325290274389,34.243127480621155,0.3745880424976349,-1.621719479560852,-1.1819069385528564,-0.8784101605415344,-0.13316026329994202,0.3692679703235626,0.3960364829214294,-1.3329395613922448,-1.147300598758706,-0.806751515635405,-0.2215168088640795,0.4092704634155577,33.77998352050781,36.609981536865234,38.769981384277344,40.680015563964844,43.129981994628906,40.949981689453125,-0.008972168900072575,-0.8792725801467896,-1.5204660892486572,-0.6501354575157166,-0.1018284410238266,-0.0839245393872261,253,253,253,253,253,253,-0.09522106882057862,-0.3274226321618397,0.24840213276946452,0.08815901859378691,-3.1344902728684354,-0.0007126171361173329,-0.09505339404138932,-0.32747683403092803,0.24835612360881126,0.08839432762949005,-3.1346043410021944,-0.0007997782302178914,4.708086517576091e-8,-0.0000014754358597079561,0.0000019970110088709276,0.000002346971399105828,0.00003379116443745309,0.00001828767795727037,0,0,0,0,0,0,1.26350879329836,-2.4030721620351585,-13.336193485974245,-0.7491940668146357,0.37016637149668924,-0.4505791329670696,7,1,3,1,2,48.19097137451172,48.19097137451172,0.6445291042327881,0,0,0.0040280818939208984,0.0040280818939208984,0.004000000189989805,0.004000000189989805,1,1,0,0,7,0,false,false,100.4000015258789,113,-3,280,55,105,1357,,,,1775568896229,1775568896229,,,,,,,,,,,,,,,
1776085912797,002c2969-c559-4f02-85a2-f2403051e800,0,54.3469409615777,-84.46833839098807,87.03281123467372,-92.75893128857626,-90.51215422147891,321.4009444520131,30.428834261865305,-0.7108154390456998,7.842865459757399,-7.525634762435218,-0.8239746514807389,34.08370946787415,54.375361370491504,-84.46351460921325,87.03708968206212,-92.76121241762763,-90.50863991917925,321.4208962447263,30.0220249932901,-0.5240249228855296,7.77394827407405,-7.612849501465444,-0.8106325290274389,34.243127480621155,0.3745880424976349,-1.621719479560852,-1.1819069385528564,-0.8784101605415344,-0.13316026329994202,0.3692679703235626,0.3960364829214294,-1.3329395613922448,-1.147300598758706,-0.806751515635405,-0.2215168088640795,0.4092704634155577,33.77998352050781,36.609981536865234,38.769981384277344,40.680015563964844,43.129981994628906,40.949981689453125,-0.008972168900072575,-0.8792725801467896,-1.5204660892486572,-0.6501354575157166,-0.1018284410238266,-0.0839245393872261,253,253,253,253,253,253,-0.09522106882057862,-0.3274226321618397,0.24840213276946452,0.08815901859378691,-3.1344902728684354,-0.0007126171361173329,-0.09505339404138932,-0.32747683403092803,0.24835612360881126,0.08839432762949005,-3.1346043410021944,-0.0007997782302178914,4.708086517576091e-8,-0.0000014754358597079561,0.0000019970110088709276,0.000002346971399105828,0.00003379116443745309,0.00001828767795727037,0,0,0,0,0,0,1.26350879329836,-2.4030721620351585,-13.336193485974245,-0.7491940668146357,0.37016637149668924,-0.4505791329670696,7,1,3,1,2,48.19097137451172,48.19097137451172,0.6445291042327881,0,0,0.0040280818939208984,0.0040280818939208984,0.004000000189989805,0.004000000189989805,1,1,0,0,7,0,false,false,100.4000015258789,113,-3,280,55,105,1357,,,,1775568896229,1775568896229,,,,,,,,,,,,,,,
1776085912806,002c2969-c559-4f02-85a2-f2403051e800,0,54.3469409615777,-84.46833839098807,87.03281123467372,-92.75893128857626,-90.51215422147891,321.4009444520131,30.428834261865305,-0.7108154390456998,7.842865459757399,-7.525634762435218,-0.8239746514807389,34.08370946787415,54.375361370491504,-84.46351460921325,87.03708968206212,-92.76121241762763,-90.50863991917925,321.4208962447263,30.0220249932901,-0.5240249228855296,7.77394827407405,-7.612849501465444,-0.8106325290274389,34.243127480621155,0.3745880424976349,-1.621719479560852,-1.1819069385528564,-0.8784101605415344,-0.13316026329994202,0.3692679703235626,0.3960364829214294,-1.3329395613922448,-1.147300598758706,-0.806751515635405,-0.2215168088640795,0.4092704634155577,33.77998352050781,36.609981536865234,38.769981384277344,40.680015563964844,43.129981994628906,40.949981689453125,-0.008972168900072575,-0.8792725801467896,-1.5204660892486572,-0.6501354575157166,-0.1018284410238266,-0.0839245393872261,253,253,253,253,253,253,-0.09522106882057862,-0.3274226321618397,0.24840213276946452,0.08815901859378691,-3.1344902728684354,-0.0007126171361173329,-0.09505339404138932,-0.32747683403092803,0.24835612360881126,0.08839432762949005,-3.1346043410021944,-0.0007997782302178914,4.708086517576091e-8,-0.0000014754358597079561,0.0000019970110088709276,0.000002346971399105828,0.00003379116443745309,0.00001828767795727037,0,0,0,0,0,0,1.26350879329836,-2.4030721620351585,-13.336193485974245,-0.7491940668146357,0.37016637149668924,-0.4505791329670696,7,1,3,1,2,48.19097137451172,48.19097137451172,0.6445291042327881,0,0,0.0040280818939208984,0.0040280818939208984,0.004000000189989805,0.004000000189989805,1,1,0,0,7,0,false,false,100.4000015258789,113,-3,280,55,105,1357,,,,1775568896229,1775568896229,,,,,,,,,,,,,,,
1776085912816,002c2969-c559-4f02-85a2-f2403051e800,0,55.31616529537002,-84.46628933423706,87.29519978182893,-93.01790474114647,-90.52518622241529,322.50940219203613,30.65625224047005,0.8536377361592812,7.897797256157227,-8.819275152556571,-1.6040039725633217,34.85687322154125,55.3420620340255,-84.46339977939795,87.28601451628816,-93.02798456867609,-90.54435917276766,322.5301675746604,30.393037706243444,0.5350469503878225,7.777683920807651,-9.052587667956157,-1.425466193258749,35.08253597226717,0.1211242824792862,-1.3099366426467896,-1.5906178951263428,-1.0943759679794312,-0.48676231503486633,0.3334601819515228,0.3966701633045672,-0.8464839471927952,-1.1476919504736214,-0.810725686594527,-0.22339544684631016,0.4103319946885827,33.77998352050781,36.609981536865234,38.769981384277344,40.680015563964844,43.129981994628906,40.949981689453125,-0.008972168900072575,-0.8792725801467896,-1.5204660892486572,-0.6501354575157166,-0.1018284410238266,-0.0839245393872261,253,253,253,253,253,253,-0.08966938374706875,-0.3289274840618012,0.24740988004502829,0.08431616581518957,-3.134458674946243,-0.0008783914802058554,-0.08958832126295536,-0.32898534020762493,0.24745685944756582,0.08444147740177539,-3.1340167301455324,-0.0008188495376167488,4.708086517576091e-8,-0.0000014754358597079561,0.0000019970110088709276,0.000002346971399105828,0.00003379116443745309,0.00001828767795727037,0,0,0,0,0,0,1.26350879329836,-2.4030721620351585,-13.336193485974245,-0.7491940668146357,0.37016637149668924,-0.4505791329670696,7,1,3,1,2,48.19097137451172,48.19097137451172,0.6445291042327881,0,0,0.0040280818939208984,0.0040280818939208984,0.004000000189989805,0.004000000189989805,1,1,0,0,7,0,false,false,100.4000015258789,113,-3,280,55,105,1357,,,,1775568896229,1775568896229,,,,,,,,,,,,,,,
1776085912825,002c2969-c559-4f02-85a2-f2403051e800,0,55.31616529537002,-84.46628933423706,87.29519978182893,-93.01790474114647,-90.52518622241529,322.50940219203613,30.65625224047005,0.8536377361592812,7.897797256157227,-8.819275152556571,-1.6040039725633217,34.85687322154125,55.3420620340255,-84.46339977939795,87.28601451628816,-93.02798456867609,-90.54435917276766,322.5301675746604,30.393037706243444,0.5350469503878225,7.777683920807651,-9.052587667956157,-1.425466193258749,35.08253597226717,0.1211242824792862,-1.3099366426467896,-1.5906178951263428,-1.0943759679794312,-0.48676231503486633,0.3334601819515228,0.3966701633045672,-0.8464839471927952,-1.1476919504736214,-0.810725686594527,-0.22339544684631016,0.4103319946885827,33.77998352050781,36.609981536865234,38.769981384277344,40.680015563964844,43.129981994628906,40.949981689453125,-0.008972168900072575,-0.8792725801467896,-1.5204660892486572,-0.6501354575157166,-0.1018284410238266,-0.0839245393872261,253,253,253,253,253,253,-0.08966938374706875,-0.3289274840618012,0.24740988004502829,0.08431616581518957,-3.134458674946243,-0.0008783914802058554,-0.08958832126295536,-0.32898534020762493,0.24745685944756582,0.08444147740177539,-3.1340167301455324,-0.0008188495376167488,4.708086517576091e-8,-0.0000014754358597079561,0.0000019970110088709276,0.000002346971399105828,0.00003379116443745309,0.00001828767795727037,0,0,0,0,0,0,1.26350879329836,-2.4030721620351585,-13.336193485974245,-0.7491940668146357,0.37016637149668924,-0.4505791329670696,7,1,3,1,2,48.19097137451172,48.19097137451172,0.6445291042327881,0,0,0.0040280818939208984,0.0040280818939208984,0.004000000189989805,0.004000000189989805,1,1,0,0,7,0,false,false,100.4000015258789,113,-3,280,55,105,1357,,,,1775568896229,1775568896229,,,,,,,,,,,,,,,
1776085912835,002c2969-c559-4f02-85a2-f2403051e800,0,56.043771687273136,-84.44287544576225,87.4840954935148,-93.25155185227426,-90.5809205660426,323.36700074422293,30.815552742482257,1.3853760205335603,7.281189122229632,-9.953613333118426,-2.5488283093194166,35.45562809475208,56.07468527836542,-84.44087034707727,87.4724575059326,-93.25788062649066,-90.5842502184452,323.37955087780153,30.656653080720226,1.3446295805972344,7.755503058276992,-10.100644228368443,-1.9007950084216219,35.697096370131014,0.4822540879249573,-1.1035767793655396,-1.576892614364624,-1.0194034576416016,-0.19022895395755768,0.31667524576187134,0.3970681610091871,-0.823527267846672,-1.1481269312719888,-0.8136661387055347,-0.22493541898363384,0.41109575740872445,33.77998352050781,36.609981536865234,38.769981384277344,40.680015563964844,43.129981994628906,40.949981689453125,-0.008972168900072575,-0.8792725801467896,-1.5204660892486572,-0.6501354575157166,-0.1018284410238266,-0.0839245393872261,253,253,253,253,253,253,-0.08566008582875938,-0.33005716113427497,0.24664377017946057,0.08070239063319032,-3.133537082681408,-0.0011479566012423535,-0.08551549026900647,-0.33013926986849723,0.2467026966285635,0.08119702728103005,-3.1333166345393706,-0.00083860275792717,4.708086517576091e-8,-0.0000014754358597079561,0.0000019970110088709276,0.000002346971399105828,0.00003379116443745309,0.00001828767795727037,0,0,0,0,0,0,1.26350879329836,-2.4030721620351585,-13.336193485974245,-0.7491940668146357,0.37016637149668924,-0.4505791329670696,7,1,3,1,2,48.19097137451172,48.19097137451172,0.6445291042327881,0,0,0.0040280818939208984,0.0040280818939208984,0.004000000189989805,0.004000000189989805,1,1,0,0,7,0,false,false,100.4000015258789,113,-3,280,55,105,1357,,,,1775568896229,1775568896229,,,,,,,,,,,,,,,
1776085912844,002c2969-c559-4f02-85a2-f2403051e800,0,56.043771687273136,-84.44287544576225,87.4840954935148,-93.25155185227426,-90.5809205660426,323.36700074422293,30.815552742482257,1.3853760205335603,7.281189122229632,-9.953613333118426,-2.5488283093194166,35.45562809475208,56.07468527836542,-84.44087034707727,87.4724575059326,-93.25788062649066,-90.5842502184452,323.37955087780153,30.656653080720226,1.3446295805972344,7.755503058276992,-10.100644228368443,-1.9007950084216219,35.697096370131014,0.4822540879249573,-1.1035767793655396,-1.576892614364624,-1.0194034576416016,-0.19022895395755768,0.31667524576187134,0.3970681610091871,-0.823527267846672,-1.1481269312719888,-0.8136661387055347,-0.22493541898363384,0.41109575740872445,33.77998352050781,36.609981536865234,38.769981384277344,40.680015563964844,43.129981994628906,40.949981689453125,-0.008972168900072575,-0.8792725801467896,-1.5204660892486572,-0.6501354575157166,-0.1018284410238266,-0.0839245393872261,253,253,253,253,253,253,-0.08566008582875938,-0.33005716113427497,0.24664377017946057,0.08070239063319032,-3.133537082681408,-0.0011479566012423535,-0.08551549026900647,-0.33013926986849723,0.2467026966285635,0.08119702728103005,-3.1333166345393706,-0.00083860275792717,4.708086517576091e-8,-0.0000014754358597079561,0.0000019970110088709276,0.000002346971399105828,0.00003379116443745309,0.00001828767795727037,0,0,0,0,0,0,1.26350879329836,-2.4030721620351585,-13.336193485974245,-0.7491940668146357,0.37016637149668924,-0.4505791329670696,7,1,3,1,2,48.19097137451172,48.19097137451172,0.6445291042327881,0,0,0.0040280818939208984,0.0040280818939208984,0.004000000189989805,0.004000000189989805,1,1,0,0,7,0,false,false,100.4000015258789,113,-3,280,55,105,1357,,,,1775568896229,1775568896229,,,,,,,,,,,,,,,
1776085912853,002c2969-c559-4f02-85a2-f2403051e800,0,56.54210570421185,-84.4195161988008,87.60291346431634,-93.4180445434825,-90.62012585187847,323.9401082571004,31.067139345465094,1.6556396690800892,7.505035765672106,-10.85861254437147,-2.08877579513133,36.022796758146185,56.566548357196154,-84.41498701416359,87.5963403994457,-93.42496986497832,-90.61724417819204,323.95393110289297,30.82514087024281,1.8917900942143568,7.728113115320582,-10.78324325494147,-2.2243201741334935,36.09930618816603,0.3880462944507599,-1.0407716035842896,-1.2764594554901123,-1.0328313112258911,-0.21484681963920593,0.3222702145576477,0.3972961579469557,-0.8198333787178701,-1.1484844184364598,-0.8156013850029266,-0.22602509236808918,0.4115891962847173,33.77998352050781,36.609981536865234,38.769981384277344,40.680015563964844,43.129981994628906,40.949981689453125,-0.008972168900072575,-0.8792725801467896,-1.5204660892486572,-0.6501354575157166,-0.1018284410238266,-0.0839245393872261,253,253,253,253,253,253,-0.08293709067332526,-0.3308458365736062,0.24614281520647446,0.07861355086083509,-3.132780365872905,-0.0011055146813722168,-0.08281263797726071,-0.3309192944271806,0.24616196203339025,0.07890128013040118,-3.1327259771946854,-0.0008542115676594568,4.708086517576091e-8,-0.0000014754358597079561,0.0000019970110088709276,0.000002346971399105828,0.00003379116443745309,0.00001828767795727037,0,0,0,0,0,0,1.26350879329836,-2.4030721620351585,-13.336193485974245,-0.7491940668146357,0.37016637149668924,-0.4505791329670696,7,1,3,1,2,48.19097137451172,48.19097137451172,0.6445291042327881,0,0,0.0040280818939208984,0.0040280818939208984,0.004000000189989805,0.004000000189989805,1,1,0,0,7,0,false,false,100.4000015258789,113,-3,280,55,105,1357,,,,1775568896229,1775568896229,,,,,,,,,,,,,,,
1776085912863,002c2969-c559-4f02-85a2-f2403051e800,0,56.54210570421185,-84.4195161988008,87.60291346431634,-93.4180445434825,-90.62012585187847,323.9401082571004,31.067139345465094,1.6556396690800892,7.505035765672106,-10.85861254437147,-2.08877579513133,36.022796758146185,56.566548357196154,-84.41498701416359,87.5963403994457,-93.42496986497832,-90.61724417819204,323.95393110289297,30.82514087024281,1.8917900942143568,7.728113115320582,-10.78324325494147,-2.2243201741334935,36.09930618816603,0.3880462944507599,-1.0407716035842896,-1.2764594554901123,-1.0328313112258911,-0.21484681963920593,0.3222702145576477,0.3972961579469557,-0.8198333787178701,-1.1484844184364598,-0.8156013850029266,-0.22602509236808918,0.4115891962847173,33.77998352050781,36.609981536865234,38.769981384277344,40.680015563964844,43.129981994628906,40.949981689453125,-0.008972168900072575,-0.8792725801467896,-1.5204660892486572,-0.6501354575157166,-0.1018284410238266,-0.0839245393872261,253,253,253,253,253,253,-0.08293709067332526,-0.3308458365736062,0.24614281520647446,0.07861355086083509,-3.132780365872905,-0.0011055146813722168,-0.08281263797726071,-0.3309192944271806,0.24616196203339025,0.07890128013040118,-3.1327259771946854,-0.0008542115676594568,4.708086517576091e-8,-0.0000014754358597079561,0.0000019970110088709276,0.000002346971399105828,0.00003379116443745309,0.00001828767795727037,0,0,0,0,0,0,1.26350879329836,-2.4030721620351585,-13.336193485974245,-0.7491940668146357,0.37016637149668924,-0.4505791329670696,7,1,3,1,2,48.19097137451172,48.19097137451172,0.6445291042327881,0,0,0.0040280818939208984,0.0040280818939208984,0.004000000189989805,0.004000000189989805,1,1,0,0,7,0,false,false,100.4000015258789,113,-3,280,55,105,1357,,,,1775568896229,1775568896229,,,,,,,,,,,,,,,
1776085912872,002c2969-c559-4f02-85a2-f2403051e800,0,57.28548300290853,-84.37345340303824,87.78219226965084,-93.68250946814538,-90.65722743944997,324.81967269765795,31.403321256413122,2.544433722918748,7.533874531895192,-11.898193803030443,-2.4842834485496192,36.4114379370145,57.30927827895241,-84.35962646610952,87.78113294800522,-93.69581203491201,-90.67654531396737,324.82744373785135,31.06662652447853,2.7238645954453284,7.667203553444287,-11.781659516661556,-2.7193583157081767,36.69092634944577,0.1435547024011612,-0.989181637763977,-1.2093576192855835,-1.0552111864089966,-0.48340535163879395,0.2528926134109497,0.39758155458860517,-0.8145640053202583,-1.1491216678562148,-0.8184586043271168,-0.2277548709789549,0.4123054157198394,33.77998352050781,36.609981536865234,38.769981384277344,40.680015563964844,43.129981994628906,40.949981689453125,-0.008972168900072575,-0.8792725801467896,-1.5204660892486572,-0.6501354575157166,-0.1018284410238266,-0.0839245393872261,253,253,253,253,253,253,-0.07884492120497838,-0.33204944147015175,0.24534582384709613,0.07483114150027466,-3.13194831435474,-0.0006045059419825947,-0.07877691208887014,-0.3321054384539612,0.24529392106338163,0.07525918083612375,-3.1316535165584694,-0.0008810767298796626,4.708086517576091e-8,-0.0000014754358597079561,0.0000019970110088709276,0.000002346971399105828,0.00003379116443745309,0.00001828767795727037,0,0,0,0,0,0,1.26350879329836,-2.4030721620351585,-13.336193485974245,-0.7491940668146357,0.37016637149668924,-0.4505791329670696,7,1,3,1,2,48.19097137451172,48.19097137451172,0.6445291042327881,0,0,0.0040280818939208984,0.0040280818939208984,0.004000000189989805,0.004000000189989805,1,1,0,0,7,0,false,false,100.4000015258789,113,-3,280,55,105,1357,,,,1775568896229,1775568896229,,,,,,,,,,,,,,,
1776085912882,002c2969-c559-4f02-85a2-f2403051e800,0,57.28548300290853,-84.37345340303824,87.78219226965084,-93.68250946814538,-90.65722743944997,324.81967269765795,31.403321256413122,2.544433722918748,7.533874531895192,-11.898193803030443,-2.4842834485496192,36.4114379370145,57.30927827895241,-84.35962646610952,87.78113294800522,-93.69581203491201,-90.67654531396737,324.82744373785135,31.06662652447853,2.7238645954453284,7.667203553444287,-11.781659516661556,-2.7193583157081767,36.69092634944577,0.1435547024011612,-0.989181637763977,-1.2093576192855835,-1.0552111864089966,-0.48340535163879395,0.2528926134109497,0.39758155458860517,-0.8145640053202583,-1.1491216678562148,-0.8184586043271168,-0.2277548709789549,0.4123054157198394,33.77998352050781,36.609981536865234,38.769981384277344,40.680015563964844,43.129981994628906,40.949981689453125,-0.008972168900072575,-0.8792725801467896,-1.5204660892486572,-0.6501354575157166,-0.1018284410238266,-0.0839245393872261,253,253,253,253,253,253,-0.07884492120497838,-0.33204944147015175,0.24534582384709613,0.07483114150027466,-3.13194831435474,-0.0006045059419825947,-0.07877691208887014,-0.3321054384539612,0.24529392106338163,0.07525918083612375,-3.1316535165584694,-0.0008810767298796626,4.708086517576091e-8,-0.0000014754358597079561,0.0000019970110088709276,0.000002346971399105828,0.00003379116443745309,0.00001828767795727037,0,0,0,0,0,0,1.26350879329836,-2.4030721620351585,-13.336193485974245,-0.7491940668146357,0.37016637149668924,-0.4505791329670696,7,1,3,1,2,48.19097137451172,48.19097137451172,0.6445291042327881,0,0,0.0040280818939208984,0.0040280818939208984,0.004000000189989805,0.004000000189989805,1,1,0,0,7,0,false,false,100.4000015258789,113,-3,280,55,105,1357,,,,1775568896229,1775568896229,,,,,,,,,,,,,,,
1776085912892,002c2969-c559-4f02-85a2-f2403051e800,0,58.0330301320935,-84.2923107556985,87.95936737672096,-93.98328367843607,-90.74733129498078,325.7054116292252,31.22094837538461,3.5771485070277445,7.382812945569313,-12.961121502046169,-4.237976139415648,36.76986918918384,58.0576379072765,-84.2841311751174,87.96416754231575,-93.99023377409418,-90.74786501613909,325.71498195218504,31.294199621167373,3.56970288703617,7.581424015176001,-12.747903130106293,-3.2257997412593724,37.2680069215906,0.3970184624195099,-1.0452576875686646,-1.1941072940826416,-0.975762665271759,-0.21260882914066315,0.3558400571346283,0.3977984611402931,-0.8096238081049719,-1.1498794236338945,-0.8212512023811447,-0.22959969641763509,0.4129926060795408,33.77998352050781,36.609981536865234,38.769981384277344,40.680015563964844,43.129981994628906,40.949981689453125,-0.008972168900072575,-0.8792725801467896,-1.5204660892486572,-0.6501354575157166,-0.1018284410238266,-0.0839245393872261,253,253,253,253,253,253,-0.07489631631171552,-0.33326483848645777,0.24441817466036792,0.07096814222467292,-3.130316072368003,-0.0007711012837824284,-0.07476344925097715,-0.3333109111201536,0.24435755319631086,0.07137981870574851,-3.1303565433788605,-0.0009118333899942675,4.708086517576091e-8,-0.0000014754358597079561,0.0000019970110088709276,0.000002346971399105828,0.00003379116443745309,0.00001828767795727037,0,0,0,0,0,0,1.26350879329836,-2.4030721620351585,-13.336193485974245,-0.7491940668146357,0.37016637149668924,-0.4505791329670696,7,1,3,1,2,48.19097137451172,48.19097137451172,0.6445291042327881,0,0,0.0040280818939208984,0.0040280818939208984,0.004000000189989805,0.004000000189989805,1,1,0,0,7,0,false,false,100.4000015258789,113,-3,280,55,105,1357,,,,1775568896229,1775568896229,,,,,,,,,,,,,,,
1776085912901,002c2969-c559-4f02-85a2-f2403051e800,0,58.0330301320935,-84.2923107556985,87.95936737672096,-93.98328367843607,-90.74733129498078,325.7054116292252,31.22094837538461,3.5771485070277445,7.382812945569313,-12.961121502046169,-4.237976139415648,36.76986918918384,58.0576379072765,-84.2841311751174,87.96416754231575,-93.99023377409418,-90.74786501613909,325.71498195218504,31.294199621167373,3.56970288703617,7.581424015176001,-12.747903130106293,-3.2257997412593724,37.2680069215906,0.3970184624195099,-1.0452576875686646,-1.1941072940826416,-0.975762665271759,-0.21260882914066315,0.3558400571346283,0.3977984611402931,-0.8096238081049719,-1.1498794236338945,-0.8212512023811447,-0.22959969641763509,0.4129926060795408,33.77998352050781,36.609981536865234,38.769981384277344,40.680015563964844,43.129981994628906,40.949981689453125,-0.008972168900072575,-0.8792725801467896,-1.5204660892486572,-0.6501354575157166,-0.1018284410238266,-0.0839245393872261,253,253,253,253,253,253,-0.07489631631171552,-0.33326483848645777,0.24441817466036792,0.07096814222467292,-3.130316072368003,-0.0007711012837824284,-0.07476344925097715,-0.3333109111201536,0.24435755319631086,0.07137981870574851,-3.1303565433788605,-0.0009118333899942675,4.708086517576091e-8,-0.0000014754358597079561,0.0000019970110088709276,0.000002346971399105828,0.00003379116443745309,0.00001828767795727037,0,0,0,0,0,0,1.26350879329836,-2.4030721620351585,-13.336193485974245,-0.7491940668146357,0.37016637149668924,-0.4505791329670696,7,1,3,1,2,48.19097137451172,48.19097137451172,0.6445291042327881,0,0,0.0040280818939208984,0.0040280818939208984,0.004000000189989805,0.004000000189989805,1,1,0,0,7,0,false,false,100.4000015258789,113,-3,280,55,105,1357,,,,1775568896229,1775568896229,,,,,,,,,,,,,,,
1776085912912,002c2969-c559-4f02-85a2-f2403051e800,0,58.50595243022518,-84.23184992116553,88.0802617250302,-94.18471961743808,-90.80855711070078,326.2943105394637,31.38793967040225,3.8408202759732704,7.800292890660709,-13.323669650737736,-3.269806002633038,37.59109698404032,58.56014790109719,-84.2223407386052,88.08514069447806,-94.19963129654906,-90.80234958596174,326.31510103174014,31.598795805282986,4.169480252596847,7.566005158537501,-13.474761949582199,-3.6015994089724703,37.84692747712039,0.4598236680030823,-1.0138550996780396,-1.3664369583129883,-1.1078039407730103,-0.19358593225479126,0.36479198932647705,0.43022220958474017,-0.8013031285809851,-1.1412635050875533,-0.824014086177293,-0.22740940178360225,0.421397542078936,33.77998352050781,36.609981536865234,38.769981384277344,40.680015563964844,43.129981994628906,40.949981689453125,-0.008972168900072575,-0.8792725801467896,-1.5204660892486572,-0.6501354575157166,-0.1018284410238266,-0.0839245393872261,253,253,253,253,253,253,-0.07240583609737862,-0.3340179256607837,0.24375092720850672,0.06774485694111543,-3.1292973039319394,-0.0010499109595883756,-0.07209697609607622,-0.33412641720229475,0.2436941541497955,0.06865763187405245,-3.129364305685939,-0.0009344063116083459,4.708086517576091e-8,-0.0000014754358597079561,0.0000019970110088709276,0.000002346971399105828,0.00003379116443745309,0.00001828767795727037,0,0,0,0,0,0,1.26350879329836,-2.4030721620351585,-13.336193485974245,-0.7491940668146357,0.37016637149668924,-0.4505791329670696,7,1,3,1,2,48.19097137451172,48.19097137451172,0.6445291042327881,0,0,0.0040280818939208984,0.0040280818939208984,0.004000000189989805,0.004000000189989805,1,1,0,0,7,0,false,false,100.4000015258789,113,-3,280,55,105,1357,,,,1775568896229,1775568896229,,,,,,,,,,,,,,,
1776085912921,002c2969-c559-4f02-85a2-f2403051e800,0,58.50595243022518,-84.23184992116553,88.0802617250302,-94.18471961743808,-90.80855711070078,326.2943105394637,31.38793967040225,3.8408202759732704,7.800292890660709,-13.323669650737736,-3.269806002633038,37.59109698404032,58.56014790109719,-84.2223407386052,88.08514069447806,-94.19963129654906,-90.80234958596174,326.31510103174014,31.598795805282986,4.169480252596847,7.566005158537501,-13.474761949582199,-3.6015994089724703,37.84692747712039,0.4598236680030823,-1.0138550996780396,-1.3664369583129883,-1.1078039407730103,-0.19358593225479126,0.36479198932647705,0.43022220958474017,-0.8013031285809851,-1.1412635050875533,-0.824014086177293,-0.22740940178360225,0.421397542078936,33.77998352050781,36.609981536865234,38.769981384277344,40.680015563964844,43.129981994628906,40.949981689453125,-0.008972168900072575,-0.8792725801467896,-1.5204660892486572,-0.6501354575157166,-0.1018284410238266,-0.0839245393872261,253,253,253,253,253,253,-0.07240583609737862,-0.3340179256607837,0.24375092720850672,0.06774485694111543,-3.1292973039319394,-0.0010499109595883756,-0.07209697609607622,-0.33412641720229475,0.2436941541497955,0.06865763187405245,-3.129364305685939,-0.0009344063116083459,4.708086517576091e-8,-0.0000014754358597079561,0.0000019970110088709276,0.000002346971399105828,0.00003379116443745309,0.00001828767795727037,0,0,0,0,0,0,1.26350879329836,-2.4030721620351585,-13.336193485974245,-0.7491940668146357,0.37016637149668924,-0.4505791329670696,7,1,3,1,2,48.19097137451172,48.19097137451172,0.6445291042327881,0,0,0.0040280818939208984,0.0040280818939208984,0.004000000189989805,0.004000000189989805,1,1,0,0,7,0,false,false,100.4000015258789,113,-3,280,55,105,1357,,,,1775568896229,1775568896229,,,,,,,,,,,,,,,
1776085912929,002c2969-c559-4f02-85a2-f2403051e800,0,59.29535837373857,-84.12732070610767,88.2636386438667,-94.53002666111725,-90.88901673912353,327.2218775495081,32.859008738366676,5.057006747793503,7.9788212289601494,-14.967498962247522,-4.426117115198235,39.74029796865487,59.33671914935731,-84.10876481343735,88.27027169593842,-94.54375045355589,-90.8982329497652,327.2498761342766,33.1592605639668,5.320255929531478,7.854815298416646,-15.21769514493903,-4.401309062605499,40.10627330271639,0.3835602104663849,-0.912918210029602,-1.3755871057510376,-1.1055659055709839,-0.35024508833885193,0.29429537057876587,0.4992862550970693,-0.7812926444762966,-1.1239920728898123,-0.8303138452190169,-0.22300202725649562,0.4401210552839046,33.77998352050781,36.609981536865234,38.769981384277344,40.680015563964844,43.129981994628906,40.949981689453125,-0.008972168900072575,-0.8792725801467896,-1.5204660892486572,-0.6501354575157166,-0.1018284410238266,-0.0839245393872261,253,253,253,253,253,253,-0.0682235528230183,-0.3353218005499201,0.24272598247786994,0.06388021453674272,-3.127655981913867,-0.0005878456831587339,-0.06802337136712781,-0.33539813002653346,0.24260760568985543,0.06424331034638384,-3.127617219673553,-0.0009724213293626382,4.708086517576091e-8,-0.0000014754358597079561,0.0000019970110088709276,0.000002346971399105828,0.00003379116443745309,0.00001828767795727037,0,0,0,0,0,0,1.26350879329836,-2.4030721620351585,-13.336193485974245,-0.7491940668146357,0.37016637149668924,-0.4505791329670696,7,1,3,1,2,48.19097137451172,48.19097137451172,0.6445291042327881,0,0,0.0040280818939208984,0.0040280818939208984,0.004000000189989805,0.004000000189989805,1,1,0,0,7,0,false,false,100.4000015258789,113,-3,280,55,105,1357,,,,1775568896229,1775568896229,,,,,,,,,,,,,,,
1776085912939,002c2969-c559-4f02-85a2-f2403051e800,0,59.29535837373857,-84.12732070610767,88.2636386438667,-94.53002666111725,-90.88901673912353,327.2218775495081,32.859008738366676,5.057006747793503,7.9788212289601494,-14.967498962247522,-4.426117115198235,39.74029796865487,59.33671914935731,-84.10876481343735,88.27027169593842,-94.54375045355589,-90.8982329497652,327.2498761342766,33.1592605639668,5.320255929531478,7.854815298416646,-15.21769514493903,-4.401309062605499,40.10627330271639,0.3835602104663849,-0.912918210029602,-1.3755871057510376,-1.1055659055709839,-0.35024508833885193,0.29429537057876587,0.4992862550970693,-0.7812926444762966,-1.1239920728898123,-0.8303138452190169,-0.22300202725649562,0.4401210552839046,33.77998352050781,36.609981536865234,38.769981384277344,40.680015563964844,43.129981994628906,40.949981689453125,-0.008972168900072575,-0.8792725801467896,-1.5204660892486572,-0.6501354575157166,-0.1018284410238266,-0.0839245393872261,253,253,253,253,253,253,-0.0682235528230183,-0.3353218005499201,0.24272598247786994,0.06388021453674272,-3.127655981913867,-0.0005878456831587339,-0.06802337136712781,-0.33539813002653346,0.24260760568985543,0.06424331034638384,-3.127617219673553,-0.0009724213293626382,4.708086517576091e-8,-0.0000014754358597079561,0.0000019970110088709276,0.000002346971399105828,0.00003379116443745309,0.00001828767795727037,0,0,0,0,0,0,1.26350879329836,-2.4030721620351585,-13.336193485974245,-0.7491940668146357,0.37016637149668924,-0.4505791329670696,7,1,3,1,2,48.19097137451172,48.19097137451172,0.6445291042327881,0,0,0.0040280818939208984,0.0040280818939208984,0.004000000189989805,0.004000000189989805,1,1,0,0,7,0,false,false,100.4000015258789,113,-3,280,55,105,1357,,,,1775568896229,1775568896229,,,,,,,,,,,,,,,
1776085912948,002c2969-c559-4f02-85a2-f2403051e800,0,59.83969712983191,-84.03795451100721,88.3900244642686,-94.78697837769313,-90.97291878288796,327.87041767157916,34.025758727861174,5.9150390169925995,7.687683561814709,-16.008453942703316,-5.679931952929713,42.000735414092254,59.876780446268036,-84.01685180708061,88.39734160348159,-94.79698421846237,-90.97325195858686,327.90512746551013,34.364516601426686,6.181283680036534,8.022379955619146,-16.44028904452446,-4.9812508458367635,41.82054246321053,0.4441223740577698,-0.8747864961624146,-1.1864820718765259,-1.0272363424301147,-0.21820379793643951,0.3558400571346283,0.5166238871529806,-0.7711309112554813,-1.1213755626387314,-0.8340557390281522,-0.22356261385642445,0.44585513089163153,33.77998352050781,36.609981536865234,38.769981384277344,40.680015563964844,43.129981994628906,40.949981689453125,-0.008972168900072575,-0.8792725801467896,-1.5204660892486572,-0.6501354575157166,-0.1018284410238266,-0.0839245393872261,253,253,253,253,253,253,-0.06542038154820547,-0.33621649197986625,0.24195114274640547,0.060958554258784985,-3.1260917619714137,-0.0005812903143253251,-0.06522243800260209,-0.3362908143464523,0.24180885926486995,0.06102814102669091,-3.126251909648898,-0.0010009040203195897,4.708086517576091e-8,-0.0000014754358597079561,0.0000019970110088709276,0.000002346971399105828,0.00003379116443745309,0.00001828767795727037,0,0,0,0,0,0,1.26350879329836,-2.4030721620351585,-13.336193485974245,-0.7491940668146357,0.37016637149668924,-0.4505791329670696,7,1,3,1,2,48.19097137451172,48.19097137451172,0.6445291042327881,0,0,0.0040280818939208984,0.0040280818939208984,0.004000000189989805,0.004000000189989805,1,1,0,0,7,0,false,false,100.4000015258789,113,-3,280,55,105,1357,,,,1775568896229,1775568896229,,,,,,,,,,,,,,,
1776085912959,002c2969-c559-4f02-85a2-f2403051e800,0,59.83969712983191,-84.03795451100721,88.3900244642686,-94.78697837769313,-90.97291878288796,327.87041767157916,34.025758727861174,5.9150390169925995,7.687683561814709,-16.008453942703316,-5.679931952929713,42.000735414092254,59.876780446268036,-84.01685180708061,88.39734160348159,-94.79698421846237,-90.97325195858686,327.90512746551013,34.364516601426686,6.181283680036534,8.022379955619146,-16.44028904452446,-4.9812508458367635,41.82054246321053,0.4441223740577698,-0.8747864961624146,-1.1864820718765259,-1.0272363424301147,-0.21820379793643951,0.3558400571346283,0.5166238871529806,-0.7711309112554813,-1.1213755626387314,-0.8340557390281522,-0.22356261385642445,0.44585513089163153,33.77998352050781,36.609981536865234,38.769981384277344,40.680015563964844,43.129981994628906,40.949981689453125,-0.008972168900072575,-0.8792725801467896,-1.5204660892486572,-0.6501354575157166,-0.1018284410238266,-0.0839245393872261,253,253,253,253,253,253,-0.06542038154820547,-0.33621649197986625,0.24195114274640547,0.060958554258784985,-3.1260917619714137,-0.0005812903143253251,-0.06522243800260209,-0.3362908143464523,0.24180885926486995,0.06102814102669091,-3.126251909648898,-0.0010009040203195897,4.708086517576091e-8,-0.0000014754358597079561,0.0000019970110088709276,0.000002346971399105828,0.00003379116443745309,0.00001828767795727037,0,0,0,0,0,0,1.26350879329836,-2.4030721620351585,-13.336193485974245,-0.7491940668146357,0.37016637149668924,-0.4505791329670696,7,1,3,1,2,48.19097137451172,48.19097137451172,0.6445291042327881,0,0,0.0040280818939208984,0.0040280818939208984,0.004000000189989805,0.004000000189989805,1,1,0,0,7,0,false,false,100.4000015258789,113,-3,280,55,105,1357,,,,1775568896229,1775568896229,,,,,,,,,,,,,,,
1776085912968,002c2969-c559-4f02-85a2-f2403051e800,0,60.39639852832297,-83.93276959778902,88.5232951153539,-95.05966685011671,-91.05753116632609,328.55258964512336,35.34301876590608,6.90270998418583,8.599548820730908,-17.904968663878662,-5.447845540027265,43.36578628575974,60.4371770147364,-83.91048381611174,88.5268292203767,-95.07011528898266,-91.05785926937502,328.58913342549624,35.700996677684536,7.128707779804396,8.154875167839464,-17.7036913741792,-5.6000207844320125,43.70042123916844,0.5338440537452698,-0.957779049873352,-1.3191605806350708,-0.9500257968902588,-0.21372783184051514,0.3681489825248718,0.5343690886671632,-0.7599246785562046,-1.1192962377438442,-0.83788508456585,-0.22430006902843108,0.451824068064389,33.77998352050781,36.609981536865234,38.769981384277344,40.680015563964844,43.129981994628906,40.949981689453125,-0.008972168900072575,-0.8792725801467896,-1.5204660892486572,-0.6501354575157166,-0.1018284410238266,-0.0839245393872261,253,253,253,253,253,253,-0.0625552418808983,-0.33713613501311773,0.24107464990671795,0.05745840588110615,-3.1245861314089347,-0.0006844322724024522,-0.06234078297100489,-0.3372237954845578,0.24094591797401704,0.05757771449616859,-3.1247157633644718,-0.0010319441883480456,4.708086517576091e-8,-0.0000014754358597079561,0.0000019970110088709276,0.000002346971399105828,0.00003379116443745309,0.00001828767795727037,0,0,0,0,0,0,1.26350879329836,-2.4030721620351585,-13.336193485974245,-0.7491940668146357,0.37016637149668924,-0.4505791329670696,7,1,3,1,2,48.19097137451172,48.19097137451172,0.6445291042327881,0,0,0.0040280818939208984,0.0040280818939208984,0.004000000189989805,0.004000000189989805,1,1,0,0,7,0,false,false,100.4000015258789,113,-3,280,55,105,1357,,,,1775568896229,1775568896229,,,,,,,,,,,,,,,
1776085912977,002c2969-c559-4f02-85a2-f2403051e800,0,60.39639852832297,-83.93276959778902,88.5232951153539,-95.05966685011671,-91.05753116632609,328.55258964512336,35.34301876590608,6.90270998418583,8.599548820730908,-17.904968663878662,-5.447845540027265,43.36578628575974,60.4371770147364,-83.91048381611174,88.5268292203767,-95.07011528898266,-91.05785926937502,328.58913342549624,35.700996677684536,7.128707779804396,8.154875167839464,-17.7036913741792,-5.6000207844320125,43.70042123916844,0.5338440537452698,-0.957779049873352,-1.3191605806350708,-0.9500257968902588,-0.21372783184051514,0.3681489825248718,0.5343690886671632,-0.7599246785562046,-1.1192962377438442,-0.83788508456585,-0.22430006902843108,0.451824068064389,33.77998352050781,36.609981536865234,38.769981384277344,40.680015563964844,43.129981994628906,40.949981689453125,-0.008972168900072575,-0.8792725801467896,-1.5204660892486572,-0.6501354575157166,-0.1018284410238266,-0.0839245393872261,253,253,253,253,253,253,-0.0625552418808983,-0.33713613501311773,0.24107464990671795,0.05745840588110615,-3.1245861314089347,-0.0006844322724024522,-0.06234078297100489,-0.3372237954845578,0.24094591797401704,0.05757771449616859,-3.1247157633644718,-0.0010319441883480456,4.708086517576091e-8,-0.0000014754358597079561,0.0000019970110088709276,0.000002346971399105828,0.00003379116443745309,0.00001828767795727037,0,0,0,0,0,0,1.26350879329836,-2.4030721620351585,-13.336193485974245,-0.7491940668146357,0.37016637149668924,-0.4505791329670696,7,1,3,1,2,48.19097137451172,48.19097137451172,0.6445291042327881,0,0,0.0040280818939208984,0.0040280818939208984,0.004000000189989805,0.004000000189989805,1,1,0,0,7,0,false,false,100.4000015258789,113,-3,280,55,105,1357,,,,1775568896229,1775568896229,,,,,,,,,,,,,,,
1776085912986,002c2969-c559-4f02-85a2-f2403051e800,0,61.28053919562444,-83.75056747148976,88.72522282797615,-95.50914793901691,-91.19096574195144,329.6180171933753,37.732543371562116,8.546264807468345,8.591309051270933,-19.4265760090593,-6.523132466346127,46.72211050805274,61.32047123481092,-83.72057894807718,88.72405809382386,-95.51838211792675,-91.20413387026791,329.6748302047687,37.94938605272278,8.734647559106538,8.25659027127174,-19.658375402189243,-6.603629874692057,46.82825956612576,0.4934692978858948,-1.038528561592102,-1.303910255432129,-0.9365978837013245,-0.31331828236579895,0.3916478455066681,0.5616933335979388,-0.740954472717405,-1.117400821720447,-0.8437076636621251,-0.22575612574055134,0.46119886342966937,33.77998352050781,36.609981536865234,38.769981384277344,40.680015563964844,43.129981994628906,40.949981689453125,-0.008972168900072575,-0.8792725801467896,-1.5204660892486572,-0.6501354575157166,-0.1018284410238266,-0.0839245393872261,253,253,253,253,253,253,-0.05801748393940838,-0.33861935778791274,0.2396718376142656,0.052387886292490415,-3.1220946234488403,-0.0004692451272169936,-0.057843389448533226,-0.33870706666397543,0.23952234645808482,0.05192867317262224,-3.1220714650852748,-0.0010833700149923613,4.708086517576091e-8,-0.0000014754358597079561,0.0000019970110088709276,0.000002346971399105828,0.00003379116443745309,0.00001828767795727037,0,0,0,0,0,0,1.26350879329836,-2.4030721620351585,-13.336193485974245,-0.7491940668146357,0.37016637149668924,-0.4505791329670696,7,1,3,1,2,48.19097137451172,48.19097137451172,0.6445291042327881,0,0,0.0040280818939208984,0.0040280818939208984,0.004000000189989805,0.004000000189989805,1,1,0,0,7,0,false,false,100.4000015258789,113,-3,280,55,105,1357,,,,1775568896229,1775568896229,,,,,,,,,,,,,,,
1776085912996,002c2969-c559-4f02-85a2-f2403051e800,0,61.28053919562444,-83.75056747148976,88.72522282797615,-95.50914793901691,-91.19096574195144,329.6180171933753,37.732543371562116,8.546264807468345,8.591309051270933,-19.4265760090593,-6.523132466346127,46.72211050805274,61.32047123481092,-83.72057894807718,88.72405809382386,-95.51838211792675,-91.20413387026791,329.6748302047687,37.94938605272278,8.734647559106538,8.25659027127174,-19.658375402189243,-6.603629874692057,46.82825956612576,0.4934692978858948,-1.038528561592102,-1.303910255432129,-0.9365978837013245,-0.31331828236579895,0.3916478455066681,0.5616933335979388,-0.740954472717405,-1.117400821720447,-0.8437076636621251,-0.22575612574055134,0.46119886342966937,33.77998352050781,36.609981536865234,38.769981384277344,40.680015563964844,43.129981994628906,40.949981689453125,-0.008972168900072575,-0.8792725801467896,-1.5204660892486572,-0.6501354575157166,-0.1018284410238266,-0.0839245393872261,253,253,253,253,253,253,-0.05801748393940838,-0.33861935778791274,0.2396718376142656,0.052387886292490415,-3.1220946234488403,-0.0004692451272169936,-0.057843389448533226,-0.33870706666397543,0.23952234645808482,0.05192867317262224,-3.1220714650852748,-0.0010833700149923613,4.708086517576091e-8,-0.0000014754358597079561,0.0000019970110088709276,0.000002346971399105828,0.00003379116443745309,0.00001828767795727037,0,0,0,0,0,0,1.26350879329836,-2.4030721620351585,-13.336193485974245,-0.7491940668146357,0.37016637149668924,-0.4505791329670696,7,1,3,1,2,48.19097137451172,48.19097137451172,0.6445291042327881,0,0,0.0040280818939208984,0.0040280818939208984,0.004000000189989805,0.004000000189989805,1,1,0,0,7,0,false,false,100.4000015258789,113,-3,280,55,105,1357,,,,1775568896229,1775568896229,,,,,,,,,,,,,,,
1776085913005,002c2969-c559-4f02-85a2-f2403051e800,0,61.907250033108134,-83.60347251752437,88.85707279971409,-95.82776260341967,-91.30718824086838,330.3962216266499,39.19922062789022,9.67016645897842,8.385315668545227,-20.73944252792059,-7.723389229474598,49.01825276737636,61.94081254397203,-83.57129116189378,88.85612508400995,-95.84356322685447,-91.31551477598109,330.44223255596273,39.608458112938365,9.944666828863003,8.236865323566942,-20.988198214753126,-7.324749485403092,49.11649348862084,0.4643097519874573,-0.984695553779602,-1.41066312789917,-1.0719960927963257,-0.26184457540512085,0.24617864191532135,0.5803339284476977,-0.7267268997931686,-1.1171114583983863,-0.8475738764373105,-0.22697170730320332,0.4677143546457124,33.77998352050781,36.609981536865234,38.769981384277344,40.680015563964844,43.129981994628906,40.949981689453125,-0.008972168900072575,-0.8792725801467896,-1.5204660892486572,-0.6501354575157166,-0.1018284410238266,-0.0839245393872261,253,253,253,253,253,253,-0.054852292940707856,-0.33965601143722596,0.2386349722593604,0.04816417855820166,-3.120059538653661,-0.0006683979829743238,-0.054712814521867284,-0.33975727576731773,0.2384813295831668,0.04782577243013228,-3.12006849117643,-0.0011209360860758553,4.708086517576091e-8,-0.0000014754358597079561,0.0000019970110088709276,0.000002346971399105828,0.00003379116443745309,0.00001828767795727037,0,0,0,0,0,0,1.26350879329836,-2.4030721620351585,-13.336193485974245,-0.7491940668146357,0.37016637149668924,-0.4505791329670696,7,1,3,1,2,48.19097137451172,48.19097137451172,0.6445291042327881,0,0,0.0040280818939208984,0.0040280818939208984,0.004000000189989805,0.004000000189989805,1,1,0,0,7,0,false,false,100.4000015258789,113,-3,280,55,105,1357,,,,1775568896229,1775568896229,,,,,,,,,,,,,,,
1776085913014,002c2969-c559-4f02-85a2-f2403051e800,0,61.907250033108134,-83.60347251752437,88.85707279971409,-95.82776260341967,-91.30718824086838,330.3962216266499,39.19922062789022,9.67016645897842,8.385315668545227,-20.73944252792059,-7.723389229474598,49.01825276737636,61.94081254397203,-83.57129116189378,88.85612508400995,-95.84356322685447,-91.31551477598109,330.44223255596273,39.608458112938365,9.944666828863003,8.236865323566942,-20.988198214753126,-7.324749485403092,49.11649348862084,0.4643097519874573,-0.984695553779602,-1.41066312789917,-1.0719960927963257,-0.26184457540512085,0.24617864191532135,0.5803339284476977,-0.7267268997931686,-1.1171114583983863,-0.8475738764373105,-0.22697170730320332,0.4677143546457124,33.77998352050781,36.609981536865234,38.769981384277344,40.680015563964844,43.129981994628906,40.949981689453125,-0.008972168900072575,-0.8792725801467896,-1.5204660892486572,-0.6501354575157166,-0.1018284410238266,-0.0839245393872261,253,253,253,253,253,253,-0.054852292940707856,-0.33965601143722596,0.2386349722593604,0.04816417855820166,-3.120059538653661,-0.0006683979829743238,-0.054712814521867284,-0.33975727576731773,0.2384813295831668,0.04782577243013228,-3.12006849117643,-0.0011209360860758553,4.708086517576091e-8,-0.0000014754358597079561,0.0000019970110088709276,0.000002346971399105828,0.00003379116443745309,0.00001828767795727037,0,0,0,0,0,0,1.26350879329836,-2.4030721620351585,-13.336193485974245,-0.7491940668146357,0.37016637149668924,-0.4505791329670696,7,1,3,1,2,48.19097137451172,48.19097137451172,0.6445291042327881,0,0,0.0040280818939208984,0.0040280818939208984,0.004000000189989805,0.004000000189989805,1,1,0,0,7,0,false,false,100.4000015258789,113,-3,280,55,105,1357,,,,1775568896229,1775568896229,,,,,,,,,,,,,,,
1776085913024,002c2969-c559-4f02-85a2-f2403051e800,0,61.907250033108134,-83.60347251752437,88.85707279971409,-95.82776260341967,-91.30718824086838,330.3962216266499,39.19922062789022,9.67016645897842,8.385315668545227,-20.73944252792059,-7.723389229474598,49.01825276737636,61.94081254397203,-83.57129116189378,88.85612508400995,-95.84356322685447,-91.31551477598109,330.44223255596273,39.608458112938365,9.944666828863003,8.236865323566942,-20.988198214753126,-7.324749485403092,49.11649348862084,0.4643097519874573,-0.984695553779602,-1.41066312789917,-1.0719960927963257,-0.26184457540512085,0.24617864191532135,0.5803339284476977,-0.7267268997931686,-1.1171114583983863,-0.8475738764373105,-0.22697170730320332,0.4677143546457124,33.77998352050781,36.609981536865234,38.769981384277344,40.680015563964844,43.129981994628906,40.949981689453125,-0.008972168900072575,-0.8792725801467896,-1.5204660892486572,-0.6501354575157166,-0.1018284410238266,-0.0839245393872261,253,253,253,253,253,253,-0.054852292940707856,-0.33965601143722596,0.2386349722593604,0.04816417855820166,-3.120059538653661,-0.0006683979829743238,-0.054712814521867284,-0.33975727576731773,0.2384813295831668,0.04782577243013228,-3.12006849117643,-0.0011209360860758553,4.708086517576091e-8,-0.0000014754358597079561,0.0000019970110088709276,0.000002346971399105828,0.00003379116443745309,0.00001828767795727037,0,0,0,0,0,0,1.26350879329836,-2.4030721620351585,-13.336193485974245,-0.7491940668146357,0.37016637149668924,-0.4505791329670696,7,1,3,1,2,48.19097137451172,48.19097137451172,0.6445291042327881,0,0,0.0040280818939208984,0.0040280818939208984,0.004000000189989805,0.004000000189989805,1,1,0,0,7,0,false,false,100.4000015258789,113,-3,280,55,105,1357,,,,1775568896229,1775568896229,,,,,,,,,,,,,,,
1776085913034,002c2969-c559-4f02-85a2-f2403051e800,0,62.55252532475592,-83.43296367508417,88.98553499762369,-96.17033757143082,-91.4282465137177,331.1874034193475,41.19653528083661,11.102783269462963,7.877197405620468,-22.37777780601675,-7.857971276880528,50.86120856017505,62.58870758226254,-83.40165620190271,88.98717887283726,-96.1901109996543,-91.43877621498306,331.2475295896388,42.33171425999204,11.998413429666696,8.03258097624477,-22.996863657982033,-8.487308043140654,52.8478458125208,0.4508515000343323,-0.8411408066749573,-1.342036247253418,-1.0182844400405884,-0.3536020517349243,0.3189132511615753,0.6088339005959269,-0.7027674889418288,-1.1184391495033752,-0.8532093255534413,-0.2291805767052091,0.4778539375291087,33.77998352050781,36.609981536865234,38.769981384277344,40.680015563964844,43.129981994628906,40.949981689453125,-0.008972168900072575,-0.8792725801467896,-1.5204660892486572,-0.6501354575157166,-0.1018284410238266,-0.0839245393872261,253,253,253,253,253,253,-0.04990638590733509,-0.34134594612691166,0.23695234108305946,0.0419016367402559,-3.1168761359192985,-0.000474667584366896,-0.04979155989634033,-0.34143405257331666,0.23677179992545277,0.04113019377378245,-3.116680460347877,-0.0011822606480715874,4.708086517576091e-8,-0.0000014754358597079561,0.0000019970110088709276,0.000002346971399105828,0.00003379116443745309,0.00001828767795727037,0,0,0,0,0,0,1.26350879329836,-2.4030721620351585,-13.336193485974245,-0.7491940668146357,0.37016637149668924,-0.4505791329670696,7,1,3,1,2,48.19097137451172,48.19097137451172,0.6445291042327881,0,0,0.0040280818939208984,0.0040280818939208984,0.004000000189989805,0.004000000189989805,1,1,0,0,7,0,false,false,100.4000015258789,113,-3,280,55,105,1357,,,,1775568896229,1775568896229,,,,,,,,,,,,,,,
1776085913044,002c2969-c559-4f02-85a2-f2403051e800,0,63.58631543677237,-83.13735308780602,89.18265425707025,-96.73768040464877,-91.63593890599944,332.4633920393326,43.83105535692642,13.364868498037607,7.234497095289778,-24.18228304888285,-9.67071543543296,54.933015588594394,63.61654845460946,-83.10439732007303,89.1782972327587,-96.75006619939059,-91.647470651111,332.5320652071088,44.29927566006224,13.545059474836018,7.751907741400467,-24.32748177002405,-9.317700160034192,55.53051176988458,0.4149627983570099,-1.0003968477249146,-1.1270054578781128,-0.9903095364570618,-0.25960657000541687,0.46438243985176086,0.6281244928437574,-0.684903889211593,-1.1206912495836807,-0.8567587082089467,-0.23091922477116553,0.48483525812549966,33.77998352050781,36.609981536865234,38.769981384277344,40.680015563964844,43.129981994628906,40.949981689453125,-0.008972168900072575,-0.8792725801467896,-1.5204660892486572,-0.6501354575157166,-0.1018284410238266,-0.0839245393872261,253,253,253,253,253,253,-0.046460856979569094,-0.34253236342670995,0.23567376121417355,0.03732878950790739,-3.1141899077855553,-0.0007303740913540783,-0.04634475665023109,-0.3426250413423161,0.2355275810931311,0.036285060505424224,-3.114152113156669,-0.0012264843607465812,4.708086517576091e-8,-0.0000014754358597079561,0.0000019970110088709276,0.000002346971399105828,0.00003379116443745309,0.00001828767795727037,0,0,0,0,0,0,1.26350879329836,-2.4030721620351585,-13.336193485974245,-0.7491940668146357,0.37016637149668924,-0.4505791329670696,7,1,3,1,2,48.19097137451172,48.19097137451172,0.6445291042327881,0,0,0.0040280818939208984,0.0040280818939208984,0.004000000189989805,0.004000000189989805,1,1,0,0,7,0,false,false,100.4000015258789,113,-3,280,55,105,1357,,,,1775568896229,1775568896229,,,,,,,,,,,,,,,
1776085913054,002c2969-c559-4f02-85a2-f2403051e800,0,63.58631543677237,-83.13735308780602,89.18265425707025,-96.73768040464877,-91.63593890599944,332.4633920393326,43.83105535692642,13.364868498037607,7.234497095289778,-24.18228304888285,-9.67071543543296,54.933015588594394,63.61654845460946,-83.10439732007303,89.1782972327587,-96.75006619939059,-91.647470651111,332.5320652071088,44.29927566006224,13.545059474836018,7.751907741400467,-24.32748177002405,-9.317700160034192,55.53051176988458,0.4149627983570099,-1.0003968477249146,-1.1270054578781128,-0.9903095364570618,-0.25960657000541687,0.46438243985176086,0.6281244928437574,-0.684903889211593,-1.1206912495836807,-0.8567587082089467,-0.23091922477116553,0.48483525812549966,33.77998352050781,36.609981536865234,38.769981384277344,40.680015563964844,43.129981994628906,40.949981689453125,-0.008972168900072575,-0.8792725801467896,-1.5204660892486572,-0.6501354575157166,-0.1018284410238266,-0.0839245393872261,253,253,253,253,253,253,-0.046460856979569094,-0.34253236342670995,0.23567376121417355,0.03732878950790739,-3.1141899077855553,-0.0007303740913540783,-0.04634475665023109,-0.3426250413423161,0.2355275810931311,0.036285060505424224,-3.114152113156669,-0.0012264843607465812,4.708086517576091e-8,-0.0000014754358597079561,0.0000019970110088709276,0.000002346971399105828,0.00003379116443745309,0.00001828767795727037,0,0,0,0,0,0,1.26350879329836,-2.4030721620351585,-13.336193485974245,-0.7491940668146357,0.37016637149668924,-0.4505791329670696,7,1,3,1,2,48.19097137451172,48.19097137451172,0.6445291042327881,0,0,0.0040280818939208984,0.0040280818939208984,0.004000000189989805,0.004000000189989805,1,1,0,0,7,0,false,false,100.4000015258789,113,-3,280,55,105,1357,,,,1775568896229,1775568896229,,,,,,,,,,,,,,,
1776085913068,002c2969-c559-4f02-85a2-f2403051e800,0,64.30639496021013,-82.91116454325187,89.29322135935442,-97.13303907456579,-91.79344306825993,333.36568734944797,46.112915690695544,15.063355544606774,7.584686870451856,-25.73410202830975,-9.548492615330167,58.38684076128933,64.34188954408178,-82.87425753088642,89.29915959424466,-97.14980854700835,-91.80349803013398,333.44305975513646,46.555589110594624,15.265778156085185,7.267056203579303,-25.562094655147806,-10.152565930287365,58.52743879397841,0.3902893364429474,-1.0632020235061646,-1.166656494140625,-1.0440212488174438,-0.3200322389602661,0.4274556636810303,0.6836997127856576,-0.6682263343091637,-1.129216528241872,-0.8563687579400502,-0.22542272017208026,0.4983583933122347,33.77998352050781,36.609981536865234,38.769981384277344,40.680015563964844,43.129981994628906,40.949981689453125,-0.008972168900072575,-0.8792725801467896,-1.5204660892486572,-0.6501354575157166,-0.1018284410238266,-0.0839245393872261,253,253,253,253,253,253,-0.04291067277695225,-0.3437938248225826,0.23441155605811684,0.03225020531056985,-3.1113417435216997,-0.0005653033674072181,-0.042752697339503494,-0.34387888925240556,0.2341951195474012,0.031118861964417405,-3.1113968712949505,-0.0012734012034596677,4.708086517576091e-8,-0.0000014754358597079561,0.0000019970110088709276,0.000002346971399105828,0.00003379116443745309,0.00001828767795727037,0,0,0,0,0,0,1.26350879329836,-2.4030721620351585,-13.336193485974245,-0.7491940668146357,0.37016637149668924,-0.4505791329670696,7,1,3,1,2,48.19097137451172,48.19097137451172,0.6445291042327881,0,0,0.0040280818939208984,0.0040280818939208984,0.004000000189989805,0.004000000189989805,1,1,0,0,7,0,false,false,100.4000015258789,113,-3,280,55,105,1357,,,,1775568896229,1775568896229,,,,,,,,,,,,,,,
1776085913078,002c2969-c559-4f02-85a2-f2403051e800,0,64.30639496021013,-82.91116454325187,89.29322135935442,-97.13303907456579,-91.79344306825993,333.36568734944797,46.112915690695544,15.063355544606774,7.584686870451856,-25.73410202830975,-9.548492615330167,58.38684076128933,64.34188954408178,-82.87425753088642,89.29915959424466,-97.14980854700835,-91.80349803013398,333.44305975513646,46.555589110594624,15.265778156085185,7.267056203579303,-25.562094655147806,-10.152565930287365,58.52743879397841,0.3902893364429474,-1.0632020235061646,-1.166656494140625,-1.0440212488174438,-0.3200322389602661,0.4274556636810303,0.6836997127856576,-0.6682263343091637,-1.129216528241872,-0.8563687579400502,-0.22542272017208026,0.4983583933122347,33.77998352050781,36.609981536865234,38.769981384277344,40.680015563964844,43.129981994628906,40.949981689453125,-0.008972168900072575,-0.8792725801467896,-1.5204660892486572,-0.6501354575157166,-0.1018284410238266,-0.0839245393872261,253,253,253,253,253,253,-0.04291067277695225,-0.3437938248225826,0.23441155605811684,0.03225020531056985,-3.1113417435216997,-0.0005653033674072181,-0.042752697339503494,-0.34387888925240556,0.2341951195474012,0.031118861964417405,-3.1113968712949505,-0.0012734012034596677,4.708086517576091e-8,-0.0000014754358597079561,0.0000019970110088709276,0.000002346971399105828,0.00003379116443745309,0.00001828767795727037,0,0,0,0,0,0,1.26350879329836,-2.4030721620351585,-13.336193485974245,-0.7491940668146357,0.37016637149668924,-0.4505791329670696,7,1,3,1,2,48.19097137451172,48.19097137451172,0.6445291042327881,0,0,0.0040280818939208984,0.0040280818939208984,0.004000000189989805,0.004000000189989805,1,1,0,0,7,0,false,false,100.4000015258789,113,-3,280,55,105,1357,,,,1775568896229,1775568896229,,,,,,,,,,,,,,,
1776085913088,002c2969-c559-4f02-85a2-f2403051e800,0,65.44661307987371,-82.5172538734389,89.44848521956715,-97.74289300517788,-92.04998497348562,334.80901560409836,49.17260821242948,17.482543661828174,5.872192813442286,-25.50613421947682,-11.0961921369139,62.37487893463305,65.4862495450785,-82.48737605818472,89.44802633640923,-97.74979760686303,-92.06041102911189,334.88619770918484,49.722620465142484,17.597843325861476,5.481369437697165,-25.629417029569584,-11.257238714863098,62.70853056802205,0.4508515000343323,-0.9959107637405396,-1.3252607583999634,-1.0708770751953125,-0.2707965075969696,0.48004835844039917,0.7304446770817262,-0.6403254101540021,-1.1472846047321745,-0.852409700416476,-0.2222548231080662,0.5106876344680117,33.77998352050781,36.609981536865234,38.769981384277344,40.680015563964844,43.129981994628906,40.949981689453125,-0.008972168900072575,-0.8792725801467896,-1.5204660892486572,-0.6501354575157166,-0.1018284410238266,-0.0839245393872261,253,253,253,253,253,253,-0.03727601338353984,-0.3457587912396247,0.2322826863327892,0.02383750615035486,-3.106938567374286,-0.0009069090644980558,-0.03708438833319718,-0.3458284546770429,0.2321242878084671,0.022825844872222157,-3.106946236708498,-0.0015234136272917584,4.708086517576091e-8,-0.0000014754358597079561,0.0000019970110088709276,0.000002346971399105828,0.00003379116443745309,0.00001828767795727037,0,0,0,0,0,0,1.26350879329836,-2.4030721620351585,-13.336193485974245,-0.7491940668146357,0.37016637149668924,-0.4505791329670696,7,1,3,1,2,48.19097137451172,48.19097137451172,0.6445291042327881,0,0,0.0040280818939208984,0.0040280818939208984,0.004000000189989805,0.004000000189989805,1,1,0,0,7,0,false,false,100.4000015258789,113,-3,280,55,105,1357,,,,1775568896229,1775568896229,,,,,,,,,,,,,,,
1776085913097,002c2969-c559-4f02-85a2-f2403051e800,0,65.44661307987371,-82.5172538734389,89.44848521956715,-97.74289300517788,-92.04998497348562,334.80901560409836,49.17260821242948,17.482543661828174,5.872192813442286,-25.50613421947682,-11.0961921369139,62.37487893463305,65.4862495450785,-82.48737605818472,89.44802633640923,-97.74979760686303,-92.06041102911189,334.88619770918484,49.722620465142484,17.597843325861476,5.481369437697165,-25.629417029569584,-11.257238714863098,62.70853056802205,0.4508515000343323,-0.9959107637405396,-1.3252607583999634,-1.0708770751953125,-0.2707965075969696,0.48004835844039917,0.7304446770817262,-0.6403254101540021,-1.1472846047321745,-0.852409700416476,-0.2222548231080662,0.5106876344680117,33.77998352050781,36.609981536865234,38.769981384277344,40.680015563964844,43.129981994628906,40.949981689453125,-0.008972168900072575,-0.8792725801467896,-1.5204660892486572,-0.6501354575157166,-0.1018284410238266,-0.0839245393872261,253,253,253,253,253,253,-0.03727601338353984,-0.3457587912396247,0.2322826863327892,0.02383750615035486,-3.106938567374286,-0.0009069090644980558,-0.03708438833319718,-0.3458284546770429,0.2321242878084671,0.022825844872222157,-3.106946236708498,-0.0015234136272917584,4.708086517576091e-8,-0.0000014754358597079561,0.0000019970110088709276,0.000002346971399105828,0.00003379116443745309,0.00001828767795727037,0,0,0,0,0,0,1.26350879329836,-2.4030721620351585,-13.336193485974245,-0.7491940668146357,0.37016637149668924,-0.4505791329670696,7,1,3,1,2,48.19097137451172,48.19097137451172,0.6445291042327881,0,0,0.0040280818939208984,0.0040280818939208984,0.004000000189989805,0.004000000189989805,1,1,0,0,7,0,false,false,100.4000015258789,113,-3,280,55,105,1357,,,,1775568896229,1775568896229,,,,,,,,,,,,,,,
1776085913106,002c2969-c559-4f02-85a2-f2403051e800,0,66.25732238340838,-82.21956690865306,89.53776945239755,-98.15333273278229,-92.23909925122493,335.8416855650909,51.93347312778618,19.274414762277047,4.807892246403389,-25.690156591189886,-11.947632419790288,65.59799739263788,66.30407039955672,-82.18827523598826,89.5267593707154,-98.16688943840887,-92.24649774986068,335.91751488751413,52.49284798359116,19.794622739885988,4.317629178728945,-26.457960417543845,-12.005009836532725,66.1978355473285,0.3656158745288849,-0.917404294013977,-1.2566338777542114,-1.2107512950897217,-0.16225410997867584,0.36702999472618103,0.7381011176135454,-0.6194277165078963,-1.1595310521080264,-0.853296673882928,-0.22554825028870337,0.515318041049967,33.77998352050781,36.609981536865234,38.769981384277344,40.680015563964844,43.129981994628906,40.949981689453125,-0.008972168900072575,-0.8792725801467896,-1.5204660892486572,-0.6501354575157166,-0.1018284410238266,-0.0839245393872261,253,253,253,253,253,253,-0.03325328880482652,-0.3471107454582679,0.23073884679653195,0.017701553354180832,-3.103813267367665,-0.0015154438582634135,-0.03302899780179092,-0.34722833122832825,0.2306366330491878,0.016913105656998387,-3.103748277647302,-0.0016984837262217763,4.708086517576091e-8,-0.0000014754358597079561,0.0000019970110088709276,0.000002346971399105828,0.00003379116443745309,0.00001828767795727037,0,0,0,0,0,0,1.26350879329836,-2.4030721620351585,-13.336193485974245,-0.7491940668146357,0.37016637149668924,-0.4505791329670696,7,1,3,1,2,48.19097137451172,48.19097137451172,0.6445291042327881,0,0,0.0040280818939208984,0.0040280818939208984,0.004000000189989805,0.004000000189989805,1,1,0,0,7,0,false,false,100.4000015258789,113,-3,280,55,105,1357,,,,1775568896229,1775568896229,,,,,,,,,,,,,,,
1776085913115,002c2969-c559-4f02-85a2-f2403051e800,0,66.25732238340838,-82.21956690865306,89.53776945239755,-98.15333273278229,-92.23909925122493,335.8416855650909,51.93347312778618,19.274414762277047,4.807892246403389,-25.690156591189886,-11.947632419790288,65.59799739263788,66.30407039955672,-82.18827523598826,89.5267593707154,-98.16688943840887,-92.24649774986068,335.91751488751413,52.49284798359116,19.794622739885988,4.317629178728945,-26.457960417543845,-12.005009836532725,66.1978355473285,0.3656158745288849,-0.917404294013977,-1.2566338777542114,-1.2107512950897217,-0.16225410997867584,0.36702999472618103,0.7381011176135454,-0.6194277165078963,-1.1595310521080264,-0.853296673882928,-0.22554825028870337,0.515318041049967,33.77998352050781,36.609981536865234,38.769981384277344,40.680015563964844,43.129981994628906,40.949981689453125,-0.008972168900072575,-0.8792725801467896,-1.5204660892486572,-0.6501354575157166,-0.1018284410238266,-0.0839245393872261,253,253,253,253,253,253,-0.03325328880482652,-0.3471107454582679,0.23073884679653195,0.017701553354180832,-3.103813267367665,-0.0015154438582634135,-0.03302899780179092,-0.34722833122832825,0.2306366330491878,0.016913105656998387,-3.103748277647302,-0.0016984837262217763,4.708086517576091e-8,-0.0000014754358597079561,0.0000019970110088709276,0.000002346971399105828,0.00003379116443745309,0.00001828767795727037,0,0,0,0,0,0,1.26350879329836,-2.4030721620351585,-13.336193485974245,-0.7491940668146357,0.37016637149668924,-0.4505791329670696,7,1,3,1,2,48.19097137451172,48.19097137451172,0.6445291042327881,0,0,0.0040280818939208984,0.0040280818939208984,0.004000000189989805,0.004000000189989805,1,1,0,0,7,0,false,false,100.4000015258789,113,-3,280,55,105,1357,,,,1775568896229,1775568896229,,,,,,,,,,,,,,,
1776085913125,002c2969-c559-4f02-85a2-f2403051e800,0,67.56572708119437,-81.71153743818752,89.61811979779358,-98.80706379862255,-92.53763315946784,337.48601262663647,56.002807627725986,22.82409651733123,1.896514934618757,-27.755585305634234,-13.23577963027166,71.42623879254478,67.61307401496349,-81.67049370487061,89.60487149408607,-98.81431148837838,-92.54824761135443,337.56838037889867,56.56802229207353,23.396164670672704,2.0910946768309295,-27.410178077123536,-13.143423577048031,71.35601233172083,0.5944061875343323,-1.007125973701477,-1.3191605806350708,-1.048497200012207,-0.21260882914066315,0.3435311019420624,0.7485263275112511,-0.5864925324001016,-1.1807420040517067,-0.8532022712606426,-0.23063743292751449,0.5219063024704177,33.77998352050781,36.609981536865234,38.769981384277344,40.680015563964844,43.129981994628906,40.949981689453125,-0.008972168900072575,-0.8792725801467896,-1.5204660892486572,-0.6501354575157166,-0.1018284410238266,-0.0839245393872261,253,253,253,253,253,253,-0.02674780300501695,-0.3493682168594796,0.2283971892440225,0.008409842850797444,-3.0986290802354106,-0.0014168047628300077,-0.02652446841874927,-0.3494824817457177,0.22823962998157366,0.007470071670964525,-3.09859799006633,-0.001962408262976211,4.708086517576091e-8,-0.0000014754358597079561,0.0000019970110088709276,0.000002346971399105828,0.00003379116443745309,0.00001828767795727037,0,0,0,0,0,0,1.26350879329836,-2.4030721620351585,-13.336193485974245,-0.7491940668146357,0.37016637149668924,-0.4505791329670696,7,1,3,1,2,48.19097137451172,48.19097137451172,0.6445291042327881,0,0,0.0040280818939208984,0.0040280818939208984,0.004000000189989805,0.004000000189989805,1,1,0,0,7,0,false,false,100.4000015258789,113,-3,280,55,105,1357,,,,1775568896229,1775568896229,,,,,,,,,,,,,,,
1776085913134,002c2969-c559-4f02-85a2-f2403051e800,0,67.56572708119437,-81.71153743818752,89.61811979779358,-98.80706379862255,-92.53763315946784,337.48601262663647,56.002807627725986,22.82409651733123,1.896514934618757,-27.755585305634234,-13.23577963027166,71.42623879254478,67.61307401496349,-81.67049370487061,89.60487149408607,-98.81431148837838,-92.54824761135443,337.56838037889867,56.56802229207353,23.396164670672704,2.0910946768309295,-27.410178077123536,-13.143423577048031,71.35601233172083,0.5944061875343323,-1.007125973701477,-1.3191605806350708,-1.048497200012207,-0.21260882914066315,0.3435311019420624,0.7485263275112511,-0.5864925324001016,-1.1807420040517067,-0.8532022712606426,-0.23063743292751449,0.5219063024704177,33.77998352050781,36.609981536865234,38.769981384277344,40.680015563964844,43.129981994628906,40.949981689453125,-0.008972168900072575,-0.8792725801467896,-1.5204660892486572,-0.6501354575157166,-0.1018284410238266,-0.0839245393872261,253,253,253,253,253,253,-0.02674780300501695,-0.3493682168594796,0.2283971892440225,0.008409842850797444,-3.0986290802354106,-0.0014168047628300077,-0.02652446841874927,-0.3494824817457177,0.22823962998157366,0.007470071670964525,-3.09859799006633,-0.001962408262976211,4.708086517576091e-8,-0.0000014754358597079561,0.0000019970110088709276,0.000002346971399105828,0.00003379116443745309,0.00001828767795727037,0,0,0,0,0,0,1.26350879329836,-2.4030721620351585,-13.336193485974245,-0.7491940668146357,0.37016637149668924,-0.4505791329670696,7,1,3,1,2,48.19097137451172,48.19097137451172,0.6445291042327881,0,0,0.0040280818939208984,0.0040280818939208984,0.004000000189989805,0.004000000189989805,1,1,0,0,7,0,false,false,100.4000015258789,113,-3,280,55,105,1357,,,,1775568896229,1775568896229,,,,,,,,,,,,,,,
1776085913144,002c2969-c559-4f02-85a2-f2403051e800,0,68.4897355626812,-81.32448427830123,89.62978576089597,-99.25657220827942,-92.74395951391558,338.6545213898423,58.64831406309576,25.536622476384462,0.6179810019507674,-27.47818058758875,-13.767242626005876,75.15884838149753,68.53907372118924,-81.27553780872887,89.62410380236977,-99.25644836355957,-92.76457477149275,338.73665701000914,58.910169490120914,25.86955379216019,0.26304280998095175,-27.682870176933474,-13.83824360283536,74.34378613830572,0.5495453476905823,-0.9465638399124146,-1.5097907781600952,-1.1055659055709839,-0.2696775197982788,0.4061947762966156,0.6927339119486252,-0.5879056773891861,-1.3015997085450046,-0.8507284279917051,-0.2408115310473409,0.5107025591234958,33.77998352050781,36.609981536865234,38.769981384277344,40.680015563964844,43.129981994628906,40.949981689453125,-0.008972168900072575,-0.8792725801467896,-1.5204660892486572,-0.6501354575157166,-0.1018284410238266,-0.0839245393872261,253,253,253,253,253,253,-0.022136042868465815,-0.351011385415281,0.2267868925252967,0.0016636155810007935,-3.094986427674114,-0.0009297074279138537,-0.021909214880489327,-0.3510869985827905,0.22653254998266054,0.0007979039602516384,-3.0949278537573175,-0.0021389150284460323,4.708086517576091e-8,-0.0000014754358597079561,0.0000019970110088709276,0.000002346971399105828,0.00003379116443745309,0.00001828767795727037,0,0,0,0,0,0,1.26350879329836,-2.4030721620351585,-13.336193485974245,-0.7491940668146357,0.37016637149668924,-0.4505791329670696,7,1,3,1,2,48.19097137451172,48.19097137451172,0.6445291042327881,0,0,0.0040280818939208984,0.0040280818939208984,0.004000000189989805,0.004000000189989805,1,1,0,0,7,0,false,false,100.4000015258789,113,-3,280,55,105,1357,,,,1775568896229,1775568896229,,,,,,,,,,,,,,,
1776085913153,002c2969-c559-4f02-85a2-f2403051e800,0,68.4897355626812,-81.32448427830123,89.62978576089597,-99.25657220827942,-92.74395951391558,338.6545213898423,58.64831406309576,25.536622476384462,0.6179810019507674,-27.47818058758875,-13.767242626005876,75.15884838149753,68.53907372118924,-81.27553780872887,89.62410380236977,-99.25644836355957,-92.76457477149275,338.73665701000914,58.910169490120914,25.86955379216019,0.26304280998095175,-27.682870176933474,-13.83824360283536,74.34378613830572,0.5495453476905823,-0.9465638399124146,-1.5097907781600952,-1.1055659055709839,-0.2696775197982788,0.4061947762966156,0.6927339119486252,-0.5879056773891861,-1.3015997085450046,-0.8507284279917051,-0.2408115310473409,0.5107025591234958,33.77998352050781,36.609981536865234,38.769981384277344,40.680015563964844,43.129981994628906,40.949981689453125,-0.008972168900072575,-0.8792725801467896,-1.5204660892486572,-0.6501354575157166,-0.1018284410238266,-0.0839245393872261,253,253,253,253,253,253,-0.022136042868465815,-0.351011385415281,0.2267868925252967,0.0016636155810007935,-3.094986427674114,-0.0009297074279138537,-0.021909214880489327,-0.3510869985827905,0.22653254998266054,0.0007979039602516384,-3.0949278537573175,-0.0021389150284460323,4.708086517576091e-8,-0.0000014754358597079561,0.0000019970110088709276,0.000002346971399105828,0.00003379116443745309,0.00001828767795727037,0,0,0,0,0,0,1.26350879329836,-2.4030721620351585,-13.336193485974245,-0.7491940668146357,0.37016637149668924,-0.4505791329670696,7,1,3,1,2,48.19097137451172,48.19097137451172,0.6445291042327881,0,0,0.0040280818939208984,0.0040280818939208984,0.004000000189989805,0.004000000189989805,1,1,0,0,7,0,false,false,100.4000015258789,113,-3,280,55,105,1357,,,,1775568896229,1775568896229,,,,,,,,,,,,,,,
1776085913163,002c2969-c559-4f02-85a2-f2403051e800,0,69.43089464917394,-80.89964651192643,89.62910274197897,-99.6917098999226,-92.96058579363171,339.8484111360038,55.94677958596437,25.782715899727314,-2.080536025671356,-25.953827506361765,-13.30993670163778,71.28616527304617,69.4576648813617,-80.86044025178255,89.6130453844792,-99.68100397748825,-92.98163095477528,339.8963022276505,55.9097742023281,25.96381578836608,-1.6011720901284547,-25.386217270665895,-13.288787870802555,70.61149104054947,0.6549683213233948,-0.935348629951477,-1.7949734926223755,-1.086543083190918,-0.2540116012096405,0.38045790791511536,0.18998250104403636,-0.7946248032523886,-1.6400378329758338,-0.8362763479962586,-0.29634494600876954,0.38566482746448955,33.77998352050781,36.609981536865234,38.769981384277344,40.680015563964844,43.129981994628906,40.949981689453125,-0.008972168900072575,-0.8792725801467896,-1.5204660892486572,-0.6501354575157166,-0.1018284410238266,-0.0839245393872261,253,253,253,253,253,253,-0.017409050544909113,-0.3526289119712646,0.22499073073598502,-0.005270351440052672,-3.0914008504932013,-0.001311507958189271,-0.017316640936955098,-0.3526866403216509,0.22483029316884245,-0.005822501698919757,-3.0912609489784773,-0.0023124433140880927,4.708086517576091e-8,-0.0000014754358597079561,0.0000019970110088709276,0.000002346971399105828,0.00003379116443745309,0.00001828767795727037,0,0,0,0,0,0,1.26350879329836,-2.4030721620351585,-13.336193485974245,-0.7491940668146357,0.37016637149668924,-0.4505791329670696,7,1,3,1,2,48.19097137451172,48.19097137451172,0.6445291042327881,0,0,0.0040280818939208984,0.0040280818939208984,0.004000000189989805,0.004000000189989805,1,1,0,0,7,0,false,false,100.4000015258789,113,-3,280,55,105,1357,,,,1775568896229,1775568896229,,,,,,,,,,,,,,,
1776085913172,002c2969-c559-4f02-85a2-f2403051e800,0,69.43089464917394,-80.89964651192643,89.62910274197897,-99.6917098999226,-92.96058579363171,339.8484111360038,55.94677958596437,25.782715899727314,-2.080536025671356,-25.953827506361765,-13.30993670163778,71.28616527304617,69.4576648813617,-80.86044025178255,89.6130453844792,-99.68100397748825,-92.98163095477528,339.8963022276505,55.9097742023281,25.96381578836608,-1.6011720901284547,-25.386217270665895,-13.288787870802555,70.61149104054947,0.6549683213233948,-0.935348629951477,-1.7949734926223755,-1.086543083190918,-0.2540116012096405,0.38045790791511536,0.18998250104403636,-0.7946248032523886,-1.6400378329758338,-0.8362763479962586,-0.29634494600876954,0.38566482746448955,33.77998352050781,36.609981536865234,38.769981384277344,40.680015563964844,43.129981994628906,40.949981689453125,-0.008972168900072575,-0.8792725801467896,-1.5204660892486572,-0.6501354575157166,-0.1018284410238266,-0.0839245393872261,253,253,253,253,253,253,-0.017409050544909113,-0.3526289119712646,0.22499073073598502,-0.005270351440052672,-3.0914008504932013,-0.001311507958189271,-0.017316640936955098,-0.3526866403216509,0.22483029316884245,-0.005822501698919757,-3.0912609489784773,-0.0023124433140880927,4.708086517576091e-8,-0.0000014754358597079561,0.0000019970110088709276,0.000002346971399105828,0.00003379116443745309,0.00001828767795727037,0,0,0,0,0,0,1.26350879329836,-2.4030721620351585,-13.336193485974245,-0.7491940668146357,0.37016637149668924,-0.4505791329670696,7,1,3,1,2,48.19097137451172,48.19097137451172,0.6445291042327881,0,0,0.0040280818939208984,0.0040280818939208984,0.004000000189989805,0.004000000189989805,1,1,0,0,7,0,false,false,100.4000015258789,113,-3,280,55,105,1357,,,,1775568896229,1775568896229,,,,,,,,,,,,,,,
1776085913182,002c2969-c559-4f02-85a2-f2403051e800,0,70.31301358048108,-80.47204934912696,89.60369443826652,-100.0870958905963,-93.14836135429371,340.9607211027187,54.00219740850506,26.361695667743664,-1.8443299414823324,-23.80600109731768,-12.78946006518353,68.15506312353975,70.32826131019107,-80.44558307357279,89.57430062956058,-100.06973574007118,-93.1896755725594,340.99625507115223,52.912643569630156,25.84402932477926,-3.19968338750409,-23.20705898170168,-12.712604145451758,66.88386258042738,0.2467346489429474,-1.119278073310852,-1.9901787042617798,-1.0708770751953125,-0.6053756475448608,0.41067075729370117,0.17510861457883387,-0.8317885889066768,-1.6376630372392582,-0.8283642772525991,-0.29607846320226555,0.37744027957227805,33.77998352050781,36.609981536865234,38.769981384277344,40.680015563964844,43.129981994628906,40.949981689453125,-0.008972168900072575,-0.8792725801467896,-1.5204660892486572,-0.6501354575157166,-0.1018284410238266,-0.0839245393872261,253,253,253,253,253,253,-0.01078231923417182,-0.3548730043438125,0.22234560202978834,-0.014572258025844059,-3.086831573912307,-0.0023563639404325432,-0.010849223607488558,-0.35494379724598357,0.22242809055345147,-0.015117730190311766,-3.086069217035436,-0.0025621811447353315,4.708086517576091e-8,-0.0000014754358597079561,0.0000019970110088709276,0.000002346971399105828,0.00003379116443745309,0.00001828767795727037,0,0,0,0,0,0,1.26350879329836,-2.4030721620351585,-13.336193485974245,-0.7491940668146357,0.37016637149668924,-0.4505791329670696,7,1,3,1,2,48.19097137451172,48.19097137451172,0.6445291042327881,0,0,0.0040280818939208984,0.0040280818939208984,0.004000000189989805,0.004000000189989805,1,1,0,0,7,0,false,false,100.4000015258789,113,-3,280,55,105,1357,,,,1775568896229,1775568896229,,,,,,,,,,,,,,,
1776085913191,002c2969-c559-4f02-85a2-f2403051e800,0,70.31301358048108,-80.47204934912696,89.60369443826652,-100.0870958905963,-93.14836135429371,340.9607211027187,54.00219740850506,26.361695667743664,-1.8443299414823324,-23.80600109731768,-12.78946006518353,68.15506312353975,70.32826131019107,-80.44558307357279,89.57430062956058,-100.06973574007118,-93.1896755725594,340.99625507115223,52.912643569630156,25.84402932477926,-3.19968338750409,-23.20705898170168,-12.712604145451758,66.88386258042738,0.2467346489429474,-1.119278073310852,-1.9901787042617798,-1.0708770751953125,-0.6053756475448608,0.41067075729370117,0.17510861457883387,-0.8317885889066768,-1.6376630372392582,-0.8283642772525991,-0.29607846320226555,0.37744027957227805,33.77998352050781,36.609981536865234,38.769981384277344,40.680015563964844,43.129981994628906,40.949981689453125,-0.008972168900072575,-0.8792725801467896,-1.5204660892486572,-0.6501354575157166,-0.1018284410238266,-0.0839245393872261,253,253,253,253,253,253,-0.01078231923417182,-0.3548730043438125,0.22234560202978834,-0.014572258025844059,-3.086831573912307,-0.0023563639404325432,-0.010849223607488558,-0.35494379724598357,0.22242809055345147,-0.015117730190311766,-3.086069217035436,-0.0025621811447353315,4.708086517576091e-8,-0.0000014754358597079561,0.0000019970110088709276,0.000002346971399105828,0.00003379116443745309,0.00001828767795727037,0,0,0,0,0,0,1.26350879329836,-2.4030721620351585,-13.336193485974245,-0.7491940668146357,0.37016637149668924,-0.4505791329670696,7,1,3,1,2,48.19097137451172,48.19097137451172,0.6445291042327881,0,0,0.0040280818939208984,0.0040280818939208984,0.004000000189989805,0.004000000189989805,1,1,0,0,7,0,false,false,100.4000015258789,113,-3,280,55,105,1357,,,,1775568896229,1775568896229,,,,,,,,,,,,,,,
1776085913201,002c2969-c559-4f02-85a2-f2403051e800,0,70.31301358048108,-80.47204934912696,89.60369443826652,-100.0870958905963,-93.14836135429371,340.9607211027187,54.00219740850506,26.361695667743664,-1.8443299414823324,-23.80600109731768,-12.78946006518353,68.15506312353975,70.32826131019107,-80.44558307357279,89.57430062956058,-100.06973574007118,-93.1896755725594,340.99625507115223,52.912643569630156,25.84402932477926,-3.19968338750409,-23.20705898170168,-12.712604145451758,66.88386258042738,0.2467346489429474,-1.119278073310852,-1.9901787042617798,-1.0708770751953125,-0.6053756475448608,0.41067075729370117,0.17510861457883387,-0.8317885889066768,-1.6376630372392582,-0.8283642772525991,-0.29607846320226555,0.37744027957227805,33.77998352050781,36.609981536865234,38.769981384277344,40.680015563964844,43.129981994628906,40.949981689453125,-0.008972168900072575,-0.8792725801467896,-1.5204660892486572,-0.6501354575157166,-0.1018284410238266,-0.0839245393872261,253,253,253,253,253,253,-0.01078231923417182,-0.3548730043438125,0.22234560202978834,-0.014572258025844059,-3.086831573912307,-0.0023563639404325432,-0.010849223607488558,-0.35494379724598357,0.22242809055345147,-0.015117730190311766,-3.086069217035436,-0.0025621811447353315,4.708086517576091e-8,-0.0000014754358597079561,0.0000019970110088709276,0.000002346971399105828,0.00003379116443745309,0.00001828767795727037,0,0,0,0,0,0,1.26350879329836,-2.4030721620351585,-13.336193485974245,-0.7491940668146357,0.37016637149668924,-0.4505791329670696,7,1,3,1,2,48.19097137451172,48.19097137451172,0.6445291042327881,0,0,0.0040280818939208984,0.0040280818939208984,0.004000000189989805,0.004000000189989805,1,1,0,0,7,0,false,false,100.4000015258789,113,-3,280,55,105,1357,,,,1775568896229,1775568896229,,,,,,,,,,,,,,,
1776085913211,002c2969-c559-4f02-85a2-f2403051e800,0,70.31301358048108,-80.47204934912696,89.60369443826652,-100.0870958905963,-93.14836135429371,340.9607211027187,54.00219740850506,26.361695667743664,-1.8443299414823324,-23.80600109731768,-12.78946006518353,68.15506312353975,70.32826131019107,-80.44558307357279,89.57430062956058,-100.06973574007118,-93.1896755725594,340.99625507115223,52.912643569630156,25.84402932477926,-3.19968338750409,-23.20705898170168,-12.712604145451758,66.88386258042738,0.2467346489429474,-1.119278073310852,-1.9901787042617798,-1.0708770751953125,-0.6053756475448608,0.41067075729370117,0.17510861457883387,-0.8317885889066768,-1.6376630372392582,-0.8283642772525991,-0.29607846320226555,0.37744027957227805,33.77998352050781,36.609981536865234,38.769981384277344,40.680015563964844,43.129981994628906,40.949981689453125,-0.008972168900072575,-0.8792725801467896,-1.5204660892486572,-0.6501354575157166,-0.1018284410238266,-0.0839245393872261,253,253,253,253,253,253,-0.01078231923417182,-0.3548730043438125,0.22234560202978834,-0.014572258025844059,-3.086831573912307,-0.0023563639404325432,-0.010849223607488558,-0.35494379724598357,0.22242809055345147,-0.015117730190311766,-3.086069217035436,-0.0025621811447353315,4.708086517576091e-8,-0.0000014754358597079561,0.0000019970110088709276,0.000002346971399105828,0.00003379116443745309,0.00001828767795727037,0,0,0,0,0,0,1.26350879329836,-2.4030721620351585,-13.336193485974245,-0.7491940668146357,0.37016637149668924,-0.4505791329670696,7,1,3,1,2,48.19097137451172,48.19097137451172,0.6445291042327881,0,0,0.0040280818939208984,0.0040280818939208984,0.004000000189989805,0.004000000189989805,1,1,0,0,7,0,false,false,100.4000015258789,113,-3,280,55,105,1357,,,,1775568896229,1775568896229,,,,,,,,,,,,,,,
1776085913220,002c2969-c559-4f02-85a2-f2403051e800,0,72.25236383303617,-79.45183765318049,89.42854106719071,-100.90876764774883,-93.6717997315268,343.4858420388724,46.206301452122545,24.92688124389367,-6.782684777448489,-18.93631015307766,-11.87759480626733,57.95288469237257,72.29572949302582,-79.43045890599201,89.38308251051052,-100.8973021206329,-93.66794623152046,343.4860267625057,45.47534988884964,24.712971445802445,-6.114568467424055,-18.278239459958733,-11.182410655017316,57.62246774734252,0.4800110459327698,-1.025070309638977,-2.141157865524292,-1.1615155935287476,-0.2719154953956604,0.4039567708969116,0.1563780473660688,-0.8819140102272055,-1.6318589589454173,-0.8193457980521757,-0.2955088411895666,0.3668751091252319,33.77998352050781,36.609981536865234,38.769981384277344,40.680015563964844,43.129981994628906,40.949981689453125,-0.008972168900072575,-0.8792725801467896,-1.5204660892486572,-0.6501354575157166,-0.1018284410238266,-0.0839245393872261,253,253,253,253,253,253,-0.0032517843142717095,-0.3575529705362135,0.2194181227947198,-0.027488554295850703,-3.079720773216504,-0.0032669939773161054,-0.0030126951948994175,-0.35768658434774436,0.2195086929217633,-0.02633658885976206,-3.0797332046392736,-0.0028749929614402766,4.708086517576091e-8,-0.0000014754358597079561,0.0000019970110088709276,0.000002346971399105828,0.00003379116443745309,0.00001828767795727037,0,0,0,0,0,0,1.26350879329836,-2.4030721620351585,-13.336193485974245,-0.7491940668146357,0.37016637149668924,-0.4505791329670696,7,1,3,1,2,48.19097137451172,48.19097137451172,0.6445291042327881,0,0,0.0040280818939208984,0.0040280818939208984,0.004000000189989805,0.004000000189989805,1,1,0,0,7,0,false,false,100.4000015258789,113,-3,280,55,105,1357,,,,1775568896229,1775568896229,,,,,,,,,,,,,,,
1776085913230,002c2969-c559-4f02-85a2-f2403051e800,0,72.25236383303617,-79.45183765318049,89.42854106719071,-100.90876764774883,-93.6717997315268,343.4858420388724,46.206301452122545,24.92688124389367,-6.782684777448489,-18.93631015307766,-11.87759480626733,57.95288469237257,72.29572949302582,-79.43045890599201,89.38308251051052,-100.8973021206329,-93.66794623152046,343.4860267625057,45.47534988884964,24.712971445802445,-6.114568467424055,-18.278239459958733,-11.182410655017316,57.62246774734252,0.4800110459327698,-1.025070309638977,-2.141157865524292,-1.1615155935287476,-0.2719154953956604,0.4039567708969116,0.1563780473660688,-0.8819140102272055,-1.6318589589454173,-0.8193457980521757,-0.2955088411895666,0.3668751091252319,33.77998352050781,36.609981536865234,38.769981384277344,40.680015563964844,43.129981994628906,40.949981689453125,-0.008972168900072575,-0.8792725801467896,-1.5204660892486572,-0.6501354575157166,-0.1018284410238266,-0.0839245393872261,253,253,253,253,253,253,-0.0032517843142717095,-0.3575529705362135,0.2194181227947198,-0.027488554295850703,-3.079720773216504,-0.0032669939773161054,-0.0030126951948994175,-0.35768658434774436,0.2195086929217633,-0.02633658885976206,-3.0797332046392736,-0.0028749929614402766,4.708086517576091e-8,-0.0000014754358597079561,0.0000019970110088709276,0.000002346971399105828,0.00003379116443745309,0.00001828767795727037,0,0,0,0,0,0,1.26350879329836,-2.4030721620351585,-13.336193485974245,-0.7491940668146357,0.37016637149668924,-0.4505791329670696,7,1,3,1,2,48.19097137451172,48.19097137451172,0.6445291042327881,0,0,0.0040280818939208984,0.0040280818939208984,0.004000000189989805,0.004000000189989805,1,1,0,0,7,0,false,false,100.4000015258789,113,-3,280,55,105,1357,,,,1775568896229,1775568896229,,,,,,,,,,,,,,,
1776085913239,002c2969-c559-4f02-85a2-f2403051e800,0,73.31367960740776,-78.8606164786242,89.24172173301253,-101.33502609347099,-93.91457197538574,344.82253738020063,42.501709299145176,23.62280347094689,-8.114776998162899,-16.029053793240074,-9.84512346211559,52.25372362249516,73.33422911224912,-78.8506492564538,89.22254625129423,-101.3043457224314,-93.92482816704535,344.80288075620916,41.07307991847181,23.53717503558293,-7.184946319049537,-15.670570250138127,-10.220060290786805,52.12478391641776,0.2153320610523224,-0.9286195039749146,-1.9246019124984741,-1.0082135200500488,-0.4442405700683594,0.3603160083293915,0.1429522529383838,-0.919399989153131,-1.6257905157331891,-0.8136065211644734,-0.2949222516279013,0.35919093166952987,33.77998352050781,36.609981536865234,38.769981384277344,40.680015563964844,43.129981994628906,40.949981689453125,-0.008972168900072575,-0.8792725801467896,-1.5204660892486572,-0.6501354575157166,-0.1018284410238266,-0.0839245393872261,253,253,253,253,253,253,0.002168247592628157,-0.35955346774366853,0.21753830208133787,-0.03497759560292965,-3.075486283041344,-0.002465810289481263,0.0022746800946161472,-0.3595427912222781,0.21753277278927627,-0.033878336758199616,-3.0754286548734737,-0.003094080636683252,4.708086517576091e-8,-0.0000014754358597079561,0.0000019970110088709276,0.000002346971399105828,0.00003379116443745309,0.00001828767795727037,0,0,0,0,0,0,1.26350879329836,-2.4030721620351585,-13.336193485974245,-0.7491940668146357,0.37016637149668924,-0.4505791329670696,7,1,3,1,2,48.19097137451172,48.19097137451172,0.6445291042327881,0,0,0.0040280818939208984,0.0040280818939208984,0.004000000189989805,0.004000000189989805,1,1,0,0,7,0,false,false,100.4000015258789,113,-3,280,55,105,1357,,,,1775568896229,1775568896229,,,,,,,,,,,,,,,
1776085913249,002c2969-c559-4f02-85a2-f2403051e800,0,73.31367960740776,-78.8606164786242,89.24172173301253,-101.33502609347099,-93.91457197538574,344.82253738020063,42.501709299145176,23.62280347094689,-8.114776998162899,-16.029053793240074,-9.84512346211559,52.25372362249516,73.33422911224912,-78.8506492564538,89.22254625129423,-101.3043457224314,-93.92482816704535,344.80288075620916,41.07307991847181,23.53717503558293,-7.184946319049537,-15.670570250138127,-10.220060290786805,52.12478391641776,0.2153320610523224,-0.9286195039749146,-1.9246019124984741,-1.0082135200500488,-0.4442405700683594,0.3603160083293915,0.1429522529383838,-0.919399989153131,-1.6257905157331891,-0.8136065211644734,-0.2949222516279013,0.35919093166952987,33.77998352050781,36.609981536865234,38.769981384277344,40.680015563964844,43.129981994628906,40.949981689453125,-0.008972168900072575,-0.8792725801467896,-1.5204660892486572,-0.6501354575157166,-0.1018284410238266,-0.0839245393872261,253,253,253,253,253,253,0.002168247592628157,-0.35955346774366853,0.21753830208133787,-0.03497759560292965,-3.075486283041344,-0.002465810289481263,0.0022746800946161472,-0.3595427912222781,0.21753277278927627,-0.033878336758199616,-3.0754286548734737,-0.003094080636683252,4.708086517576091e-8,-0.0000014754358597079561,0.0000019970110088709276,0.000002346971399105828,0.00003379116443745309,0.00001828767795727037,0,0,0,0,0,0,1.26350879329836,-2.4030721620351585,-13.336193485974245,-0.7491940668146357,0.37016637149668924,-0.4505791329670696,7,1,3,1,2,48.19097137451172,48.19097137451172,0.6445291042327881,0,0,0.0040280818939208984,0.0040280818939208984,0.004000000189989805,0.004000000189989805,1,1,0,0,7,0,false,false,100.4000015258789,113,-3,280,55,105,1357,,,,1775568896229,1775568896229,,,,,,,,,,,,,,,
1776085913258,002c2969-c559-4f02-85a2-f2403051e800,0,73.96241097477558,-78.48323486660264,89.12153772437698,-101.57145992178015,-94.05557440061148,345.6359582688358,39.111329753650494,22.8581552556275,-7.209777786909856,-14.083099601531238,-9.578705103350073,48.54583931833784,73.96814689069596,-78.48149932155158,89.10367565914368,-101.542249160571,-94.08312790592204,345.6077534257769,38.169232282675836,22.57451218480651,-7.642407139683688,-14.072331996775734,-9.565966597934814,48.489500975067706,0.2624359428882599,-1.0542298555374146,-1.9154517650604248,-1.0664011240005493,-0.6232795715332031,0.4240986704826355,0.13421807760656285,-0.944136388695299,-1.621048152867759,-0.8102113134387886,-0.2944546401756444,0.3541576403595775,33.77998352050781,36.609981536865234,38.769981384277344,40.680015563964844,43.129981994628906,40.949981689453125,-0.008972168900072575,-0.8792725801467896,-1.5204660892486572,-0.6501354575157166,-0.1018284410238266,-0.0839245393872261,253,253,253,253,253,253,0.005542266826003754,-0.36071509872821733,0.21627556485351707,-0.03941832476564401,-3.0731681328801637,-0.002681253179972408,0.0055186345638770454,-0.36068429438123234,0.21631758905782633,-0.03849416768627942,-3.072775031602937,-0.00323258587150766,4.708086517576091e-8,-0.0000014754358597079561,0.0000019970110088709276,0.000002346971399105828,0.00003379116443745309,0.00001828767795727037,0,0,0,0,0,0,1.26350879329836,-2.4030721620351585,-13.336193485974245,-0.7491940668146357,0.37016637149668924,-0.4505791329670696,7,1,3,1,2,48.19097137451172,48.19097137451172,0.6445291042327881,0,0,0.0040280818939208984,0.0040280818939208984,0.004000000189989805,0.004000000189989805,1,1,0,0,7,0,false,false,100.4000015258789,113,-3,280,55,105,1357,,,,1775568896229,1775568896229,,,,,,,,,,,,,,,
1776085913267,002c2969-c559-4f02-85a2-f2403051e800,0,73.96241097477558,-78.48323486660264,89.12153772437698,-101.57145992178015,-94.05557440061148,345.6359582688358,39.111329753650494,22.8581552556275,-7.209777786909856,-14.083099601531238,-9.578705103350073,48.54583931833784,73.96814689069596,-78.48149932155158,89.10367565914368,-101.542249160571,-94.08312790592204,345.6077534257769,38.169232282675836,22.57451218480651,-7.642407139683688,-14.072331996775734,-9.565966597934814,48.489500975067706,0.2624359428882599,-1.0542298555374146,-1.9154517650604248,-1.0664011240005493,-0.6232795715332031,0.4240986704826355,0.13421807760656285,-0.944136388695299,-1.621048152867759,-0.8102113134387886,-0.2944546401756444,0.3541576403595775,33.77998352050781,36.609981536865234,38.769981384277344,40.680015563964844,43.129981994628906,40.949981689453125,-0.008972168900072575,-0.8792725801467896,-1.5204660892486572,-0.6501354575157166,-0.1018284410238266,-0.0839245393872261,253,253,253,253,253,253,0.005542266826003754,-0.36071509872821733,0.21627556485351707,-0.03941832476564401,-3.0731681328801637,-0.002681253179972408,0.0055186345638770454,-0.36068429438123234,0.21631758905782633,-0.03849416768627942,-3.072775031602937,-0.00323258587150766,4.708086517576091e-8,-0.0000014754358597079561,0.0000019970110088709276,0.000002346971399105828,0.00003379116443745309,0.00001828767795727037,0,0,0,0,0,0,1.26350879329836,-2.4030721620351585,-13.336193485974245,-0.7491940668146357,0.37016637149668924,-0.4505791329670696,7,1,3,1,2,48.19097137451172,48.19097137451172,0.6445291042327881,0,0,0.0040280818939208984,0.0040280818939208984,0.004000000189989805,0.004000000189989805,1,1,0,0,7,0,false,false,100.4000015258789,113,-3,280,55,105,1357,,,,1775568896229,1775568896229,,,,,,,,,,,,,,,
1776085913277,002c2969-c559-4f02-85a2-f2403051e800,0,74.8267236029165,-77.96009701769303,88.93813348478379,-101.8674803204085,-94.2942485309684,346.7402086123301,34.6157231476102,20.97070419548076,-7.553100660635132,-11.493073085242184,-9.012909307979141,42.6599135557956,74.83243578638884,-77.95924181029832,88.91545176221118,-101.85330245699966,-94.30080542187044,346.7065086927877,33.86353487053627,20.893619823131623,-7.976773810977948,-11.875349929830668,-8.571570612764939,43.08430530679828,0.3678589165210724,-0.971237301826477,-2.124382257461548,-1.1469687223434448,-0.42857465147972107,0.41290873289108276,0.1213452903567621,-0.9806207470130147,-1.613057326959289,-0.8056860694897012,-0.29363638181605883,0.3467114343606517,33.77998352050781,36.609981536865234,38.769981384277344,40.680015563964844,43.129981994628906,40.949981689453125,-0.008972168900072575,-0.8792725801467896,-1.5204660892486572,-0.6501354575157166,-0.1018284410238266,-0.0839245393872261,253,253,253,253,253,253,0.00995152707742149,-0.3622215377460058,0.214556584142364,-0.04585464105099009,-3.069248968544405,-0.0035581005942375444,0.009963122682157509,-0.3622522326210141,0.21464839232060304,-0.04480408434714015,-3.0691223028839048,-0.003428805700567257,4.708086517576091e-8,-0.0000014754358597079561,0.0000019970110088709276,0.000002346971399105828,0.00003379116443745309,0.00001828767795727037,0,0,0,0,0,0,1.26350879329836,-2.4030721620351585,-13.336193485974245,-0.7491940668146357,0.37016637149668924,-0.4505791329670696,7,1,3,1,2,48.19097137451172,48.19097137451172,0.6445291042327881,0,0,0.0040280818939208984,0.0040280818939208984,0.004000000189989805,0.004000000189989805,1,1,0,0,7,0,false,false,100.4000015258789,113,-3,280,55,105,1357,,,,1775568896229,1775568896229,,,,,,,,,,,,,,,
1776085913279,002c2969-c559-4f02-85a2-f2403051e800,0,74.8267236029165,-77.96009701769303,88.93813348478379,-101.8674803204085,-94.2942485309684,346.7402086123301,34.6157231476102,20.97070419548076,-7.553100660635132,-11.493073085242184,-9.012909307979141,42.6599135557956,74.83243578638884,-77.95924181029832,88.91545176221118,-101.85330245699966,-94.30080542187044,346.7065086927877,33.86353487053627,20.893619823131623,-7.976773810977948,-11.875349929830668,-8.571570612764939,43.08430530679828,0.3678589165210724,-0.971237301826477,-2.124382257461548,-1.1469687223434448,-0.42857465147972107,0.41290873289108276,0.1213452903567621,-0.9806207470130147,-1.613057326959289,-0.8056860694897012,-0.29363638181605883,0.3467114343606517,33.77998352050781,36.609981536865234,38.769981384277344,40.680015563964844,43.129981994628906,40.949981689453125,-0.008972168900072575,-0.8792725801467896,-1.5204660892486572,-0.6501354575157166,-0.1018284410238266,-0.0839245393872261,253,253,253,253,253,253,0.00995152707742149,-0.3622215377460058,0.214556584142364,-0.04585464105099009,-3.069248968544405,-0.0035581005942375444,0.009963122682157509,-0.3622522326210141,0.21464839232060304,-0.04480408434714015,-3.0691223028839048,-0.003428805700567257,4.708086517576091e-8,-0.0000014754358597079561,0.0000019970110088709276,0.000002346971399105828,0.00003379116443745309,0.00001828767795727037,0,0,0,0,0,0,1.26350879329836,-2.4030721620351585,-13.336193485974245,-0.7491940668146357,0.37016637149668924,-0.4505791329670696,7,1,3,1,2,48.19097137451172,48.19097137451172,0.6445291042327881,0,0,0.0040280818939208984,0.0040280818939208984,0.004000000189989805,0.004000000189989805,1,1,0,0,7,0,false,false,100.4000015258789,113,-3,280,55,105,1357,,,,1775568896229,1775568896229,,,,,,,,,,,,,,,
1776085913289,002c2969-c559-4f02-85a2-f2403051e800,0,74.8267236029165,-77.96009701769303,88.93813348478379,-101.8674803204085,-94.2942485309684,346.7402086123301,34.6157231476102,20.97070419548076,-7.553100660635132,-11.493073085242184,-9.012909307979141,42.6599135557956,74.83243578638884,-77.95924181029832,88.91545176221118,-101.85330245699966,-94.30080542187044,346.7065086927877,33.86353487053627,20.893619823131623,-7.976773810977948,-11.875349929830668,-8.571570612764939,43.08430530679828,0.3678589165210724,-0.971237301826477,-2.124382257461548,-1.1469687223434448,-0.42857465147972107,0.41290873289108276,0.1213452903567621,-0.9806207470130147,-1.613057326959289,-0.8056860694897012,-0.29363638181605883,0.3467114343606517,33.77998352050781,36.609981536865234,38.769981384277344,40.680015563964844,43.129981994628906,40.949981689453125,-0.008972168900072575,-0.8792725801467896,-1.5204660892486572,-0.6501354575157166,-0.1018284410238266,-0.0839245393872261,253,253,253,253,253,253,0.00995152707742149,-0.3622215377460058,0.214556584142364,-0.04585464105099009,-3.069248968544405,-0.0035581005942375444,0.009963122682157509,-0.3622522326210141,0.21464839232060304,-0.04480408434714015,-3.0691223028839048,-0.003428805700567257,4.708086517576091e-8,-0.0000014754358597079561,0.0000019970110088709276,0.000002346971399105828,0.00003379116443745309,0.00001828767795727037,0,0,0,0,0,0,1.26350879329836,-2.4030721620351585,-13.336193485974245,-0.7491940668146357,0.37016637149668924,-0.4505791329670696,7,1,3,1,2,48.19097137451172,48.19097137451172,0.6445291042327881,0,0,0.0040280818939208984,0.0040280818939208984,0.004000000189989805,0.004000000189989805,1,1,0,0,7,0,false,false,100.4000015258789,113,-3,280,55,105,1357,,,,1775568896229,1775568896229,,,,,,,,,,,,,,,
1776085913299,002c2969-c559-4f02-85a2-f2403051e800,0,75.3457428477566,-77.63287631493606,88.80830524904019,-102.04976440897781,-94.41735586056872,347.399349187993,31.74499463945384,20.010499126487446,-8.513031668288003,-10.853119364731485,-8.12988281528603,39.49859806449563,75.35153550838037,-77.63483447768652,88.78755794174988,-102.03256634457446,-94.43260267667236,347.36724389580564,31.02719885821331,19.632184700178932,-7.984190551991328,-10.537131126534366,-7.9024114692540435,39.51318067154789,0.3431854546070099,-1.1125489473342896,-2.1335325241088867,-1.1201128959655762,-0.5516639947891235,0.3345791697502136,0.11286470618040986,-1.0044035245493277,-1.607245963581083,-0.8030009163522956,-0.2930114362533487,0.34179986119860106,33.77998352050781,36.609981536865234,38.769981384277344,40.680015563964844,43.129981994628906,40.949981689453125,-0.008972168900072575,-0.8792725801467896,-1.5204660892486572,-0.6501354575157166,-0.1018284410238266,-0.0839245393872261,253,253,253,253,253,253,0.012648805294842108,-0.3631910527224864,0.21354244490428242,-0.04961588390068659,-3.067171633828798,-0.0035740521068985437,0.012645152370602925,-0.3632011220384041,0.21363820896288307,-0.04860371730368017,-3.066907521537284,-0.003551809405937612,4.708086517576091e-8,-0.0000014754358597079561,0.0000019970110088709276,0.000002346971399105828,0.00003379116443745309,0.00001828767795727037,0,0,0,0,0,0,1.26350879329836,-2.4030721620351585,-13.336193485974245,-0.7491940668146357,0.37016637149668924,-0.4505791329670696,7,1,3,1,2,48.19097137451172,48.19097137451172,0.6445291042327881,0,0,0.0040280818939208984,0.0040280818939208984,0.004000000189989805,0.004000000189989805,1,1,0,0,7,0,false,false,100.4000015258789,113,-3,280,55,105,1357,,,,1775568896229,1775568896229,,,,,,,,,,,,,,,
1776085913308,002c2969-c559-4f02-85a2-f2403051e800,0,75.3457428477566,-77.63287631493606,88.80830524904019,-102.04976440897781,-94.41735586056872,347.399349187993,31.74499463945384,20.010499126487446,-8.513031668288003,-10.853119364731485,-8.12988281528603,39.49859806449563,75.35153550838037,-77.63483447768652,88.78755794174988,-102.03256634457446,-94.43260267667236,347.36724389580564,31.02719885821331,19.632184700178932,-7.984190551991328,-10.537131126534366,-7.9024114692540435,39.51318067154789,0.3431854546070099,-1.1125489473342896,-2.1335325241088867,-1.1201128959655762,-0.5516639947891235,0.3345791697502136,0.11286470618040986,-1.0044035245493277,-1.607245963581083,-0.8030009163522956,-0.2930114362533487,0.34179986119860106,33.77998352050781,36.609981536865234,38.769981384277344,40.680015563964844,43.129981994628906,40.949981689453125,-0.008972168900072575,-0.8792725801467896,-1.5204660892486572,-0.6501354575157166,-0.1018284410238266,-0.0839245393872261,253,253,253,253,253,253,0.012648805294842108,-0.3631910527224864,0.21354244490428242,-0.04961588390068659,-3.067171633828798,-0.0035740521068985437,0.012645152370602925,-0.3632011220384041,0.21363820896288307,-0.04860371730368017,-3.066907521537284,-0.003551809405937612,4.708086517576091e-8,-0.0000014754358597079561,0.0000019970110088709276,0.000002346971399105828,0.00003379116443745309,0.00001828767795727037,0,0,0,0,0,0,1.26350879329836,-2.4030721620351585,-13.336193485974245,-0.7491940668146357,0.37016637149668924,-0.4505791329670696,7,1,3,1,2,48.19097137451172,48.19097137451172,0.6445291042327881,0,0,0.0040280818939208984,0.0040280818939208984,0.004000000189989805,0.004000000189989805,1,1,0,0,7,0,false,false,100.4000015258789,113,-3,280,55,105,1357,,,,1775568896229,1775568896229,,,,,,,,,,,,,,,
1776085913317,002c2969-c559-4f02-85a2-f2403051e800,0,75.83246895820088,-77.32352338704784,88.67437889979458,-102.22180321379209,-94.5466650019354,348.0022636464083,28.775392312872373,18.564698343357485,-8.412780712971495,-9.710541414709658,-7.5585938402751145,36.311187835471635,75.82563535095596,-77.33141177421442,88.66079441122663,-102.19115744602631,-94.55366782086472,347.9712117178054,28.242724153774926,18.27356544365265,-7.838602944609352,-9.290160699324913,-7.230335630587967,35.99246784868393,0.2646789848804474,-1.0946046113967896,-2.269261360168457,-0.8325314521789551,-0.4431215524673462,0.39948081970214844,0.10900029349793185,-1.0277381547204874,-1.6011996302173772,-0.800203311630929,-0.2915017975266729,0.3378955967939051,33.77998352050781,36.609981536865234,38.769981384277344,40.680015563964844,43.129981994628906,40.949981689453125,-0.008972168900072575,-0.8792725801467896,-1.5204660892486572,-0.6501354575157166,-0.1018284410238266,-0.0839245393872261,253,253,253,253,253,253,0.015153478524442859,-0.36411270874686097,0.21263729883346208,-0.05274004013409905,-3.064942449860963,-0.003348653154122315,0.015103445666030618,-0.3640727494332079,0.2127102838562028,-0.05207942324634613,-3.064870419759007,-0.0036684743675554085,4.708086517576091e-8,-0.0000014754358597079561,0.0000019970110088709276,0.000002346971399105828,0.00003379116443745309,0.00001828767795727037,0,0,0,0,0,0,1.26350879329836,-2.4030721620351585,-13.336193485974245,-0.7491940668146357,0.37016637149668924,-0.4505791329670696,7,1,3,1,2,48.19097137451172,48.19097137451172,0.6445291042327881,0,0,0.0040280818939208984,0.0040280818939208984,0.004000000189989805,0.004000000189989805,1,1,0,0,7,0,false,false,100.4000015258789,113,-3,280,55,105,1357,,,,1775568896229,1775568896229,,,,,,,,,,,,,,,
1776085913326,002c2969-c559-4f02-85a2-f2403051e800,0,75.83246895820088,-77.32352338704784,88.67437889979458,-102.22180321379209,-94.5466650019354,348.0022636464083,28.775392312872373,18.564698343357485,-8.412780712971495,-9.710541414709658,-7.5585938402751145,36.311187835471635,75.82563535095596,-77.33141177421442,88.66079441122663,-102.19115744602631,-94.55366782086472,347.9712117178054,28.242724153774926,18.27356544365265,-7.838602944609352,-9.290160699324913,-7.230335630587967,35.99246784868393,0.2646789848804474,-1.0946046113967896,-2.269261360168457,-0.8325314521789551,-0.4431215524673462,0.39948081970214844,0.10900029349793185,-1.0277381547204874,-1.6011996302173772,-0.800203311630929,-0.2915017975266729,0.3378955967939051,33.77998352050781,36.609981536865234,38.769981384277344,40.680015563964844,43.129981994628906,40.949981689453125,-0.008972168900072575,-0.8792725801467896,-1.5204660892486572,-0.6501354575157166,-0.1018284410238266,-0.0839245393872261,253,253,253,253,253,253,0.015153478524442859,-0.36411270874686097,0.21263729883346208,-0.05274004013409905,-3.064942449860963,-0.003348653154122315,0.015103445666030618,-0.3640727494332079,0.2127102838562028,-0.05207942324634613,-3.064870419759007,-0.0036684743675554085,4.708086517576091e-8,-0.0000014754358597079561,0.0000019970110088709276,0.000002346971399105828,0.00003379116443745309,0.00001828767795727037,0,0,0,0,0,0,1.26350879329836,-2.4030721620351585,-13.336193485974245,-0.7491940668146357,0.37016637149668924,-0.4505791329670696,7,1,3,1,2,48.19097137451172,48.19097137451172,0.6445291042327881,0,0,0.0040280818939208984,0.0040280818939208984,0.004000000189989805,0.004000000189989805,1,1,0,0,7,0,false,false,100.4000015258789,113,-3,280,55,105,1357,,,,1775568896229,1775568896229,,,,,,,,,,,,,,,
1776085913336,002c2969-c559-4f02-85a2-f2403051e800,0,76.48327670307637,-76.90212803601473,88.48963594312407,-102.42121741679978,-94.70624554170358,348.8040732134545,24.940063508991795,16.270751989852023,-7.6766972025347435,-7.528381352255209,-6.052093592878076,30.997925623510767,76.45471238963242,-76.91871873276862,88.47771780790607,-102.3932579440144,-94.7150730142988,348.7729775133719,24.167253701877367,16.079007203777262,-7.366577958908288,-7.574646221801891,-6.219201912320703,30.809952763651463,0.3633728325366974,-1.011612057685852,-2.2677361965179443,-0.979119598865509,-0.5404740571975708,0.40171879529953003,0.08919511728498884,-1.0612521069267251,-1.5917979670734628,-0.7967662662350548,-0.29021067332794354,0.33088777800780084,33.77998352050781,36.609981536865234,38.769981384277344,40.680015563964844,43.129981994628906,40.949981689453125,-0.008972168900072575,-0.8792725801467896,-1.5204660892486572,-0.6501354575157166,-0.1018284410238266,-0.0839245393872261,253,253,253,253,253,253,0.01857160676551877,-0.3652758645808828,0.21135060757315996,-0.05676015580108102,-3.0623014469047902,-0.0037327050286397293,0.01837997416155227,-0.36523508766504387,0.21147291240885946,-0.05668843653037431,-3.062150226819121,-0.00383142179367964,4.708086517576091e-8,-0.0000014754358597079561,0.0000019970110088709276,0.000002346971399105828,0.00003379116443745309,0.00001828767795727037,0,0,0,0,0,0,1.26350879329836,-2.4030721620351585,-13.336193485974245,-0.7491940668146357,0.37016637149668924,-0.4505791329670696,7,1,3,1,2,48.19097137451172,48.19097137451172,0.6445291042327881,0,0,0.0040280818939208984,0.0040280818939208984,0.004000000189989805,0.004000000189989805,1,1,0,0,7,0,false,false,100.4000015258789,113,-3,280,55,105,1357,,,,1775568896229,1775568896229,,,,,,,,,,,,,,,
1776085913346,002c2969-c559-4f02-85a2-f2403051e800,0,76.48327670307637,-76.90212803601473,88.48963594312407,-102.42121741679978,-94.70624554170358,348.8040732134545,24.940063508991795,16.270751989852023,-7.6766972025347435,-7.528381352255209,-6.052093592878076,30.997925623510767,76.45471238963242,-76.91871873276862,88.47771780790607,-102.3932579440144,-94.7150730142988,348.7729775133719,24.167253701877367,16.079007203777262,-7.366577958908288,-7.574646221801891,-6.219201912320703,30.809952763651463,0.3633728325366974,-1.011612057685852,-2.2677361965179443,-0.979119598865509,-0.5404740571975708,0.40171879529953003,0.08919511728498884,-1.0612521069267251,-1.5917979670734628,-0.7967662662350548,-0.29021067332794354,0.33088777800780084,33.77998352050781,36.609981536865234,38.769981384277344,40.680015563964844,43.129981994628906,40.949981689453125,-0.008972168900072575,-0.8792725801467896,-1.5204660892486572,-0.6501354575157166,-0.1018284410238266,-0.0839245393872261,253,253,253,253,253,253,0.01857160676551877,-0.3652758645808828,0.21135060757315996,-0.05676015580108102,-3.0623014469047902,-0.0037327050286397293,0.01837997416155227,-0.36523508766504387,0.21147291240885946,-0.05668843653037431,-3.062150226819121,-0.00383142179367964,4.708086517576091e-8,-0.0000014754358597079561,0.0000019970110088709276,0.000002346971399105828,0.00003379116443745309,0.00001828767795727037,0,0,0,0,0,0,1.26350879329836,-2.4030721620351585,-13.336193485974245,-0.7491940668146357,0.37016637149668924,-0.4505791329670696,7,1,3,1,2,48.19097137451172,48.19097137451172,0.6445291042327881,0,0,0.0040280818939208984,0.0040280818939208984,0.004000000189989805,0.004000000189989805,1,1,0,0,7,0,false,false,100.4000015258789,113,-3,280,55,105,1357,,,,1775568896229,1775568896229,,,,,,,,,,,,,,,
1776085913355,002c2969-c559-4f02-85a2-f2403051e800,0,76.8505701256938,-76.65807171659183,88.37630944441523,-102.53017259443982,-94.79976449181939,349.2691271336623,22.008911732342916,15.043578731865002,-6.951599197604312,-6.303406134520463,-5.575561539770041,27.88330130537701,76.81997306096702,-76.67376287783252,88.36345489204284,-102.50605396684412,-94.80917915773179,349.2385868949347,21.474806801301035,14.521472787895842,-6.895549532225848,-6.529578649769682,-5.543695843979586,27.3776159657867,0.1323394924402237,-1.195541501045227,-2.0740559101104736,-1.0619251728057861,-0.5706868767738342,0.27862948179244995,0.07503584644060413,-1.0827482148262186,-1.5853297391155066,-0.7947338389119595,-0.28942764219563055,0.24173961923649537,33.77998352050781,36.609981536865234,38.769981384277344,40.680015563964844,43.129981994628906,40.949981689453125,-0.008972168900072575,-0.8792725801467896,-1.5204660892486572,-0.6501354575157166,-0.1018284410238266,-0.0839245393872261,253,253,253,253,253,253,0.020500033828130888,-0.3659395519174939,0.21062333093444147,-0.059358256603772246,-3.0607380689898873,-0.00393038683502557,0.020290414114612142,-0.3659131007881258,0.21075118032022858,-0.05935978836567122,-3.060561778443943,-0.003931913764599168,4.708086517576091e-8,-0.0000014754358597079561,0.0000019970110088709276,0.000002346971399105828,0.00003379116443745309,0.00001828767795727037,0,0,0,0,0,0,1.26350879329836,-2.4030721620351585,-13.336193485974245,-0.7491940668146357,0.37016637149668924,-0.4505791329670696,7,1,3,1,2,48.19097137451172,48.19097137451172,0.6445291042327881,0,0,0.0040280818939208984,0.0040280818939208984,0.004000000189989805,0.004000000189989805,1,1,0,0,7,0,false,false,100.4000015258789,113,-3,280,55,105,1357,,,,1775568896229,1775568896229,,,,,,,,,,,,,,,
1776085913365,002c2969-c559-4f02-85a2-f2403051e800,0,76.8505701256938,-76.65807171659183,88.37630944441523,-102.53017259443982,-94.79976449181939,349.2691271336623,22.008911732342916,15.043578731865002,-6.951599197604312,-6.303406134520463,-5.575561539770041,27.88330130537701,76.81997306096702,-76.67376287783252,88.36345489204284,-102.50605396684412,-94.80917915773179,349.2385868949347,21.474806801301035,14.521472787895842,-6.895549532225848,-6.529578649769682,-5.543695843979586,27.3776159657867,0.1323394924402237,-1.195541501045227,-2.0740559101104736,-1.0619251728057861,-0.5706868767738342,0.27862948179244995,0.07503584644060413,-1.0827482148262186,-1.5853297391155066,-0.7947338389119595,-0.28942764219563055,0.24173961923649537,33.77998352050781,36.609981536865234,38.769981384277344,40.680015563964844,43.129981994628906,40.949981689453125,-0.008972168900072575,-0.8792725801467896,-1.5204660892486572,-0.6501354575157166,-0.1018284410238266,-0.0839245393872261,253,253,253,253,253,253,0.020500033828130888,-0.3659395519174939,0.21062333093444147,-0.059358256603772246,-3.0607380689898873,-0.00393038683502557,0.020290414114612142,-0.3659131007881258,0.21075118032022858,-0.05935978836567122,-3.060561778443943,-0.003931913764599168,4.708086517576091e-8,-0.0000014754358597079561,0.0000019970110088709276,0.000002346971399105828,0.00003379116443745309,0.00001828767795727037,0,0,0,0,0,0,1.26350879329836,-2.4030721620351585,-13.336193485974245,-0.7491940668146357,0.37016637149668924,-0.4505791329670696,7,1,3,1,2,48.19097137451172,48.19097137451172,0.6445291042327881,0,0,0.0040280818939208984,0.0040280818939208984,0.004000000189989805,0.004000000189989805,1,1,0,0,7,0,false,false,100.4000015258789,113,-3,280,55,105,1357,,,,1775568896229,1775568896229,,,,,,,,,,,,,,,
1776085913375,002c2969-c559-4f02-85a2-f2403051e800,0,77.16841980890952,-76.43950566315144,88.26574234213106,-102.62615041265684,-94.8871362716822,349.6786379555396,19.07556234232859,13.241821786366183,-6.948852607784321,-5.36132838758436,-5.288543757354588,24.185028784929198,77.14228856444467,-76.45426564892091,88.25762782131844,-102.6027003886201,-94.89247306653678,349.64940243300396,18.800356375311406,12.898719613158024,-6.3144583120461935,-5.554925685253921,-4.867791555495852,23.9618881493524,0.3028106987476349,-1.182083249092102,-2.2296102046966553,-0.9321218729019165,-0.5259271264076233,0.2506546378135681,0.060961898725194585,-1.1035099758729447,-1.5787899061834438,-0.7928188064726449,-0.288569352818732,0.23028778716823672,33.77998352050781,36.609981536865234,38.769981384277344,40.680015563964844,43.129981994628906,40.949981689453125,-0.008972168900072575,-0.8792725801467896,-1.5204660892486572,-0.6501354575157166,-0.1018284410238266,-0.0839245393872261,253,253,253,253,253,253,0.02215068498371116,-0.3665502888242407,0.210014012349592,-0.06179863594589685,-3.059241767934294,-0.003921807570001816,0.021981206784513378,-0.36651350582638637,0.21011211899328192,-0.061711309550267913,-3.0591543083822486,-0.004025811869857155,4.708086517576091e-8,-0.0000014754358597079561,0.0000019970110088709276,0.000002346971399105828,0.00003379116443745309,0.00001828767795727037,0,0,0,0,0,0,1.26350879329836,-2.4030721620351585,-13.336193485974245,-0.7491940668146357,0.37016637149668924,-0.4505791329670696,7,1,3,1,2,48.19097137451172,48.19097137451172,0.6445291042327881,0,0,0.0040280818939208984,0.0040280818939208984,0.004000000189989805,0.004000000189989805,1,1,0,0,7,0,false,false,100.4000015258789,113,-3,280,55,105,1357,,,,1775568896229,1775568896229,,,,,,,,,,,,,,,
1776085913385,002c2969-c559-4f02-85a2-f2403051e800,0,77.16841980890952,-76.43950566315144,88.26574234213106,-102.62615041265684,-94.8871362716822,349.6786379555396,19.07556234232859,13.241821786366183,-6.948852607784321,-5.36132838758436,-5.288543757354588,24.185028784929198,77.14228856444467,-76.45426564892091,88.25762782131844,-102.6027003886201,-94.89247306653678,349.64940243300396,18.800356375311406,12.898719613158024,-6.3144583120461935,-5.554925685253921,-4.867791555495852,23.9618881493524,0.3028106987476349,-1.182083249092102,-2.2296102046966553,-0.9321218729019165,-0.5259271264076233,0.2506546378135681,0.060961898725194585,-1.1035099758729447,-1.5787899061834438,-0.7928188064726449,-0.288569352818732,0.23028778716823672,33.77998352050781,36.609981536865234,38.769981384277344,40.680015563964844,43.129981994628906,40.949981689453125,-0.008972168900072575,-0.8792725801467896,-1.5204660892486572,-0.6501354575157166,-0.1018284410238266,-0.0839245393872261,253,253,253,253,253,253,0.02215068498371116,-0.3665502888242407,0.210014012349592,-0.06179863594589685,-3.059241767934294,-0.003921807570001816,0.021981206784513378,-0.36651350582638637,0.21011211899328192,-0.061711309550267913,-3.0591543083822486,-0.004025811869857155,4.708086517576091e-8,-0.0000014754358597079561,0.0000019970110088709276,0.000002346971399105828,0.00003379116443745309,0.00001828767795727037,0,0,0,0,0,0,1.26350879329836,-2.4030721620351585,-13.336193485974245,-0.7491940668146357,0.37016637149668924,-0.4505791329670696,7,1,3,1,2,48.19097137451172,48.19097137451172,0.6445291042327881,0,0,0.0040280818939208984,0.0040280818939208984,0.004000000189989805,0.004000000189989805,1,1,0,0,7,0,false,false,100.4000015258789,113,-3,280,55,105,1357,,,,1775568896229,1775568896229,,,,,,,,,,,,,,,
1776085913395,002c2969-c559-4f02-85a2-f2403051e800,0,77.581714555587,-76.15832043540034,88.11460391617702,-102.7350782695402,-95.00406911027281,350.18281519931327,15.39733984218935,10.5336919078175,-5.454712014577243,-4.21188353612573,-3.959198126460169,18.812714464951696,77.54583373369135,-76.17484990428188,88.11827220929271,-102.71968619014547,-94.99713678918505,350.1634356340128,14.81851287284368,10.360906136852941,-5.264990557749026,-4.207978877946695,-3.8540988911706426,18.865817593295745,0.2332763969898224,-0.9555360078811646,-1.9673031568527222,-1.003737449645996,-0.44759753346443176,0.34017413854599,0.03994854865309633,-1.133136342760828,-1.5690029518114341,-0.7901000438968617,-0.28713883644569543,0.21349072863170251,33.77998352050781,36.609981536865234,38.769981384277344,40.680015563964844,43.129981994628906,40.949981689453125,-0.008972168900072575,-0.8792725801467896,-1.5204660892486572,-0.6501354575157166,-0.1018284410238266,-0.0839245393872261,253,253,253,253,253,253,0.02430467038846604,-0.3673127578700137,0.20925045682068721,-0.0642043414604701,-3.0572662458143967,-0.004061077669732207,0.02410468138170908,-0.3672684208187026,0.20930874615124562,-0.06464092672050849,-3.057383980947752,-0.004154147528325306,4.708086517576091e-8,-0.0000014754358597079561,0.0000019970110088709276,0.000002346971399105828,0.00003379116443745309,0.00001828767795727037,0,0,0,0,0,0,1.26350879329836,-2.4030721620351585,-13.336193485974245,-0.7491940668146357,0.37016637149668924,-0.4505791329670696,7,1,3,1,2,48.19097137451172,48.19097137451172,0.6445291042327881,0,0,0.0040280818939208984,0.0040280818939208984,0.004000000189989805,0.004000000189989805,1,1,0,0,7,0,false,false,100.4000015258789,113,-3,280,55,105,1357,,,,1775568896229,1775568896229,,,,,,,,,,,,,,,
1776085913404,002c2969-c559-4f02-85a2-f2403051e800,0,77.581714555587,-76.15832043540034,88.11460391617702,-102.7350782695402,-95.00406911027281,350.18281519931327,15.39733984218935,10.5336919078175,-5.454712014577243,-4.21188353612573,-3.959198126460169,18.812714464951696,77.54583373369135,-76.17484990428188,88.11827220929271,-102.71968619014547,-94.99713678918505,350.1634356340128,14.81851287284368,10.360906136852941,-5.264990557749026,-4.207978877946695,-3.8540988911706426,18.865817593295745,0.2332763969898224,-0.9555360078811646,-1.9673031568527222,-1.003737449645996,-0.44759753346443176,0.34017413854599,0.03994854865309633,-1.133136342760828,-1.5690029518114341,-0.7901000438968617,-0.28713883644569543,0.21349072863170251,33.77998352050781,36.609981536865234,38.769981384277344,40.680015563964844,43.129981994628906,40.949981689453125,-0.008972168900072575,-0.8792725801467896,-1.5204660892486572,-0.6501354575157166,-0.1018284410238266,-0.0839245393872261,253,253,253,253,253,253,0.02430467038846604,-0.3673127578700137,0.20925045682068721,-0.0642043414604701,-3.0572662458143967,-0.004061077669732207,0.02410468138170908,-0.3672684208187026,0.20930874615124562,-0.06464092672050849,-3.057383980947752,-0.004154147528325306,4.708086517576091e-8,-0.0000014754358597079561,0.0000019970110088709276,0.000002346971399105828,0.00003379116443745309,0.00001828767795727037,0,0,0,0,0,0,1.26350879329836,-2.4030721620351585,-13.336193485974245,-0.7491940668146357,0.37016637149668924,-0.4505791329670696,7,1,3,1,2,48.19097137451172,48.19097137451172,0.6445291042327881,0,0,0.0040280818939208984,0.0040280818939208984,0.004000000189989805,0.004000000189989805,1,1,0,0,7,0,false,false,100.4000015258789,113,-3,280,55,105,1357,,,,1775568896229,1775568896229,,,,,,,,,,,,,,,
1776085913414,002c2969-c559-4f02-85a2-f2403051e800,0,77.81236321366916,-76.00914910392727,88.0314941743563,-102.79335344353875,-95.05701673671875,350.45307212439235,12.77929674369855,8.981323098162417,-5.252838516581523,-2.970428566027624,-3.0445862777239796,15.93292229576673,77.76192319042886,-76.02297047813094,88.04032588096328,-102.78034266193231,-95.05340040157591,350.4383158977289,12.180782421715506,8.611872993680974,-4.466018884081264,-3.3748154702955975,-3.1787850098165746,15.483972899039978,0.1435547024011612,-1.002639889717102,-1.9490026235580444,-1.0238794088363647,-0.5382360219955444,0.2204417884349823,0.025965085360065185,-1.1517876525262738,-1.5625978164559733,-0.7883464179056376,-0.28608848678498966,0.20252741976399066,33.77998352050781,36.609981536865234,38.769981384277344,40.680015563964844,43.129981994628906,40.949981689453125,-0.008972168900072575,-0.8792725801467896,-1.5204660892486572,-0.6501354575157166,-0.1018284410238266,-0.0839245393872261,253,253,253,253,253,253,0.02554475918324487,-0.3677209631279895,0.2088574273121865,-0.06525468367217586,-3.0563642471419277,-0.00396513026579379,0.025244655873033227,-0.3676744612721348,0.2088767722251989,-0.06619673608593837,-3.056431882753654,-0.004231268577874964,4.708086517576091e-8,-0.0000014754358597079561,0.0000019970110088709276,0.000002346971399105828,0.00003379116443745309,0.00001828767795727037,0,0,0,0,0,0,1.26350879329836,-2.4030721620351585,-13.336193485974245,-0.7491940668146357,0.37016637149668924,-0.4505791329670696,7,1,3,1,2,48.19097137451172,48.19097137451172,0.6445291042327881,0,0,0.0040280818939208984,0.0040280818939208984,0.004000000189989805,0.004000000189989805,1,1,0,0,7,0,false,false,100.4000015258789,113,-3,280,55,105,1357,,,,1775568896229,1775568896229,,,,,,,,,,,,,,,
1776085913423,002c2969-c559-4f02-85a2-f2403051e800,0,77.81236321366916,-76.00914910392727,88.0314941743563,-102.79335344353875,-95.05701673671875,350.45307212439235,12.77929674369855,8.981323098162417,-5.252838516581523,-2.970428566027624,-3.0445862777239796,15.93292229576673,77.76192319042886,-76.02297047813094,88.04032588096328,-102.78034266193231,-95.05340040157591,350.4383158977289,12.180782421715506,8.611872993680974,-4.466018884081264,-3.3748154702955975,-3.1787850098165746,15.483972899039978,0.1435547024011612,-1.002639889717102,-1.9490026235580444,-1.0238794088363647,-0.5382360219955444,0.2204417884349823,0.025965085360065185,-1.1517876525262738,-1.5625978164559733,-0.7883464179056376,-0.28608848678498966,0.20252741976399066,33.77998352050781,36.609981536865234,38.769981384277344,40.680015563964844,43.129981994628906,40.949981689453125,-0.008972168900072575,-0.8792725801467896,-1.5204660892486572,-0.6501354575157166,-0.1018284410238266,-0.0839245393872261,253,253,253,253,253,253,0.02554475918324487,-0.3677209631279895,0.2088574273121865,-0.06525468367217586,-3.0563642471419277,-0.00396513026579379,0.025244655873033227,-0.3676744612721348,0.2088767722251989,-0.06619673608593837,-3.056431882753654,-0.004231268577874964,4.708086517576091e-8,-0.0000014754358597079561,0.0000019970110088709276,0.000002346971399105828,0.00003379116443745309,0.00001828767795727037,0,0,0,0,0,0,1.26350879329836,-2.4030721620351585,-13.336193485974245,-0.7491940668146357,0.37016637149668924,-0.4505791329670696,7,1,3,1,2,48.19097137451172,48.19097137451172,0.6445291042327881,0,0,0.0040280818939208984,0.0040280818939208984,0.004000000189989805,0.004000000189989805,1,1,0,0,7,0,false,false,100.4000015258789,113,-3,280,55,105,1357,,,,1775568896229,1775568896229,,,,,,,,,,,,,,,
1776085913432,002c2969-c559-4f02-85a2-f2403051e800,0,78.06434255252927,-75.82697429838468,87.9380845072672,-102.85569941028263,-95.11619349568774,350.76584014686557,8.473754665465844,6.418213076731915,-2.982788220217585,-2.209625320324128,-2.1258545442578023,10.732269412651865,78.00712489065025,-75.8483638433268,87.94866651776633,-102.84717516329133,-95.11754643772218,350.749365722683,8.243504859392903,5.922422901902911,-3.1518725826083007,-2.201019842228537,-2.1668103697533065,10.429076698450277,0.1502838283777237,-1.173111081123352,-1.918501853942871,-1.048497200012207,-0.577400803565979,0.3524830639362335,0.004964009085144475,-1.177969657845615,-1.5533466003122716,-0.7857308074732315,-0.2843659122629475,0.18640347018556996,33.77998352050781,36.609981536865234,38.769981384277344,40.680015563964844,43.129981994628906,40.949981689453125,-0.008972168900072575,-0.8792725801467896,-1.5204660892486572,-0.6501354575157166,-0.1018284410238266,-0.0839245393872261,253,253,253,253,253,253,0.026895769784606706,-0.3681844319274064,0.2083192842050886,-0.06684936334460768,-3.055401681921733,-0.004302969554877174,0.026540281191366318,-0.36813750080718405,0.20838442215606845,-0.06793623487122413,-3.055347101320957,-0.004334139974307814,4.708086517576091e-8,-0.0000014754358597079561,0.0000019970110088709276,0.000002346971399105828,0.00003379116443745309,0.00001828767795727037,0,0,0,0,0,0,1.26350879329836,-2.4030721620351585,-13.336193485974245,-0.7491940668146357,0.37016637149668924,-0.4505791329670696,7,1,3,1,2,48.19097137451172,48.19097137451172,0.6445291042327881,0,0,0.0040280818939208984,0.0040280818939208984,0.004000000189989805,0.004000000189989805,1,1,0,0,7,0,false,false,100.4000015258789,113,-3,280,55,105,1357,,,,1775568896229,1775568896229,,,,,,,,,,,,,,,
1776085913441,002c2969-c559-4f02-85a2-f2403051e800,0,78.06434255252927,-75.82697429838468,87.9380845072672,-102.85569941028263,-95.11619349568774,350.76584014686557,8.473754665465844,6.418213076731915,-2.982788220217585,-2.209625320324128,-2.1258545442578023,10.732269412651865,78.00712489065025,-75.8483638433268,87.94866651776633,-102.84717516329133,-95.11754643772218,350.749365722683,8.243504859392903,5.922422901902911,-3.1518725826083007,-2.201019842228537,-2.1668103697533065,10.429076698450277,0.1502838283777237,-1.173111081123352,-1.918501853942871,-1.048497200012207,-0.577400803565979,0.3524830639362335,0.004964009085144475,-1.177969657845615,-1.5533466003122716,-0.7857308074732315,-0.2843659122629475,0.18640347018556996,33.77998352050781,36.609981536865234,38.769981384277344,40.680015563964844,43.129981994628906,40.949981689453125,-0.008972168900072575,-0.8792725801467896,-1.5204660892486572,-0.6501354575157166,-0.1018284410238266,-0.0839245393872261,253,253,253,253,253,253,0.026895769784606706,-0.3681844319274064,0.2083192842050886,-0.06684936334460768,-3.055401681921733,-0.004302969554877174,0.026540281191366318,-0.36813750080718405,0.20838442215606845,-0.06793623487122413,-3.055347101320957,-0.004334139974307814,4.708086517576091e-8,-0.0000014754358597079561,0.0000019970110088709276,0.000002346971399105828,0.00003379116443745309,0.00001828767795727037,0,0,0,0,0,0,1.26350879329836,-2.4030721620351585,-13.336193485974245,-0.7491940668146357,0.37016637149668924,-0.4505791329670696,7,1,3,1,2,48.19097137451172,48.19097137451172,0.6445291042327881,0,0,0.0040280818939208984,0.0040280818939208984,0.004000000189989805,0.004000000189989805,1,1,0,0,7,0,false,false,100.4000015258789,113,-3,280,55,105,1357,,,,1775568896229,1775568896229,,,,,,,,,,,,,,,
1776085913452,002c2969-c559-4f02-85a2-f2403051e800,0,78.1645755785992,-75.74380991505062,87.90029990077869,-102.88725488424808,-95.15056300759124,350.91402793109813,5.864502020436852,4.565917854016878,-1.9528198124851688,-1.4227295780524196,-1.9569396972151558,7.520141582795235,78.11817767491243,-75.76814868251404,87.90565743759035,-102.87645513881601,-95.14682343861098,350.8894101992133,5.627756801938957,4.09678870477188,-2.2182446366831643,-1.456320353461243,-1.492819343201934,7.0676098795298286,0.2960815727710724,-1.2336732149124146,-2.0740559101104736,-1.0272363424301147,-0.500190258026123,0.19358593225479126,-0.009089000060509039,-1.194145925095323,-1.5475188185406796,-0.7839549827157158,-0.28311845769209454,0.1758511986811468,33.77998352050781,36.609981536865234,38.769981384277344,40.680015563964844,43.129981994628906,40.949981689453125,-0.008972168900072575,-0.8792725801467896,-1.5204660892486572,-0.6501354575157166,-0.1018284410238266,-0.0839245393872261,253,253,253,253,253,253,0.02740332681259529,-0.36838980942948535,0.20805405416240835,-0.06811231352472627,-3.054827874749644,-0.004544686421071079,0.027127373732349986,-0.3683487586057703,0.20816003397569557,-0.06870055218979156,-3.0548533407535716,-0.0043940937197084464,4.708086517576091e-8,-0.0000014754358597079561,0.0000019970110088709276,0.000002346971399105828,0.00003379116443745309,0.00001828767795727037,0,0,0,0,0,0,1.26350879329836,-2.4030721620351585,-13.336193485974245,-0.7491940668146357,0.37016637149668924,-0.4505791329670696,7,1,3,1,2,48.19097137451172,48.19097137451172,0.6445291042327881,0,0,0.0040280818939208984,0.0040280818939208984,0.004000000189989805,0.004000000189989805,1,1,0,0,7,0,false,false,100.4000015258789,113,-3,280,55,105,1357,,,,1775568896229,1775568896229,,,,,,,,,,,,,,,
1776085913461,002c2969-c559-4f02-85a2-f2403051e800,0,78.1645755785992,-75.74380991505062,87.90029990077869,-102.88725488424808,-95.15056300759124,350.91402793109813,5.864502020436852,4.565917854016878,-1.9528198124851688,-1.4227295780524196,-1.9569396972151558,7.520141582795235,78.11817767491243,-75.76814868251404,87.90565743759035,-102.87645513881601,-95.14682343861098,350.8894101992133,5.627756801938957,4.09678870477188,-2.2182446366831643,-1.456320353461243,-1.492819343201934,7.0676098795298286,0.2960815727710724,-1.2336732149124146,-2.0740559101104736,-1.0272363424301147,-0.500190258026123,0.19358593225479126,-0.009089000060509039,-1.194145925095323,-1.5475188185406796,-0.7839549827157158,-0.28311845769209454,0.1758511986811468,33.77998352050781,36.609981536865234,38.769981384277344,40.680015563964844,43.129981994628906,40.949981689453125,-0.008972168900072575,-0.8792725801467896,-1.5204660892486572,-0.6501354575157166,-0.1018284410238266,-0.0839245393872261,253,253,253,253,253,253,0.02740332681259529,-0.36838980942948535,0.20805405416240835,-0.06811231352472627,-3.054827874749644,-0.004544686421071079,0.027127373732349986,-0.3683487586057703,0.20816003397569557,-0.06870055218979156,-3.0548533407535716,-0.0043940937197084464,4.708086517576091e-8,-0.0000014754358597079561,0.0000019970110088709276,0.000002346971399105828,0.00003379116443745309,0.00001828767795727037,0,0,0,0,0,0,1.26350879329836,-2.4030721620351585,-13.336193485974245,-0.7491940668146357,0.37016637149668924,-0.4505791329670696,7,1,3,1,2,48.19097137451172,48.19097137451172,0.6445291042327881,0,0,0.0040280818939208984,0.0040280818939208984,0.004000000189989805,0.004000000189989805,1,1,0,0,7,0,false,false,100.4000015258789,113,-3,280,55,105,1357,,,,1775568896229,1775568896229,,,,,,,,,,,,,,,
1776085913471,002c2969-c559-4f02-85a2-f2403051e800,0,78.23183928154549,-75.68332175976099,87.87696797457393,-102.8954511112521,-95.17739199065106,351.00180952231113,3.3706055075172627,2.8015137189849773,-1.1164856668970273,-0.5149841505053552,-1.100006127977079,4.254455678335596,78.18740773504722,-75.71729557199603,87.87784860915166,-102.8939898299304,-95.16531997932766,350.975699159069,1.7109231896879216,1.3282898430356407,-0.7653360812237563,-0.3735640823649509,-0.4826105890352269,2.0318384897724253,0.3072967827320099,-1.3862000703811646,-2.1335325241088867,-1.0988519191741943,-0.4252176582813263,0.23386971652507782,-0.030302852981023958,-1.2163567567996265,-1.539458598300258,-0.7067497678929873,-0.24800191632981014,0.16029155643000959,33.77998352050781,36.609981536865234,38.769981384277344,40.680015563964844,43.129981994628906,40.949981689453125,-0.008972168900072575,-0.8792725801467896,-1.5204660892486572,-0.6501354575157166,-0.1018284410238266,-0.0839245393872261,253,253,253,253,253,253,0.027874762106268137,-0.3685100235914031,0.2077549150776671,-0.06861452117374518,-3.054390114457876,-0.005455559200447816,0.02759235550792627,-0.36851935663359864,0.20797938141824807,-0.06925504324742061,-3.05445742776778,-0.0044709411063073015,4.708086517576091e-8,-0.0000014754358597079561,0.0000019970110088709276,0.000002346971399105828,0.00003379116443745309,0.00001828767795727037,0,0,0,0,0,0,1.26350879329836,-2.4030721620351585,-13.336193485974245,-0.7491940668146357,0.37016637149668924,-0.4505791329670696,7,1,3,1,2,48.19097137451172,48.19097137451172,0.6445291042327881,0,0,0.0040280818939208984,0.0040280818939208984,0.004000000189989805,0.004000000189989805,1,1,0,0,7,0,false,false,100.4000015258789,113,-3,280,55,105,1357,,,,1775568896229,1775568896229,,,,,,,,,,,,,,,
1776085913479,002c2969-c559-4f02-85a2-f2403051e800,0,78.23183928154549,-75.68332175976099,87.87696797457393,-102.8954511112521,-95.17739199065106,351.00180952231113,3.3706055075172627,2.8015137189849773,-1.1164856668970273,-0.5149841505053552,-1.100006127977079,4.254455678335596,78.18740773504722,-75.71729557199603,87.87784860915166,-102.8939898299304,-95.16531997932766,350.975699159069,1.7109231896879216,1.3282898430356407,-0.7653360812237563,-0.3735640823649509,-0.4826105890352269,2.0318384897724253,0.3072967827320099,-1.3862000703811646,-2.1335325241088867,-1.0988519191741943,-0.4252176582813263,0.23386971652507782,-0.030302852981023958,-1.2163567567996265,-1.539458598300258,-0.7067497678929873,-0.24800191632981014,0.16029155643000959,33.77998352050781,36.609981536865234,38.769981384277344,40.680015563964844,43.129981994628906,40.949981689453125,-0.008972168900072575,-0.8792725801467896,-1.5204660892486572,-0.6501354575157166,-0.1018284410238266,-0.0839245393872261,253,253,253,253,253,253,0.027874762106268137,-0.3685100235914031,0.2077549150776671,-0.06861452117374518,-3.054390114457876,-0.005455559200447816,0.02759235550792627,-0.36851935663359864,0.20797938141824807,-0.06925504324742061,-3.05445742776778,-0.0044709411063073015,4.708086517576091e-8,-0.0000014754358597079561,0.0000019970110088709276,0.000002346971399105828,0.00003379116443745309,0.00001828767795727037,0,0,0,0,0,0,1.26350879329836,-2.4030721620351585,-13.336193485974245,-0.7491940668146357,0.37016637149668924,-0.4505791329670696,7,1,3,1,2,48.19097137451172,48.19097137451172,0.6445291042327881,0,0,0.0040280818939208984,0.0040280818939208984,0.004000000189989805,0.004000000189989805,1,1,0,1,7,0,false,false,100.4000015258789,113,-3,280,55,105,1357,,,,1775568896229,1775568896229,,,,,,,,,,,,,,,
1776085913489,002c2969-c559-4f02-85a2-f2403051e800,0,78.26617464250315,-75.66201156955054,87.86871710605656,-102.8947680923351,-95.17946836815874,351.0319989584426,-0.6998291331265872,0.3933105469809398,-0.2389526473285887,-0.12084961857429004,-0.16754151211201124,-1.086273285598828,78.21502791736398,-75.69539220238808,87.86500998860258,-102.89965453481645,-95.17326800849689,351.00770339001696,-0.34126817119654385,-0.13171315801965053,0.010521312573348313,0.183790471221314,0.04801950066157585,-0.6090494548648843,-0.1054229810833931,-1.7002259492874146,-2.003904104232788,-0.8672202229499817,-0.3088423013687134,0.025736859068274498,-0.283201355988764,-1.476922576998316,-1.3556169408314778,-0.4945296553654364,-0.03915782517371218,-0.25259170108612106,33.77998352050781,36.609981536865234,38.769981384277344,40.680015563964844,43.129981994628906,40.949981689453125,-0.008972168900072575,-0.8792725801467896,-1.5204660892486572,-0.6501354575157166,-0.1018284410238266,-0.0839245393872261,253,253,253,253,253,253,0.027948946746074677,-0.36852001174685606,0.20772735934811865,-0.06849982342649208,-3.054454354220374,-0.005548140378988507,0.027636615385685098,-0.36853860985186876,0.207959488057952,-0.06926193482548451,-3.05441529506927,-0.0045048468265155945,4.708086517576091e-8,-0.0000014754358597079561,0.0000019970110088709276,0.000002346971399105828,0.00003379116443745309,0.00001828767795727037,0,0,0,0,0,0,1.26350879329836,-2.4030721620351585,-13.336193485974245,-0.7491940668146357,0.37016637149668924,-0.4505791329670696,7,1,3,1,2,48.19097137451172,48.19097137451172,0.6445291042327881,0,0,0.0040280818939208984,0.0040280818939208984,0.004000000189989805,0.004000000189989805,1,1,0,1,7,0,false,false,100.4000015258789,113,-3,280,55,105,1357,,,,1775568896229,1775568896229,,,,,,,,,,,,,,,
1776085913499,002c2969-c559-4f02-85a2-f2403051e800,0,78.26617464250315,-75.66201156955054,87.86871710605656,-102.8947680923351,-95.17946836815874,351.0319989584426,-0.6998291331265872,0.3933105469809398,-0.2389526473285887,-0.12084961857429004,-0.16754151211201124,-1.086273285598828,78.21502791736398,-75.69539220238808,87.86500998860258,-102.89965453481645,-95.17326800849689,351.00770339001696,-0.34126817119654385,-0.13171315801965053,0.010521312573348313,0.183790471221314,0.04801950066157585,-0.6090494548648843,-0.1054229810833931,-1.7002259492874146,-2.003904104232788,-0.8672202229499817,-0.3088423013687134,0.025736859068274498,-0.283201355988764,-1.476922576998316,-1.3556169408314778,-0.4945296553654364,-0.03915782517371218,-0.25259170108612106,33.77998352050781,36.609981536865234,38.769981384277344,40.680015563964844,43.129981994628906,40.949981689453125,-0.008972168900072575,-0.8792725801467896,-1.5204660892486572,-0.6501354575157166,-0.1018284410238266,-0.0839245393872261,253,253,253,253,253,253,0.027948946746074677,-0.36852001174685606,0.20772735934811865,-0.06849982342649208,-3.054454354220374,-0.005548140378988507,0.027636615385685098,-0.36853860985186876,0.207959488057952,-0.06926193482548451,-3.05441529506927,-0.0045048468265155945,4.708086517576091e-8,-0.0000014754358597079561,0.0000019970110088709276,0.000002346971399105828,0.00003379116443745309,0.00001828767795727037,0,0,0,0,0,0,1.26350879329836,-2.4030721620351585,-13.336193485974245,-0.7491940668146357,0.37016637149668924,-0.4505791329670696,7,1,3,1,2,48.19097137451172,48.19097137451172,0.6445291042327881,0,0,0.0040280818939208984,0.0040280818939208984,0.004000000189989805,0.004000000189989805,1,1,0,1,7,0,false,false,100.4000015258789,113,-3,280,55,105,1357,,,,1775568896229,1775568896229,,,,,,,,,,,,,,,
1776085913508,002c2969-c559-4f02-85a2-f2403051e800,0,78.25243913208224,-75.66957941915092,87.86598503038856,-102.88930394099908,-95.17807500956805,351.01074340974554,1.1898193803030443,0.11096191923470489,-0.14282227043315496,0.3707885851622046,-0.1084899977348619,-1.06018068230891,78.21502791736398,-75.69539220238808,87.86500998860258,-102.89965453481645,-95.17326800849689,351.00770339001696,0.0,0.0,0.0,0.0,0.0,0.0,0.2041168361902237,-1.581344723701477,-1.8834258317947388,-0.8761721849441528,-0.2014188915491104,0.02685585245490074,-2.6056369177447562e-17,-1.3249893081149904,-1.3532303269093235,-0.5659490727397369,-0.03939408057771185,0.0,33.77998352050781,36.609981536865234,38.769981384277344,40.680015563964844,43.129981994628906,40.949981689453125,-0.008972168900072575,-0.8792725801467896,-1.5204660892486572,-0.6501354575157166,-0.1018284410238266,-0.0839245393872261,253,253,253,253,253,253,0.02786630231150871,-0.36851588709752964,0.20777978414019074,-0.06830410157861873,-3.054468464144146,-0.005455069151827568,0.027636615385685098,-0.36853860985186876,0.207959488057952,-0.06926193482548451,-3.05441529506927,-0.0045048468265155945,4.708086517576091e-8,-0.0000014754358597079561,0.0000019970110088709276,0.000002346971399105828,0.00003379116443745309,0.00001828767795727037,0,0,0,0,0,0,1.26350879329836,-2.4030721620351585,-13.336193485974245,-0.7491940668146357,0.37016637149668924,-0.4505791329670696,7,1,3,1,2,48.19097137451172,48.19097137451172,0.6445291042327881,0,0,0.0040280818939208984,0.0040280818939208984,0.004000000189989805,0.004000000189989805,1,1,0,1,7,0,false,false,100.4000015258789,113,-3,280,55,105,1357,,,,1775568896229,1775568896229,,,,,,,,,,,,,,,
1776085913517,002c2969-c559-4f02-85a2-f2403051e800,0,78.25243913208224,-75.66957941915092,87.86598503038856,-102.88930394099908,-95.17807500956805,351.01074340974554,1.1898193803030443,0.11096191923470489,-0.14282227043315496,0.3707885851622046,-0.1084899977348619,-1.06018068230891,78.21502791736398,-75.69539220238808,87.86500998860258,-102.89965453481645,-95.17326800849689,351.00770339001696,0.0,0.0,0.0,0.0,0.0,0.0,0.2041168361902237,-1.581344723701477,-1.8834258317947388,-0.8761721849441528,-0.2014188915491104,0.02685585245490074,-2.6056369177447562e-17,-1.3249893081149904,-1.3532303269093235,-0.5659490727397369,-0.03939408057771185,0.0,33.77998352050781,36.609981536865234,38.769981384277344,40.680015563964844,43.129981994628906,40.949981689453125,-0.008972168900072575,-0.8792725801467896,-1.5204660892486572,-0.6501354575157166,-0.1018284410238266,-0.0839245393872261,253,253,253,253,253,253,0.02786630231150871,-0.36851588709752964,0.20777978414019074,-0.06830410157861873,-3.054468464144146,-0.005455069151827568,0.027636615385685098,-0.36853860985186876,0.207959488057952,-0.06926193482548451,-3.05441529506927,-0.0045048468265155945,4.708086517576091e-8,-0.0000014754358597079561,0.0000019970110088709276,0.000002346971399105828,0.00003379116443745309,0.00001828767795727037,0,0,0,0,0,0,1.26350879329836,-2.4030721620351585,-13.336193485974245,-0.7491940668146357,0.37016637149668924,-0.4505791329670696,7,1,3,1,2,48.19097137451172,48.19097137451172,0.6445291042327881,0,0,0.0040280818939208984,0.0040280818939208984,0.004000000189989805,0.004000000189989805,1,1,0,1,7,0,false,false,100.4000015258789,113,-3,280,55,105,1357,,,,1775568896229,1775568896229,,,,,,,,,,,,,,,
1776085913526,002c2969-c559-4f02-85a2-f2403051e800,0,78.24008331987369,-75.66889640023392,87.85705114295418,-102.89889352659378,-95.18700889700243,351.01691790075523,-1.0052489926307882,-0.05493164298737549,-0.10299683143509236,0.1702880885917894,-0.10162353652509667,0.27465820826677084,78.21502791736398,-75.69539220238808,87.86500998860258,-102.89965453481645,-95.17326800849689,351.00770339001696,0.0,0.0,0.0,0.0,0.0,0.0,0.0493469275534153,-1.740600824356079,-1.8666504621505737,-0.8728151917457581,-0.19134794175624847,-0.0055949692614376545,-2.6056369177447562e-17,-1.3249893081149904,-1.3532303269093235,-0.5659490727397369,-0.03939408057771185,0.0,33.77998352050781,36.609981536865234,38.769981384277344,40.680015563964844,43.129981994628906,40.949981689453125,-0.008972168900072575,-0.8792725801467896,-1.5204660892486572,-0.6501354575157166,-0.1018284410238266,-0.0839245393872261,253,253,253,253,253,253,0.027755604600672786,-0.3685680579098909,0.2078379709889234,-0.06881659598839991,-3.0542495305939483,-0.005036172993656058,0.027636615385685098,-0.36853860985186876,0.207959488057952,-0.06926193482548451,-3.05441529506927,-0.0045048468265155945,4.708086517576091e-8,-0.0000014754358597079561,0.0000019970110088709276,0.000002346971399105828,0.00003379116443745309,0.00001828767795727037,0,0,0,0,0,0,1.26350879329836,-2.4030721620351585,-13.336193485974245,-0.7491940668146357,0.37016637149668924,-0.4505791329670696,7,1,3,1,2,48.19097137451172,48.19097137451172,0.6445291042327881,0,0,0.0040280818939208984,0.0040280818939208984,0.004000000189989805,0.004000000189989805,1,1,0,1,7,0,false,false,100.4000015258789,113,-3,280,55,105,1357,,,,1775568896229,1775568896229,,,,,,,,,,,,,,,
1776085913535,002c2969-c559-4f02-85a2-f2403051e800,0,78.24008331987369,-75.66889640023392,87.85705114295418,-102.89889352659378,-95.18700889700243,351.01691790075523,-1.0052489926307882,-0.05493164298737549,-0.10299683143509236,0.1702880885917894,-0.10162353652509667,0.27465820826677084,78.21502791736398,-75.69539220238808,87.86500998860258,-102.89965453481645,-95.17326800849689,351.00770339001696,0.0,0.0,0.0,0.0,0.0,0.0,0.0493469275534153,-1.740600824356079,-1.8666504621505737,-0.8728151917457581,-0.19134794175624847,-0.0055949692614376545,-2.6056369177447562e-17,-1.3249893081149904,-1.3532303269093235,-0.5659490727397369,-0.03939408057771185,0.0,33.77998352050781,36.609981536865234,38.769981384277344,40.680015563964844,43.129981994628906,40.949981689453125,-0.008972168900072575,-0.8792725801467896,-1.5204660892486572,-0.6501354575157166,-0.1018284410238266,-0.0839245393872261,253,253,253,253,253,253,0.027755604600672786,-0.3685680579098909,0.2078379709889234,-0.06881659598839991,-3.0542495305939483,-0.005036172993656058,0.027636615385685098,-0.36853860985186876,0.207959488057952,-0.06926193482548451,-3.05441529506927,-0.0045048468265155945,4.708086517576091e-8,-0.0000014754358597079561,0.0000019970110088709276,0.000002346971399105828,0.00003379116443745309,0.00001828767795727037,0,0,0,0,0,0,1.26350879329836,-2.4030721620351585,-13.336193485974245,-0.7491940668146357,0.37016637149668924,-0.4505791329670696,7,1,3,1,2,48.19097137451172,48.19097137451172,0.6445291042327881,0,0,0.0040280818939208984,0.0040280818939208984,0.004000000189989805,0.004000000189989805,1,1,0,1,7,0,false,false,100.4000015258789,113,-3,280,55,105,1357,,,,1775568896229,1775568896229,,,,,,,,,,,,,,,
1776085913546,002c2969-c559-4f02-85a2-f2403051e800,0,78.24557479196638,-75.66889640023392,87.86322563396386,-102.89752748875979,-95.17946836815874,351.01074340974554,-0.16479492229201986,-0.05493164298737549,-0.0700378469766884,-0.10574341458497713,-0.0700378469766884,0.12496948996406389,78.21502791736398,-75.69539220238808,87.86500998860258,-102.89965453481645,-95.17326800849689,351.00770339001696,0.0,0.0,0.0,0.0,0.0,0.0,0.004486084450036287,-1.821350336074829,-1.8681755065917969,-0.8258174657821655,-0.17456303536891937,-0.0033569815568625927,-2.6056369177447562e-17,-1.3249893081149904,-1.3532303269093235,-0.5659490727397369,-0.03939408057771185,0.0,33.77998352050781,36.609981536865234,38.769981384277344,40.680015563964844,43.129981994628906,40.949981689453125,-0.008972168900072575,-0.8792725801467896,-1.5204660892486572,-0.6501354575157166,-0.1018284410238266,-0.0839245393872261,253,253,253,253,253,253,0.027813092540158915,-0.3685467998042114,0.20780251901854294,-0.06849891397370975,-3.0544091174724373,-0.005199247919011016,0.027636615385685098,-0.36853860985186876,0.207959488057952,-0.06926193482548451,-3.05441529506927,-0.0045048468265155945,4.708086517576091e-8,-0.0000014754358597079561,0.0000019970110088709276,0.000002346971399105828,0.00003379116443745309,0.00001828767795727037,0,0,0,0,0,0,1.26350879329836,-2.4030721620351585,-13.336193485974245,-0.7491940668146357,0.37016637149668924,-0.4505791329670696,7,1,3,1,2,48.19097137451172,48.19097137451172,0.6445291042327881,0,0,0.0040280818939208984,0.0040280818939208984,0.004000000189989805,0.004000000189989805,1,1,0,1,7,0,false,false,100.4000015258789,113,-3,280,55,105,1357,,,,1775568896229,1775568896229,,,,,,,,,,,,,,,
1776085913555,002c2969-c559-4f02-85a2-f2403051e800,0,78.24557479196638,-75.66889640023392,87.86322563396386,-102.89752748875979,-95.17946836815874,351.01074340974554,-0.16479492229201986,-0.05493164298737549,-0.0700378469766884,-0.10574341458497713,-0.0700378469766884,0.12496948996406389,78.21502791736398,-75.69539220238808,87.86500998860258,-102.89965453481645,-95.17326800849689,351.00770339001696,0.0,0.0,0.0,0.0,0.0,0.0,0.004486084450036287,-1.821350336074829,-1.8681755065917969,-0.8258174657821655,-0.17456303536891937,-0.0033569815568625927,-2.6056369177447562e-17,-1.3249893081149904,-1.3532303269093235,-0.5659490727397369,-0.03939408057771185,0.0,33.77998352050781,36.609981536865234,38.769981384277344,40.680015563964844,43.129981994628906,40.949981689453125,-0.008972168900072575,-0.8792725801467896,-1.5204660892486572,-0.6501354575157166,-0.1018284410238266,-0.0839245393872261,253,253,253,253,253,253,0.027813092540158915,-0.3685467998042114,0.20780251901854294,-0.06849891397370975,-3.0544091174724373,-0.005199247919011016,0.027636615385685098,-0.36853860985186876,0.207959488057952,-0.06926193482548451,-3.05441529506927,-0.0045048468265155945,4.708086517576091e-8,-0.0000014754358597079561,0.0000019970110088709276,0.000002346971399105828,0.00003379116443745309,0.00001828767795727037,0,0,0,0,0,0,1.26350879329836,-2.4030721620351585,-13.336193485974245,-0.7491940668146357,0.37016637149668924,-0.4505791329670696,7,1,3,1,2,48.19097137451172,48.19097137451172,0.6445291042327881,0,0,0.0040280818939208984,0.0040280818939208984,0.004000000189989805,0.004000000189989805,1,1,0,1,7,0,false,false,100.4000015258789,113,-3,280,55,105,1357,,,,1775568896229,1775568896229,,,,,,,,,,,,,,,
1776085913565,002c2969-c559-4f02-85a2-f2403051e800,0,78.24145618789686,-75.67026243806792,87.86390865288087,-102.8940850734181,-95.18151742490974,351.01074340974554,-0.02526855497377993,-0.04064941394302801,-0.053558351412433106,-0.10574341458497713,0.0,0.08102417290612085,78.21502791736398,-75.69539220238808,87.86500998860258,-102.89965453481645,-95.17326800849689,351.00770339001696,0.0,0.0,0.0,0.0,0.0,0.0,-0.0740203931927681,-1.843780755996704,-1.8712254762649536,-0.8649822473526001,-0.17344404757022858,-0.0033569815568625927,-2.6056369177447562e-17,-1.3249893081149904,-1.3532303269093235,-0.5659490727397369,-0.03939408057771185,0.0,33.77998352050781,36.609981536865234,38.769981384277344,40.680015563964844,43.129981994628906,40.949981689453125,-0.008972168900072575,-0.8792725801467896,-1.5204660892486572,-0.6501354575157166,-0.1018284410238266,-0.0839245393872261,253,253,253,253,253,253,0.027765537651058304,-0.36853431215380505,0.20780078261373344,-0.06867625525536732,-3.054370727741395,-0.005327635666550069,0.027636615385685098,-0.36853860985186876,0.207959488057952,-0.06926193482548451,-3.05441529506927,-0.0045048468265155945,4.708086517576091e-8,-0.0000014754358597079561,0.0000019970110088709276,0.000002346971399105828,0.00003379116443745309,0.00001828767795727037,0,0,0,0,0,0,1.26350879329836,-2.4030721620351585,-13.336193485974245,-0.7491940668146357,0.37016637149668924,-0.4505791329670696,7,1,3,1,2,48.19097137451172,48.19097137451172,0.6445291042327881,0,0,0.0040280818939208984,0.0040280818939208984,0.004000000189989805,0.004000000189989805,1,1,0,1,7,0,false,false,100.4000015258789,113,-3,280,55,105,1357,,,,1775568896229,1775568896229,,,,,,,,,,,,,,,
1776085913575,002c2969-c559-4f02-85a2-f2403051e800,0,78.24145618789686,-75.67026243806792,87.86390865288087,-102.8940850734181,-95.18151742490974,351.01074340974554,-0.02526855497377993,-0.04064941394302801,-0.053558351412433106,-0.10574341458497713,0.0,0.08102417290612085,78.21502791736398,-75.69539220238808,87.86500998860258,-102.89965453481645,-95.17326800849689,351.00770339001696,0.0,0.0,0.0,0.0,0.0,0.0,-0.0740203931927681,-1.843780755996704,-1.8712254762649536,-0.8649822473526001,-0.17344404757022858,-0.0033569815568625927,-2.6056369177447562e-17,-1.3249893081149904,-1.3532303269093235,-0.5659490727397369,-0.03939408057771185,0.0,33.77998352050781,36.609981536865234,38.769981384277344,40.680015563964844,43.129981994628906,40.949981689453125,-0.008972168900072575,-0.8792725801467896,-1.5204660892486572,-0.6501354575157166,-0.1018284410238266,-0.0839245393872261,253,253,253,253,253,253,0.027765537651058304,-0.36853431215380505,0.20780078261373344,-0.06867625525536732,-3.054370727741395,-0.005327635666550069,0.027636615385685098,-0.36853860985186876,0.207959488057952,-0.06926193482548451,-3.05441529506927,-0.0045048468265155945,4.708086517576091e-8,-0.0000014754358597079561,0.0000019970110088709276,0.000002346971399105828,0.00003379116443745309,0.00001828767795727037,0,0,0,0,0,0,1.26350879329836,-2.4030721620351585,-13.336193485974245,-0.7491940668146357,0.37016637149668924,-0.4505791329670696,7,1,3,1,2,48.19097137451172,48.19097137451172,0.6445291042327881,0,0,0.0040280818939208984,0.0040280818939208984,0.004000000189989805,0.004000000189989805,1,1,0,1,7,0,false,false,100.4000015258789,113,-3,280,55,105,1357,,,,1775568896229,1775568896229,,,,,,,,,,,,,,,
1776085913584,002c2969-c559-4f02-85a2-f2403051e800,0,78.21742075220759,-75.6750708912436,87.86046623753919,-102.8940850734181,-95.18220044382674,351.0114264286625,-0.9964600332728626,-0.33068849118420685,-0.039825442333115885,0.10574341458497713,0.0,0.05218505983749072,78.21502791736398,-75.69539220238808,87.86500998860258,-102.89965453481645,-95.17326800849689,351.00770339001696,0.0,0.0,0.0,0.0,0.0,0.0,0.006729126907885075,-1.866211175918579,-1.8636003732681274,-0.8828861713409424,-0.18127700686454773,-0.0033569815568625927,-2.6056369177447562e-17,-1.3249893081149904,-1.3532303269093235,-0.5659490727397369,-0.03939408057771185,0.0,33.77998352050781,36.609981536865234,38.769981384277344,40.680015563964844,43.129981994628906,40.949981689453125,-0.008972168900072575,-0.8792725801467896,-1.5204660892486572,-0.6501354575157166,-0.1018284410238266,-0.0839245393872261,253,253,253,253,253,253,0.027626777783134212,-0.36855372447529106,0.20785036035966786,-0.06927235299550281,-3.054328301243182,-0.005099822635066064,0.027636615385685098,-0.36853860985186876,0.207959488057952,-0.06926193482548451,-3.05441529506927,-0.0045048468265155945,4.708086517576091e-8,-0.0000014754358597079561,0.0000019970110088709276,0.000002346971399105828,0.00003379116443745309,0.00001828767795727037,0,0,0,0,0,0,1.26350879329836,-2.4030721620351585,-13.336193485974245,-0.7491940668146357,0.37016637149668924,-0.4505791329670696,7,1,3,1,2,48.19097137451172,48.19097137451172,0.6445291042327881,0,0,0.0040280818939208984,0.0040280818939208984,0.004000000189989805,0.004000000189989805,1,1,0,1,7,0,false,false,100.4000015258789,113,-3,280,55,105,1357,,,,1775568896229,1775568896229,,,,,,,,,,,,,,,
1776085913594,002c2969-c559-4f02-85a2-f2403051e800,0,78.21742075220759,-75.6750708912436,87.86046623753919,-102.8940850734181,-95.18220044382674,351.0114264286625,-0.9964600332728626,-0.33068849118420685,-0.039825442333115885,0.10574341458497713,0.0,0.05218505983749072,78.21502791736398,-75.69539220238808,87.86500998860258,-102.89965453481645,-95.17326800849689,351.00770339001696,0.0,0.0,0.0,0.0,0.0,0.0,0.006729126907885075,-1.866211175918579,-1.8636003732681274,-0.8828861713409424,-0.18127700686454773,-0.0033569815568625927,-2.6056369177447562e-17,-1.3249893081149904,-1.3532303269093235,-0.5659490727397369,-0.03939408057771185,0.0,33.77998352050781,36.609981536865234,38.769981384277344,40.680015563964844,43.129981994628906,40.949981689453125,-0.008972168900072575,-0.8792725801467896,-1.5204660892486572,-0.6501354575157166,-0.1018284410238266,-0.0839245393872261,253,253,253,253,253,253,0.027626777783134212,-0.36855372447529106,0.20785036035966786,-0.06927235299550281,-3.054328301243182,-0.005099822635066064,0.027636615385685098,-0.36853860985186876,0.207959488057952,-0.06926193482548451,-3.05441529506927,-0.0045048468265155945,4.708086517576091e-8,-0.0000014754358597079561,0.0000019970110088709276,0.000002346971399105828,0.00003379116443745309,0.00001828767795727037,0,0,0,0,0,0,1.26350879329836,-2.4030721620351585,-13.336193485974245,-0.7491940668146357,0.37016637149668924,-0.4505791329670696,7,1,3,1,2,48.19097137451172,48.19097137451172,0.6445291042327881,0,0,0.0040280818939208984,0.0040280818939208984,0.004000000189989805,0.004000000189989805,1,1,0,1,7,0,false,false,100.4000015258789,113,-3,280,55,105,1357,,,,1775568896229,1775568896229,,,,,,,,,,,,,,,
1776085913603,002c2969-c559-4f02-85a2-f2403051e800,0,78.21057690265924,-75.67851330658529,87.86046623753919,-102.89274635634078,-95.18359380241742,351.01074340974554,-0.21313477238977852,-0.370239261862121,-0.034332276033346355,0.09887696004531853,0.0,0.04257202214794735,78.21502791736398,-75.69539220238808,87.86500998860258,-102.89965453481645,-95.17326800849689,351.00770339001696,0.0,0.0,0.0,0.0,0.0,0.0,0.0605621412396431,-1.9581758975982666,-1.8712254762649536,-0.877291202545166,-0.1533021628856659,-0.0055949692614376545,-2.6056369177447562e-17,-1.3249893081149904,-1.3532303269093235,-0.5659490727397369,-0.03939408057771185,0.0,33.77998352050781,36.609981536865234,38.769981384277344,40.680015563964844,43.129981994628906,40.949981689453125,-0.008972168900072575,-0.8792725801467896,-1.5204660892486572,-0.6501354575157166,-0.1018284410238266,-0.0839245393872261,253,253,253,253,253,253,0.027580838518554373,-0.3685499499614336,0.2078699540853265,-0.06943828269616073,-3.0542940972571477,-0.005059959993667841,0.027636615385685098,-0.36853860985186876,0.207959488057952,-0.06926193482548451,-3.05441529506927,-0.0045048468265155945,4.708086517576091e-8,-0.0000014754358597079561,0.0000019970110088709276,0.000002346971399105828,0.00003379116443745309,0.00001828767795727037,0,0,0,0,0,0,1.26350879329836,-2.4030721620351585,-13.336193485974245,-0.7491940668146357,0.37016637149668924,-0.4505791329670696,7,1,3,1,2,48.19097137451172,48.19097137451172,0.6445291042327881,0,0,0.0040280818939208984,0.0040280818939208984,0.004000000189989805,0.004000000189989805,1,1,0,1,7,0,false,false,100.4000015258789,113,-3,280,55,105,1357,,,,1775568896229,1775568896229,,,,,,,,,,,,,,,
1776085913613,002c2969-c559-4f02-85a2-f2403051e800,0,78.21057690265924,-75.67851330658529,87.86046623753919,-102.89274635634078,-95.18359380241742,351.01074340974554,-0.21313477238977852,-0.370239261862121,-0.034332276033346355,0.09887696004531853,0.0,0.04257202214794735,78.21502791736398,-75.69539220238808,87.86500998860258,-102.89965453481645,-95.17326800849689,351.00770339001696,0.0,0.0,0.0,0.0,0.0,0.0,0.0605621412396431,-1.9581758975982666,-1.8712254762649536,-0.877291202545166,-0.1533021628856659,-0.0055949692614376545,-2.6056369177447562e-17,-1.3249893081149904,-1.3532303269093235,-0.5659490727397369,-0.03939408057771185,0.0,33.77998352050781,36.609981536865234,38.769981384277344,40.680015563964844,43.129981994628906,40.949981689453125,-0.008972168900072575,-0.8792725801467896,-1.5204660892486572,-0.6501354575157166,-0.1018284410238266,-0.0839245393872261,253,253,253,253,253,253,0.027580838518554373,-0.3685499499614336,0.2078699540853265,-0.06943828269616073,-3.0542940972571477,-0.005059959993667841,0.027636615385685098,-0.36853860985186876,0.207959488057952,-0.06926193482548451,-3.05441529506927,-0.0045048468265155945,4.708086517576091e-8,-0.0000014754358597079561,0.0000019970110088709276,0.000002346971399105828,0.00003379116443745309,0.00001828767795727037,0,0,0,0,0,0,1.26350879329836,-2.4030721620351585,-13.336193485974245,-0.7491940668146357,0.37016637149668924,-0.4505791329670696,7,1,3,1,2,48.19097137451172,48.19097137451172,0.6445291042327881,0,0,0.0040280818939208984,0.0040280818939208984,0.004000000189989805,0.004000000189989805,1,1,0,1,7,0,false,false,100.4000015258789,113,-3,280,55,105,1357,,,,1775568896229,1775568896229,,,,,,,,,,,,,,,
1776085913622,002c2969-c559-4f02-85a2-f2403051e800,0,78.21604788418442,-75.68263874084398,87.86254261504686,-102.8940850734181,-95.18083440599274,351.0114264286625,-0.06042480928714502,-0.19885254001037772,-0.027465821493687745,0.05905151437714933,0.0,0.03295898445840397,78.21502791736398,-75.69539220238808,87.86500998860258,-102.89965453481645,-95.17326800849689,351.00770339001696,0.0,0.0,0.0,0.0,0.0,0.0,0.0515899695456028,-1.9716341495513916,-1.8742755651474,-0.8940761089324951,-0.16001611948013306,-0.0055949692614376545,-2.6056369177447562e-17,-1.3249893081149904,-1.3532303269093235,-0.5659490727397369,-0.03939408057771185,0.0,33.77998352050781,36.609981536865234,38.769981384277344,40.680015563964844,43.129981994628906,40.949981689453125,-0.008972168900072575,-0.8792725801467896,-1.5204660892486572,-0.6501354575157166,-0.1018284410238266,-0.0839245393872261,253,253,253,253,253,253,0.02762398879058904,-0.36854139326216545,0.20788627910783922,-0.06931495127992265,-3.0543334416451047,-0.0049509977293655085,0.027636615385685098,-0.36853860985186876,0.207959488057952,-0.06926193482548451,-3.05441529506927,-0.0045048468265155945,4.708086517576091e-8,-0.0000014754358597079561,0.0000019970110088709276,0.000002346971399105828,0.00003379116443745309,0.00001828767795727037,0,0,0,0,0,0,1.26350879329836,-2.4030721620351585,-13.336193485974245,-0.7491940668146357,0.37016637149668924,-0.4505791329670696,7,1,3,1,2,48.19097137451172,48.19097137451172,0.6445291042327881,0,0,0.0040280818939208984,0.0040280818939208984,0.004000000189989805,0.004000000189989805,1,1,0,1,7,0,false,false,100.4000015258789,113,-3,280,55,105,1357,,,,1775568896229,1775568896229,,,,,,,,,,,,,,,
1776085913632,002c2969-c559-4f02-85a2-f2403051e800,0,78.21604788418442,-75.68263874084398,87.86254261504686,-102.8940850734181,-95.18083440599274,351.0114264286625,-0.06042480928714502,-0.19885254001037772,-0.027465821493687745,0.05905151437714933,0.0,0.03295898445840397,78.21502791736398,-75.69539220238808,87.86500998860258,-102.89965453481645,-95.17326800849689,351.00770339001696,0.0,0.0,0.0,0.0,0.0,0.0,0.0515899695456028,-1.9716341495513916,-1.8742755651474,-0.8940761089324951,-0.16001611948013306,-0.0055949692614376545,-2.6056369177447562e-17,-1.3249893081149904,-1.3532303269093235,-0.5659490727397369,-0.03939408057771185,0.0,33.77998352050781,36.609981536865234,38.769981384277344,40.680015563964844,43.129981994628906,40.949981689453125,-0.008972168900072575,-0.8792725801467896,-1.5204660892486572,-0.6501354575157166,-0.1018284410238266,-0.0839245393872261,253,253,253,253,253,253,0.02762398879058904,-0.36854139326216545,0.20788627910783922,-0.06931495127992265,-3.0543334416451047,-0.0049509977293655085,0.027636615385685098,-0.36853860985186876,0.207959488057952,-0.06926193482548451,-3.05441529506927,-0.0045048468265155945,4.708086517576091e-8,-0.0000014754358597079561,0.0000019970110088709276,0.000002346971399105828,0.00003379116443745309,0.00001828767795727037,0,0,0,0,0,0,1.26350879329836,-2.4030721620351585,-13.336193485974245,-0.7491940668146357,0.37016637149668924,-0.4505791329670696,7,1,3,1,2,48.19097137451172,48.19097137451172,0.6445291042327881,0,0,0.0040280818939208984,0.0040280818939208984,0.004000000189989805,0.004000000189989805,1,1,0,1,7,0,false,false,100.4000015258789,113,-3,280,55,105,1357,,,,1775568896229,1775568896229,,,,,,,,,,,,,,,
1776085913642,002c2969-c559-4f02-85a2-f2403051e800,0,78.21742075220759,-75.68884055261034,87.86117657721286,-102.89203601666709,-95.18291078350042,351.0100603908285,-0.04064941394302801,-0.3625488423826569,-0.02471924001132963,0.04806518844771688,0.0,0.02883911306863013,78.21502791736398,-75.69539220238808,87.86500998860258,-102.89965453481645,-95.17326800849689,351.00770339001696,0.0,0.0,0.0,0.0,0.0,0.0,0.0471038855612278,-2.0299532413482666,-1.8712254762649536,-0.9108610153198242,-0.134279265999794,-0.007832957431674004,-2.6056369177447562e-17,-1.3249893081149904,-1.3532303269093235,-0.5659490727397369,-0.03939408057771185,0.0,33.77998352050781,36.609981536865234,38.769981384277344,40.680015563964844,43.129981994628906,40.949981689453125,-0.008972168900072575,-0.8792725801467896,-1.5204660892486572,-0.6501354575157166,-0.1018284410238266,-0.0839245393872261,253,253,253,253,253,253,0.02762935226371454,-0.36853324796481174,0.20792908068600133,-0.06924705928820986,-3.054281984855647,-0.004816102818770147,0.027636615385685098,-0.36853860985186876,0.207959488057952,-0.06926193482548451,-3.05441529506927,-0.0045048468265155945,4.708086517576091e-8,-0.0000014754358597079561,0.0000019970110088709276,0.000002346971399105828,0.00003379116443745309,0.00001828767795727037,0,0,0,0,0,0,1.26350879329836,-2.4030721620351585,-13.336193485974245,-0.7491940668146357,0.37016637149668924,-0.4505791329670696,7,1,3,1,2,48.19097137451172,48.19097137451172,0.6445291042327881,0,0,0.0040280818939208984,0.0040280818939208984,0.004000000189989805,0.004000000189989805,1,1,0,1,7,0,false,false,100.4000015258789,113,-3,280,55,105,1357,,,,1775568896229,1775568896229,,,,,,,,,,,,,,,
1776085913651,002c2969-c559-4f02-85a2-f2403051e800,0,78.21742075220759,-75.68884055261034,87.86117657721286,-102.89203601666709,-95.18291078350042,351.0100603908285,-0.04064941394302801,-0.3625488423826569,-0.02471924001132963,0.04806518844771688,0.0,0.02883911306863013,78.21502791736398,-75.69539220238808,87.86500998860258,-102.89965453481645,-95.17326800849689,351.00770339001696,0.0,0.0,0.0,0.0,0.0,0.0,0.0471038855612278,-2.0299532413482666,-1.8712254762649536,-0.9108610153198242,-0.134279265999794,-0.007832957431674004,-2.6056369177447562e-17,-1.3249893081149904,-1.3532303269093235,-0.5659490727397369,-0.03939408057771185,0.0,33.77998352050781,36.609981536865234,38.769981384277344,40.680015563964844,43.129981994628906,40.949981689453125,-0.008972168900072575,-0.8792725801467896,-1.5204660892486572,-0.6501354575157166,-0.1018284410238266,-0.0839245393872261,253,253,253,253,253,253,0.02762935226371454,-0.36853324796481174,0.20792908068600133,-0.06924705928820986,-3.054281984855647,-0.004816102818770147,0.027636615385685098,-0.36853860985186876,0.207959488057952,-0.06926193482548451,-3.05441529506927,-0.0045048468265155945,4.708086517576091e-8,-0.0000014754358597079561,0.0000019970110088709276,0.000002346971399105828,0.00003379116443745309,0.00001828767795727037,0,0,0,0,0,0,1.26350879329836,-2.4030721620351585,-13.336193485974245,-0.7491940668146357,0.37016637149668924,-0.4505791329670696,7,1,3,1,2,48.19097137451172,48.19097137451172,0.6445291042327881,0,0,0.0040280818939208984,0.0040280818939208984,0.004000000189989805,0.004000000189989805,1,1,0,1,7,0,false,false,100.4000015258789,113,-3,280,55,105,1357,,,,1775568896229,1775568896229,,,,,,,,,,,,,,,
1776085913662,002c2969-c559-4f02-85a2-f2403051e800,0,78.21330214813807,-75.69777444004472,87.86322563396386,-102.89203601666709,-95.18359380241742,351.01074340974554,-0.030761717938496157,-0.338378910663671,-0.021972656861444863,0.039825442333115885,0.0,0.02609252991874536,78.21502791736398,-75.69539220238808,87.86500998860258,-102.89965453481645,-95.17326800849689,351.00770339001696,0.0,0.0,0.0,0.0,0.0,0.0,0.0381317175924778,-1.8819124698638916,-1.8727505207061768,-0.8940761089324951,-0.1376362442970276,-0.001118993852287531,-2.6056369177447562e-17,-1.3249893081149904,-1.3532303269093235,-0.5659490727397369,-0.03939408057771185,0.0,33.77998352050781,36.609981536865234,38.769981384277344,40.680015563964844,43.129981994628906,40.949981689453125,-0.008972168900072575,-0.8792725801467896,-1.5204660892486572,-0.6501354575157166,-0.1018284410238266,-0.0839245393872261,253,253,253,253,253,253,0.0276043719103351,-0.3685200201591908,0.2079740231707584,-0.06938206964524679,-3.0542454851341767,-0.004642828721144653,0.027636615385685098,-0.36853860985186876,0.207959488057952,-0.06926193482548451,-3.05441529506927,-0.0045048468265155945,4.708086517576091e-8,-0.0000014754358597079561,0.0000019970110088709276,0.000002346971399105828,0.00003379116443745309,0.00001828767795727037,0,0,0,0,0,0,1.26350879329836,-2.4030721620351585,-13.336193485974245,-0.7491940668146357,0.37016637149668924,-0.4505791329670696,7,1,3,1,2,48.19097137451172,48.19097137451172,0.6445291042327881,0,0,0.0040280818939208984,0.0040280818939208984,0.004000000189989805,0.004000000189989805,1,1,0,1,7,0,false,false,100.4000015258789,113,-3,280,55,105,1357,,,,1775568896229,1775568896229,,,,,,,,,,,,,,,
1776085913671,002c2969-c559-4f02-85a2-f2403051e800,0,78.21330214813807,-75.69777444004472,87.86322563396386,-102.89203601666709,-95.18359380241742,351.01074340974554,-0.030761717938496157,-0.338378910663671,-0.021972656861444863,0.039825442333115885,0.0,0.02609252991874536,78.21502791736398,-75.69539220238808,87.86500998860258,-102.89965453481645,-95.17326800849689,351.00770339001696,0.0,0.0,0.0,0.0,0.0,0.0,0.0381317175924778,-1.8819124698638916,-1.8727505207061768,-0.8940761089324951,-0.1376362442970276,-0.001118993852287531,-2.6056369177447562e-17,-1.3249893081149904,-1.3532303269093235,-0.5659490727397369,-0.03939408057771185,0.0,33.77998352050781,36.609981536865234,38.769981384277344,40.680015563964844,43.129981994628906,40.949981689453125,-0.008972168900072575,-0.8792725801467896,-1.5204660892486572,-0.6501354575157166,-0.1018284410238266,-0.0839245393872261,253,253,253,253,253,253,0.0276043719103351,-0.3685200201591908,0.2079740231707584,-0.06938206964524679,-3.0542454851341767,-0.004642828721144653,0.027636615385685098,-0.36853860985186876,0.207959488057952,-0.06926193482548451,-3.05441529506927,-0.0045048468265155945,4.708086517576091e-8,-0.0000014754358597079561,0.0000019970110088709276,0.000002346971399105828,0.00003379116443745309,0.00001828767795727037,0,0,0,0,0,0,1.26350879329836,-2.4030721620351585,-13.336193485974245,-0.7491940668146357,0.37016637149668924,-0.4505791329670696,7,1,3,1,2,48.19097137451172,48.19097137451172,0.6445291042327881,0,0,0.0040280818939208984,0.0040280818939208984,0.004000000189989805,0.004000000189989805,1,1,0,1,7,0,false,false,100.4000015258789,113,-3,280,55,105,1357,,,,1775568896229,1775568896229,,,,,,,,,,,,,,,
1776085913680,002c2969-c559-4f02-85a2-f2403051e800,0,78.21261912922107,-75.70118953462973,87.86254261504686,-102.8954511112521,-95.18291078350042,351.0100603908285,0.0,-0.26037598922758326,-0.01922607537908675,0.0315856962185149,0.0,0.021972656861444863,78.21502791736398,-75.69539220238808,87.86500998860258,-102.89965453481645,-95.17326800849689,351.00770339001696,0.0,0.0,0.0,0.0,0.0,0.0,0.0358886756002903,-1.9492037296295166,-1.8681755065917969,-0.9007900357246399,-0.12756529450416565,-0.0055949692614376545,-2.6056369177447562e-17,-1.3249893081149904,-1.3532303269093235,-0.5659490727397369,-0.03939408057771185,0.0,33.77998352050781,36.609981536865234,38.769981384277344,40.680015563964844,43.129981994628906,40.949981689453125,-0.008972168900072575,-0.8792725801467896,-1.5204660892486572,-0.6501354575157166,-0.1018284410238266,-0.0839245393872261,253,253,253,253,253,253,0.027600209962998782,-0.36852742465810234,0.2080037477238691,-0.06939064805269282,-3.0542338446961628,-0.004444096372958193,0.027636615385685098,-0.36853860985186876,0.207959488057952,-0.06926193482548451,-3.05441529506927,-0.0045048468265155945,4.708086517576091e-8,-0.0000014754358597079561,0.0000019970110088709276,0.000002346971399105828,0.00003379116443745309,0.00001828767795727037,0,0,0,0,0,0,1.26350879329836,-2.4030721620351585,-13.336193485974245,-0.7491940668146357,0.37016637149668924,-0.4505791329670696,7,1,3,1,2,48.19097137451172,48.19097137451172,0.6445291042327881,0,0,0.0040280818939208984,0.0040280818939208984,0.004000000189989805,0.004000000189989805,1,1,0,1,7,0,false,false,100.4000015258789,113,-3,280,55,105,1357,,,,1775568896229,1775568896229,,,,,,,,,,,,,,,
1776085913690,002c2969-c559-4f02-85a2-f2403051e800,0,78.21261912922107,-75.70118953462973,87.86254261504686,-102.8954511112521,-95.18291078350042,351.0100603908285,0.0,-0.26037598922758326,-0.01922607537908675,0.0315856962185149,0.0,0.021972656861444863,78.21502791736398,-75.69539220238808,87.86500998860258,-102.89965453481645,-95.17326800849689,351.00770339001696,0.0,0.0,0.0,0.0,0.0,0.0,0.0358886756002903,-1.9492037296295166,-1.8681755065917969,-0.9007900357246399,-0.12756529450416565,-0.0055949692614376545,-2.6056369177447562e-17,-1.3249893081149904,-1.3532303269093235,-0.5659490727397369,-0.03939408057771185,0.0,33.77998352050781,36.609981536865234,38.769981384277344,40.680015563964844,43.129981994628906,40.949981689453125,-0.008972168900072575,-0.8792725801467896,-1.5204660892486572,-0.6501354575157166,-0.1018284410238266,-0.0839245393872261,253,253,253,253,253,253,0.027600209962998782,-0.36852742465810234,0.2080037477238691,-0.06939064805269282,-3.0542338446961628,-0.004444096372958193,0.027636615385685098,-0.36853860985186876,0.207959488057952,-0.06926193482548451,-3.05441529506927,-0.0045048468265155945,4.708086517576091e-8,-0.0000014754358597079561,0.0000019970110088709276,0.000002346971399105828,0.00003379116443745309,0.00001828767795727037,0,0,0,0,0,0,1.26350879329836,-2.4030721620351585,-13.336193485974245,-0.7491940668146357,0.37016637149668924,-0.4505791329670696,7,1,3,1,2,48.19097137451172,48.19097137451172,0.6445291042327881,0,0,0.0040280818939208984,0.0040280818939208984,0.004000000189989805,0.004000000189989805,1,1,0,1,7,0,false,false,100.4000015258789,113,-3,280,55,105,1357,,,,1775568896229,1775568896229,,,,,,,,,,,,,,,
1776085913700,002c2969-c559-4f02-85a2-f2403051e800,0,78.21467501616125,-75.69845745896173,87.86254261504686,-102.89342937525778,-95.18015138707574,351.01074340974554,0.0,-0.09008789396568727,-0.01785278380414437,0.027465821493687745,0.0,0.01922607537908675,78.21502791736398,-75.69539220238808,87.86500998860258,-102.89965453481645,-95.17326800849689,351.00770339001696,0.0,0.0,0.0,0.0,0.0,0.0,0.0336456336081028,-1.8863985538482666,-1.8742755651474,-0.9052660465240479,-0.11749435216188431,-0.002237987704575062,-2.6056369177447562e-17,-1.3249893081149904,-1.3532303269093235,-0.5659490727397369,-0.03939408057771185,0.0,33.77998352050781,36.609981536865234,38.769981384277344,40.680015563964844,43.129981994628906,40.949981689453125,-0.008972168900072575,-0.8792725801467896,-1.5204660892486572,-0.6501354575157166,-0.1018284410238266,-0.0839245393872261,253,253,253,253,253,253,0.027620301699989882,-0.3685256956995495,0.2079831834451868,-0.06934934958057135,-3.0542968805761412,-0.0045525457097297965,0.027636615385685098,-0.36853860985186876,0.207959488057952,-0.06926193482548451,-3.05441529506927,-0.0045048468265155945,4.708086517576091e-8,-0.0000014754358597079561,0.0000019970110088709276,0.000002346971399105828,0.00003379116443745309,0.00001828767795727037,0,0,0,0,0,0,1.26350879329836,-2.4030721620351585,-13.336193485974245,-0.7491940668146357,0.37016637149668924,-0.4505791329670696,7,1,3,1,2,48.19097137451172,48.19097137451172,0.6445291042327881,0,0,0.0040280818939208984,0.0040280818939208984,0.004000000189989805,0.004000000189989805,1,1,0,1,7,0,false,false,100.4000015258789,113,-3,280,55,105,1357,,,,1775568896229,1775568896229,,,,,,,,,,,,,,,
1776085913710,002c2969-c559-4f02-85a2-f2403051e800,0,78.21467501616125,-75.69845745896173,87.86254261504686,-102.89342937525778,-95.18015138707574,351.01074340974554,0.0,-0.09008789396568727,-0.01785278380414437,0.027465821493687745,0.0,0.01922607537908675,78.21502791736398,-75.69539220238808,87.86500998860258,-102.89965453481645,-95.17326800849689,351.00770339001696,0.0,0.0,0.0,0.0,0.0,0.0,0.0336456336081028,-1.8863985538482666,-1.8742755651474,-0.9052660465240479,-0.11749435216188431,-0.002237987704575062,-2.6056369177447562e-17,-1.3249893081149904,-1.3532303269093235,-0.5659490727397369,-0.03939408057771185,0.0,33.77998352050781,36.609981536865234,38.769981384277344,40.680015563964844,43.129981994628906,40.949981689453125,-0.008972168900072575,-0.8792725801467896,-1.5204660892486572,-0.6501354575157166,-0.1018284410238266,-0.0839245393872261,253,253,253,253,253,253,0.027620301699989882,-0.3685256956995495,0.2079831834451868,-0.06934934958057135,-3.0542968805761412,-0.0045525457097297965,0.027636615385685098,-0.36853860985186876,0.207959488057952,-0.06926193482548451,-3.05441529506927,-0.0045048468265155945,4.708086517576091e-8,-0.0000014754358597079561,0.0000019970110088709276,0.000002346971399105828,0.00003379116443745309,0.00001828767795727037,0,0,0,0,0,0,1.26350879329836,-2.4030721620351585,-13.336193485974245,-0.7491940668146357,0.37016637149668924,-0.4505791329670696,7,1,3,1,2,48.19097137451172,48.19097137451172,0.6445291042327881,0,0,0.0040280818939208984,0.0040280818939208984,0.004000000189989805,0.004000000189989805,1,1,0,1,7,0,false,false,100.4000015258789,113,-3,280,55,105,1357,,,,1775568896229,1775568896229,,,,,,,,,,,,,,,
1776085913722,002c2969-c559-4f02-85a2-f2403051e800,0,78.21330214813807,-75.69914047787873,87.86322563396386,-102.8940850734181,-95.18291078350042,351.0114264286625,0.0,-0.052734376467467675,-0.016479492229201986,0.02471924001132963,0.0,0.01785278380414437,78.21502791736398,-75.69539220238808,87.86500998860258,-102.89965453481645,-95.17326800849689,351.00770339001696,0.0,0.0,0.0,0.0,0.0,0.0,0.0381317175924778,-2.0075228214263916,-1.8727505207061768,-0.9007900357246399,-0.1186133474111557,-0.007832957431674004,-2.6056369177447562e-17,-1.3249893081149904,-1.3532303269093235,-0.5659490727397369,-0.03939408057771185,0.0,33.77998352050781,36.609981536865234,38.769981384277344,40.680015563964844,43.129981994628906,40.949981689453125,-0.008972168900072575,-0.8792725801467896,-1.5204660892486572,-0.6501354575157166,-0.1018284410238266,-0.0839245393872261,253,253,253,253,253,253,0.027605267079758588,-0.3685237897811556,0.20798545523064424,-0.06940431428125127,-3.0542461581911753,-0.004549225877158675,0.027636615385685098,-0.36853860985186876,0.207959488057952,-0.06926193482548451,-3.05441529506927,-0.0045048468265155945,4.708086517576091e-8,-0.0000014754358597079561,0.0000019970110088709276,0.000002346971399105828,0.00003379116443745309,0.00001828767795727037,0,0,0,0,0,0,1.26350879329836,-2.4030721620351585,-13.336193485974245,-0.7491940668146357,0.37016637149668924,-0.4505791329670696,7,1,3,1,2,48.19097137451172,48.19097137451172,0.6445291042327881,0,0,0.0040280818939208984,0.0040280818939208984,0.004000000189989805,0.004000000189989805,1,1,0,1,7,0,false,false,100.4000015258789,113,-3,280,55,105,1357,,,,1775568896229,1775568896229,,,,,,,,,,,,,,,
1776085913732,002c2969-c559-4f02-85a2-f2403051e800,0,78.21399199724425,-75.70050651571273,87.86046623753919,-102.89342937525778,-95.18359380241742,351.0128197872532,0.0,-0.031860351198450064,-0.015106202321786255,0.020599365286502483,0.0,0.016479492229201986,78.21502791736398,-75.69539220238808,87.86500998860258,-102.89965453481645,-95.17326800849689,351.00770339001696,0.0,0.0,0.0,0.0,0.0,0.0,0.0403747595846653,-1.9312593936920166,-1.8727505207061768,-0.922050952911377,-0.10294743627309799,-0.0055949692614376545,-2.6056369177447562e-17,-1.3249893081149904,-1.3532303269093235,-0.5659490727397369,-0.03939408057771185,0.0,33.77998352050781,36.609981536865234,38.769981384277344,40.680015563964844,43.129981994628906,40.949981689453125,-0.008972168900072575,-0.8792725801467896,-1.5204660892486572,-0.6501354575157166,-0.1018284410238266,-0.0839245393872261,253,253,253,253,253,253,0.027606970638446703,-0.3685288005381191,0.2080072974347783,-0.06942657461072137,-3.054223211308991,-0.004459013257644986,0.027636615385685098,-0.36853860985186876,0.207959488057952,-0.06926193482548451,-3.05441529506927,-0.0045048468265155945,4.708086517576091e-8,-0.0000014754358597079561,0.0000019970110088709276,0.000002346971399105828,0.00003379116443745309,0.00001828767795727037,0,0,0,0,0,0,1.26350879329836,-2.4030721620351585,-13.336193485974245,-0.7491940668146357,0.37016637149668924,-0.4505791329670696,7,1,3,1,2,48.19097137451172,48.19097137451172,0.6445291042327881,0,0,0.0040280818939208984,0.0040280818939208984,0.004000000189989805,0.004000000189989805,1,1,0,1,7,0,false,false,100.4000015258789,113,-3,280,55,105,1357,,,,1775568896229,1775568896229,,,,,,,,,,,,,,,
1776085913741,002c2969-c559-4f02-85a2-f2403051e800,0,78.21399199724425,-75.70050651571273,87.86046623753919,-102.89342937525778,-95.18359380241742,351.0128197872532,0.0,-0.031860351198450064,-0.015106202321786255,0.020599365286502483,0.0,0.016479492229201986,78.21502791736398,-75.69539220238808,87.86500998860258,-102.89965453481645,-95.17326800849689,351.00770339001696,0.0,0.0,0.0,0.0,0.0,0.0,0.0403747595846653,-1.9312593936920166,-1.8727505207061768,-0.922050952911377,-0.10294743627309799,-0.0055949692614376545,-2.6056369177447562e-17,-1.3249893081149904,-1.3532303269093235,-0.5659490727397369,-0.03939408057771185,0.0,33.77998352050781,36.609981536865234,38.769981384277344,40.680015563964844,43.129981994628906,40.949981689453125,-0.008972168900072575,-0.8792725801467896,-1.5204660892486572,-0.6501354575157166,-0.1018284410238266,-0.0839245393872261,253,253,253,253,253,253,0.027606970638446703,-0.3685288005381191,0.2080072974347783,-0.06942657461072137,-3.054223211308991,-0.004459013257644986,0.027636615385685098,-0.36853860985186876,0.207959488057952,-0.06926193482548451,-3.05441529506927,-0.0045048468265155945,4.708086517576091e-8,-0.0000014754358597079561,0.0000019970110088709276,0.000002346971399105828,0.00003379116443745309,0.00001828767795727037,0,0,0,0,0,0,1.26350879329836,-2.4030721620351585,-13.336193485974245,-0.7491940668146357,0.37016637149668924,-0.4505791329670696,7,1,3,1,2,48.19097137451172,48.19097137451172,0.6445291042327881,0,0,0.0040280818939208984,0.0040280818939208984,0.004000000189989805,0.004000000189989805,1,1,0,1,7,0,false,false,100.4000015258789,113,-3,280,55,105,1357,,,,1775568896229,1775568896229,,,,,,,,,,,,,,,
1776085913751,002c2969-c559-4f02-85a2-f2403051e800,0,78.21399199724425,-75.70050651571273,87.86046623753919,-102.89342937525778,-95.18359380241742,351.0128197872532,0.0,-0.031860351198450064,-0.015106202321786255,0.020599365286502483,0.0,0.016479492229201986,78.21502791736398,-75.69539220238808,87.86500998860258,-102.89965453481645,-95.17326800849689,351.00770339001696,0.0,0.0,0.0,0.0,0.0,0.0,0.0403747595846653,-1.9312593936920166,-1.8727505207061768,-0.922050952911377,-0.10294743627309799,-0.0055949692614376545,-2.6056369177447562e-17,-1.3249893081149904,-1.3532303269093235,-0.5659490727397369,-0.03939408057771185,0.0,33.77998352050781,36.609981536865234,38.769981384277344,40.680015563964844,43.129981994628906,40.949981689453125,-0.008972168900072575,-0.8792725801467896,-1.5204660892486572,-0.6501354575157166,-0.1018284410238266,-0.0839245393872261,253,253,253,253,253,253,0.027606970638446703,-0.3685288005381191,0.2080072974347783,-0.06942657461072137,-3.054223211308991,-0.004459013257644986,0.027636615385685098,-0.36853860985186876,0.207959488057952,-0.06926193482548451,-3.05441529506927,-0.0045048468265155945,4.708086517576091e-8,-0.0000014754358597079561,0.0000019970110088709276,0.000002346971399105828,0.00003379116443745309,0.00001828767795727037,0,0,0,0,0,0,1.26350879329836,-2.4030721620351585,-13.336193485974245,-0.7491940668146357,0.37016637149668924,-0.4505791329670696,7,1,3,1,2,48.19097137451172,48.19097137451172,0.6445291042327881,0,0,0.0040280818939208984,0.0040280818939208984,0.004000000189989805,0.004000000189989805,1,1,0,1,7,0,false,false,100.4000015258789,113,-3,280,55,105,1357,,,,1775568896229,1775568896229,,,,,,,,,,,,,,,
1776085913760,002c2969-c559-4f02-85a2-f2403051e800,0,78.21399199724425,-75.70050651571273,87.86046623753919,-102.89342937525778,-95.18359380241742,351.0128197872532,0.0,-0.031860351198450064,-0.015106202321786255,0.020599365286502483,0.0,0.016479492229201986,78.21502791736398,-75.69539220238808,87.86500998860258,-102.89965453481645,-95.17326800849689,351.00770339001696,0.0,0.0,0.0,0.0,0.0,0.0,0.0403747595846653,-1.9312593936920166,-1.8727505207061768,-0.922050952911377,-0.10294743627309799,-0.0055949692614376545,-2.6056369177447562e-17,-1.3249893081149904,-1.3532303269093235,-0.5659490727397369,-0.03939408057771185,0.0,33.77998352050781,36.609981536865234,38.769981384277344,40.680015563964844,43.129981994628906,40.949981689453125,-0.008972168900072575,-0.8792725801467896,-1.5204660892486572,-0.6501354575157166,-0.1018284410238266,-0.0839245393872261,253,253,253,253,253,253,0.027606970638446703,-0.3685288005381191,0.2080072974347783,-0.06942657461072137,-3.054223211308991,-0.004459013257644986,0.027636615385685098,-0.36853860985186876,0.207959488057952,-0.06926193482548451,-3.05441529506927,-0.0045048468265155945,4.708086517576091e-8,-0.0000014754358597079561,0.0000019970110088709276,0.000002346971399105828,0.00003379116443745309,0.00001828767795727037,0,0,0,0,0,0,1.26350879329836,-2.4030721620351585,-13.336193485974245,-0.7491940668146357,0.37016637149668924,-0.4505791329670696,7,1,3,1,2,48.19097137451172,48.19097137451172,0.6445291042327881,0,0,0.0040280818939208984,0.0040280818939208984,0.004000000189989805,0.004000000189989805,1,1,0,1,7,0,false,false,100.4000015258789,113,-3,280,55,105,1357,,,,1775568896229,1775568896229,,,,,,,,,,,,,,,
1776085913770,002c2969-c559-4f02-85a2-f2403051e800,0,78.21399199724425,-75.70050651571273,87.86046623753919,-102.89342937525778,-95.18359380241742,351.0128197872532,0.0,-0.031860351198450064,-0.015106202321786255,0.020599365286502483,0.0,0.016479492229201986,78.21502791736398,-75.69539220238808,87.86500998860258,-102.89965453481645,-95.17326800849689,351.00770339001696,0.0,0.0,0.0,0.0,0.0,0.0,0.0403747595846653,-1.9312593936920166,-1.8727505207061768,-0.922050952911377,-0.10294743627309799,-0.0055949692614376545,-2.6056369177447562e-17,-1.3249893081149904,-1.3532303269093235,-0.5659490727397369,-0.03939408057771185,0.0,33.77998352050781,36.609981536865234,38.769981384277344,40.680015563964844,43.129981994628906,40.949981689453125,-0.008972168900072575,-0.8792725801467896,-1.5204660892486572,-0.6501354575157166,-0.1018284410238266,-0.0839245393872261,253,253,253,253,253,253,0.027606970638446703,-0.3685288005381191,0.2080072974347783,-0.06942657461072137,-3.054223211308991,-0.004459013257644986,0.027636615385685098,-0.36853860985186876,0.207959488057952,-0.06926193482548451,-3.05441529506927,-0.0045048468265155945,4.708086517576091e-8,-0.0000014754358597079561,0.0000019970110088709276,0.000002346971399105828,0.00003379116443745309,0.00001828767795727037,0,0,0,0,0,0,1.26350879329836,-2.4030721620351585,-13.336193485974245,-0.7491940668146357,0.37016637149668924,-0.4505791329670696,7,1,3,1,2,48.19097137451172,48.19097137451172,0.6445291042327881,0,0,0.0040280818939208984,0.0040280818939208984,0.004000000189989805,0.004000000189989805,1,1,0,1,7,0,false,false,100.4000015258789,113,-3,280,55,105,1357,,,,1775568896229,1775568896229,,,,,,,,,,,,,,,
1776085913779,002c2969-c559-4f02-85a2-f2403051e800,0,78.21261912922107,-75.70050651571273,87.86322563396386,-102.8940850734181,-95.18083440599274,351.0135028061702,0.0,-0.019775390341537052,-0.012359620005664816,0.016479492229201986,0.0,0.013732910746843872,78.21502791736398,-75.69539220238808,87.86500998860258,-102.89965453481645,-95.17326800849689,351.00770339001696,0.0,0.0,0.0,0.0,0.0,0.0,0.0336456336081028,-1.9581758975982666,-1.8788506984710693,-0.9455497860908508,-0.07385359704494476,-0.017903901636600494,-2.6056369177447562e-17,-1.3249893081149904,-1.3532303269093235,-0.5659490727397369,-0.03939408057771185,0.0,33.77998352050781,36.609981536865234,38.769981384277344,40.680015563964844,43.129981994628906,40.949981689453125,-0.008972168900072575,-0.8792725801467896,-1.5204660892486572,-0.6501354575157166,-0.1018284410238266,-0.0839245393872261,253,253,253,253,253,253,0.02760601237601769,-0.36852380695765197,0.20799349458636962,-0.0694797453075089,-3.0542758069728837,-0.004501964148012802,0.027636615385685098,-0.36853860985186876,0.207959488057952,-0.06926193482548451,-3.05441529506927,-0.0045048468265155945,4.708086517576091e-8,-0.0000014754358597079561,0.0000019970110088709276,0.000002346971399105828,0.00003379116443745309,0.00001828767795727037,0,0,0,0,0,0,1.26350879329836,-2.4030721620351585,-13.336193485974245,-0.7491940668146357,0.37016637149668924,-0.4505791329670696,7,1,3,1,2,48.19097137451172,48.19097137451172,0.6445291042327881,0,0,0.0040280818939208984,0.0040280818939208984,0.004000000189989805,0.004000000189989805,1,1,0,1,7,0,false,false,100.4000015258789,113,-3,280,55,105,1357,,,,1775568896229,1775568896229,,,,,,,,,,,,,,,
1776085913789,002c2969-c559-4f02-85a2-f2403051e800,0,78.21261912922107,-75.70050651571273,87.86322563396386,-102.8940850734181,-95.18083440599274,351.0135028061702,0.0,-0.019775390341537052,-0.012359620005664816,0.016479492229201986,0.0,0.013732910746843872,78.21502791736398,-75.69539220238808,87.86500998860258,-102.89965453481645,-95.17326800849689,351.00770339001696,0.0,0.0,0.0,0.0,0.0,0.0,0.0336456336081028,-1.9581758975982666,-1.8788506984710693,-0.9455497860908508,-0.07385359704494476,-0.017903901636600494,-2.6056369177447562e-17,-1.3249893081149904,-1.3532303269093235,-0.5659490727397369,-0.03939408057771185,0.0,33.77998352050781,36.609981536865234,38.769981384277344,40.680015563964844,43.129981994628906,40.949981689453125,-0.008972168900072575,-0.8792725801467896,-1.5204660892486572,-0.6501354575157166,-0.1018284410238266,-0.0839245393872261,253,253,253,253,253,253,0.02760601237601769,-0.36852380695765197,0.20799349458636962,-0.0694797453075089,-3.0542758069728837,-0.004501964148012802,0.027636615385685098,-0.36853860985186876,0.207959488057952,-0.06926193482548451,-3.05441529506927,-0.0045048468265155945,4.708086517576091e-8,-0.0000014754358597079561,0.0000019970110088709276,0.000002346971399105828,0.00003379116443745309,0.00001828767795727037,0,0,0,0,0,0,1.26350879329836,-2.4030721620351585,-13.336193485974245,-0.7491940668146357,0.37016637149668924,-0.4505791329670696,7,1,3,1,2,48.19097137451172,48.19097137451172,0.6445291042327881,0,0,0.0040280818939208984,0.0040280818939208984,0.004000000189989805,0.004000000189989805,1,1,0,1,7,0,false,false,100.4000015258789,113,-3,280,55,105,1357,,,,1775568896229,1775568896229,,,,,,,,,,,,,,,
1776085913798,002c2969-c559-4f02-85a2-f2403051e800,0,78.21467501616125,-75.70118953462973,87.86322563396386,-102.8954511112521,-95.18495984025142,351.0135028061702,0.0,-0.015380858969248078,-0.010986328430722432,0.015106202321786255,0.0,0.012359620005664816,78.21502791736398,-75.69539220238808,87.86500998860258,-102.89965453481645,-95.17326800849689,351.00770339001696,0.0,0.0,0.0,0.0,0.0,0.0,0.0358886756002903,-1.897613763809204,-1.8788506984710693,-0.9589777588844299,-0.067139632999897,-0.021260883659124374,-2.6056369177447562e-17,-1.3249893081149904,-1.3532303269093235,-0.5659490727397369,-0.03939408057771185,0.0,33.77998352050781,36.609981536865234,38.769981384277344,40.680015563964844,43.129981994628906,40.949981689453125,-0.008972168900072575,-0.8792725801467896,-1.5204660892486572,-0.6501354575157166,-0.1018284410238266,-0.0839245393872261,253,253,253,253,253,253,0.027610113289133625,-0.3685330160881864,0.20799649070565773,-0.06938975051259566,-3.0542856185844514,-0.0044652407954191035,0.027636615385685098,-0.36853860985186876,0.207959488057952,-0.06926193482548451,-3.05441529506927,-0.0045048468265155945,4.708086517576091e-8,-0.0000014754358597079561,0.0000019970110088709276,0.000002346971399105828,0.00003379116443745309,0.00001828767795727037,0,0,0,0,0,0,1.26350879329836,-2.4030721620351585,-13.336193485974245,-0.7491940668146357,0.37016637149668924,-0.4505791329670696,7,1,3,1,2,48.19097137451172,48.19097137451172,0.6445291042327881,0,0,0.0040280818939208984,0.0040280818939208984,0.004000000189989805,0.004000000189989805,1,1,0,1,7,0,false,false,100.4000015258789,113,-3,280,55,105,1357,,,,1775568896229,1775568896229,,,,,,,,,,,,,,,
1776085913807,002c2969-c559-4f02-85a2-f2403051e800,0,78.21467501616125,-75.70118953462973,87.86322563396386,-102.8954511112521,-95.18495984025142,351.0135028061702,0.0,-0.015380858969248078,-0.010986328430722432,0.015106202321786255,0.0,0.012359620005664816,78.21502791736398,-75.69539220238808,87.86500998860258,-102.89965453481645,-95.17326800849689,351.00770339001696,0.0,0.0,0.0,0.0,0.0,0.0,0.0358886756002903,-1.897613763809204,-1.8788506984710693,-0.9589777588844299,-0.067139632999897,-0.021260883659124374,-2.6056369177447562e-17,-1.3249893081149904,-1.3532303269093235,-0.5659490727397369,-0.03939408057771185,0.0,33.77998352050781,36.609981536865234,38.769981384277344,40.680015563964844,43.129981994628906,40.949981689453125,-0.008972168900072575,-0.8792725801467896,-1.5204660892486572,-0.6501354575157166,-0.1018284410238266,-0.0839245393872261,253,253,253,253,253,253,0.027610113289133625,-0.3685330160881864,0.20799649070565773,-0.06938975051259566,-3.0542856185844514,-0.0044652407954191035,0.027636615385685098,-0.36853860985186876,0.207959488057952,-0.06926193482548451,-3.05441529506927,-0.0045048468265155945,4.708086517576091e-8,-0.0000014754358597079561,0.0000019970110088709276,0.000002346971399105828,0.00003379116443745309,0.00001828767795727037,0,0,0,0,0,0,1.26350879329836,-2.4030721620351585,-13.336193485974245,-0.7491940668146357,0.37016637149668924,-0.4505791329670696,7,1,3,1,2,48.19097137451172,48.19097137451172,0.6445291042327881,0,0,0.0040280818939208984,0.0040280818939208984,0.004000000189989805,0.004000000189989805,1,1,0,1,7,0,false,false,100.4000015258789,113,-3,280,55,105,1357,,,,1775568896229,1775568896229,,,,,,,,,,,,,,,
1776085913817,002c2969-c559-4f02-85a2-f2403051e800,0,78.21536486526742,-75.69982349679573,87.86185959612986,-102.8961341301691,-95.18151742490974,351.0093773719115,0.0,-0.013183594116866919,-0.010986328430722432,0.013732910746843872,0.0,0.010986328430722432,78.21502791736398,-75.69539220238808,87.86500998860258,-102.89965453481645,-95.17326800849689,351.00770339001696,0.0,0.0,0.0,0.0,0.0,0.0,0.0358886756002903,-1.8998568058013916,-1.8773256540298462,-0.991428554058075,-0.07609158009290695,-0.024617865681648254,-2.6056369177447562e-17,-1.3249893081149904,-1.3532303269093235,-0.5659490727397369,-0.03939408057771185,0.0,33.77998352050781,36.609981536865234,38.769981384277344,40.680015563964844,43.129981994628906,40.949981689453125,-0.008972168900072575,-0.8792725801467896,-1.5204660892486572,-0.6501354575157166,-0.1018284410238266,-0.0839245393872261,253,253,253,253,253,253,0.027620096739086598,-0.3685317719102533,0.2079995533476262,-0.06929968073814714,-3.0542599292125057,-0.00443508522999152,0.027636615385685098,-0.36853860985186876,0.207959488057952,-0.06926193482548451,-3.05441529506927,-0.0045048468265155945,4.708086517576091e-8,-0.0000014754358597079561,0.0000019970110088709276,0.000002346971399105828,0.00003379116443745309,0.00001828767795727037,0,0,0,0,0,0,1.26350879329836,-2.4030721620351585,-13.336193485974245,-0.7491940668146357,0.37016637149668924,-0.4505791329670696,7,1,3,1,2,48.19097137451172,48.19097137451172,0.6445291042327881,0,0,0.0040280818939208984,0.0040280818939208984,0.004000000189989805,0.004000000189989805,1,1,0,1,7,0,false,false,100.4000015258789,113,-3,280,55,105,1357,,,,1775568896229,1775568896229,,,,,,,,,,,,,,,
1776085913827,002c2969-c559-4f02-85a2-f2403051e800,0,78.21536486526742,-75.69982349679573,87.86185959612986,-102.8961341301691,-95.18151742490974,351.0093773719115,0.0,-0.013183594116866919,-0.010986328430722432,0.013732910746843872,0.0,0.010986328430722432,78.21502791736398,-75.69539220238808,87.86500998860258,-102.89965453481645,-95.17326800849689,351.00770339001696,0.0,0.0,0.0,0.0,0.0,0.0,0.0358886756002903,-1.8998568058013916,-1.8773256540298462,-0.991428554058075,-0.07609158009290695,-0.024617865681648254,-2.6056369177447562e-17,-1.3249893081149904,-1.3532303269093235,-0.5659490727397369,-0.03939408057771185,0.0,33.77998352050781,36.609981536865234,38.769981384277344,40.680015563964844,43.129981994628906,40.949981689453125,-0.008972168900072575,-0.8792725801467896,-1.5204660892486572,-0.6501354575157166,-0.1018284410238266,-0.0839245393872261,253,253,253,253,253,253,0.027620096739086598,-0.3685317719102533,0.2079995533476262,-0.06929968073814714,-3.0542599292125057,-0.00443508522999152,0.027636615385685098,-0.36853860985186876,0.207959488057952,-0.06926193482548451,-3.05441529506927,-0.0045048468265155945,4.708086517576091e-8,-0.0000014754358597079561,0.0000019970110088709276,0.000002346971399105828,0.00003379116443745309,0.00001828767795727037,0,0,0,0,0,0,1.26350879329836,-2.4030721620351585,-13.336193485974245,-0.7491940668146357,0.37016637149668924,-0.4505791329670696,7,1,3,1,2,48.19097137451172,48.19097137451172,0.6445291042327881,0,0,0.0040280818939208984,0.0040280818939208984,0.004000000189989805,0.004000000189989805,1,1,0,1,7,0,false,false,100.4000015258789,113,-3,280,55,105,1357,,,,1775568896229,1775568896229,,,,,,,,,,,,,,,
1776085913836,002c2969-c559-4f02-85a2-f2403051e800,0,78.21399199724425,-75.69982349679573,87.86117657721286,-102.89135299775009,-95.18359380241742,351.0100603908285,0.0,-0.012084960856913013,-0.009613037689543375,0.013732910746843872,0.0,0.010986328430722432,78.21502791736398,-75.69539220238808,87.86500998860258,-102.89965453481645,-95.17326800849689,351.00770339001696,0.0,0.0,0.0,0.0,0.0,0.0,0.0291595496237278,-1.924530267715454,-1.875800609588623,-0.9724056720733643,-0.05818767845630646,-0.022379877045750618,-2.6056369177447562e-17,-1.3249893081149904,-1.3532303269093235,-0.5659490727397369,-0.03939408057771185,0.0,33.77998352050781,36.609981536865234,38.769981384277344,40.680015563964844,43.129981994628906,40.949981689453125,-0.008972168900072575,-0.8792725801467896,-1.5204660892486572,-0.6501354575157166,-0.1018284410238266,-0.0839245393872261,253,253,253,253,253,253,0.027608271471882998,-0.3685224522649747,0.2079962530256244,-0.06934904893243188,-3.0542356800551858,-0.004553230549563202,0.027636615385685098,-0.36853860985186876,0.207959488057952,-0.06926193482548451,-3.05441529506927,-0.0045048468265155945,4.708086517576091e-8,-0.0000014754358597079561,0.0000019970110088709276,0.000002346971399105828,0.00003379116443745309,0.00001828767795727037,0,0,0,0,0,0,1.26350879329836,-2.4030721620351585,-13.336193485974245,-0.7491940668146357,0.37016637149668924,-0.4505791329670696,7,1,3,1,2,48.19097137451172,48.19097137451172,0.6445291042327881,0,0,0.0040280818939208984,0.0040280818939208984,0.004000000189989805,0.004000000189989805,1,1,0,1,7,0,false,false,100.4000015258789,113,-3,280,55,105,1357,,,,1775568896229,1775568896229,,,,,,,,,,,,,,,
1776085913844,002c2969-c559-4f02-85a2-f2403051e800,0,78.21399199724425,-75.69982349679573,87.86117657721286,-102.89135299775009,-95.18359380241742,351.0100603908285,0.0,-0.012084960856913013,-0.009613037689543375,0.013732910746843872,0.0,0.010986328430722432,78.21502791736398,-75.69539220238808,87.86500998860258,-102.89965453481645,-95.17326800849689,351.00770339001696,0.0,0.0,0.0,0.0,0.0,0.0,0.0291595496237278,-1.924530267715454,-1.875800609588623,-0.9724056720733643,-0.05818767845630646,-0.022379877045750618,-2.6056369177447562e-17,-1.3249893081149904,-1.3532303269093235,-0.5659490727397369,-0.03939408057771185,0.0,33.77998352050781,36.609981536865234,38.769981384277344,40.680015563964844,43.129981994628906,40.949981689453125,-0.008972168900072575,-0.8792725801467896,-1.5204660892486572,-0.6501354575157166,-0.1018284410238266,-0.0839245393872261,253,253,253,253,253,253,0.027608271471882998,-0.3685224522649747,0.2079962530256244,-0.06934904893243188,-3.0542356800551858,-0.004553230549563202,0.027636615385685098,-0.36853860985186876,0.207959488057952,-0.06926193482548451,-3.05441529506927,-0.0045048468265155945,4.708086517576091e-8,-0.0000014754358597079561,0.0000019970110088709276,0.000002346971399105828,0.00003379116443745309,0.00001828767795727037,0,0,0,0,0,0,1.26350879329836,-2.4030721620351585,-13.336193485974245,-0.7491940668146357,0.37016637149668924,-0.4505791329670696,7,1,3,1,2,48.19097137451172,48.19097137451172,0.6445291042327881,0,0,0.0040280818939208984,0.0040280818939208984,0.004000000189989805,0.004000000189989805,1,1,0,1,7,0,false,false,100.4000015258789,113,-3,280,55,105,1357,,,,1775568896229,1775568896229,,,,,,,,,,,,,,,
1776085913853,002c2969-c559-4f02-85a2-f2403051e800,0,78.21261912922107,-75.69845745896173,87.85910019970518,-102.8947680923351,-95.17946836815874,351.01074340974554,0.0,-0.010986328430722432,-0.009613037689543375,0.012359620005664816,0.0,0.009613037689543375,78.21502791736398,-75.69539220238808,87.86500998860258,-102.89965453481645,-95.17326800849689,351.00770339001696,0.0,0.0,0.0,0.0,0.0,0.0,0.0336456336081028,-1.978363275527954,-1.8742755651474,-0.9891905784606934,-0.034688808023929596,-0.017903901636600494,-2.6056369177447562e-17,-1.3249893081149904,-1.3532303269093235,-0.5659490727397369,-0.03939408057771185,0.0,33.77998352050781,36.609981536865234,38.769981384277344,40.680015563964844,43.129981994628906,40.949981689453125,-0.008972168900072575,-0.8792725801467896,-1.5204660892486572,-0.6501354575157166,-0.1018284410238266,-0.0839245393872261,253,253,253,253,253,253,0.027605877764037626,-0.3685407280335005,0.20800282519707072,-0.06940964283306306,-3.0542927599595857,-0.0044262027286847815,0.027636615385685098,-0.36853860985186876,0.207959488057952,-0.06926193482548451,-3.05441529506927,-0.0045048468265155945,4.708086517576091e-8,-0.0000014754358597079561,0.0000019970110088709276,0.000002346971399105828,0.00003379116443745309,0.00001828767795727037,0,0,0,0,0,0,1.26350879329836,-2.4030721620351585,-13.336193485974245,-0.7491940668146357,0.37016637149668924,-0.4505791329670696,7,1,3,1,2,48.19097137451172,48.19097137451172,0.6445291042327881,0,0,0.0040280818939208984,0.0040280818939208984,0.004000000189989805,0.004000000189989805,1,1,0,1,7,0,false,false,100.4000015258789,113,-3,280,55,105,1357,,,,1775568896229,1775568896229,,,,,,,,,,,,,,,
1776085913863,002c2969-c559-4f02-85a2-f2403051e800,0,78.21261912922107,-75.69845745896173,87.85910019970518,-102.8947680923351,-95.17946836815874,351.01074340974554,0.0,-0.010986328430722432,-0.009613037689543375,0.012359620005664816,0.0,0.009613037689543375,78.21502791736398,-75.69539220238808,87.86500998860258,-102.89965453481645,-95.17326800849689,351.00770339001696,0.0,0.0,0.0,0.0,0.0,0.0,0.0336456336081028,-1.978363275527954,-1.8742755651474,-0.9891905784606934,-0.034688808023929596,-0.017903901636600494,-2.6056369177447562e-17,-1.3249893081149904,-1.3532303269093235,-0.5659490727397369,-0.03939408057771185,0.0,33.77998352050781,36.609981536865234,38.769981384277344,40.680015563964844,43.129981994628906,40.949981689453125,-0.008972168900072575,-0.8792725801467896,-1.5204660892486572,-0.6501354575157166,-0.1018284410238266,-0.0839245393872261,253,253,253,253,253,253,0.027605877764037626,-0.3685407280335005,0.20800282519707072,-0.06940964283306306,-3.0542927599595857,-0.0044262027286847815,0.027636615385685098,-0.36853860985186876,0.207959488057952,-0.06926193482548451,-3.05441529506927,-0.0045048468265155945,4.708086517576091e-8,-0.0000014754358597079561,0.0000019970110088709276,0.000002346971399105828,0.00003379116443745309,0.00001828767795727037,0,0,0,0,0,0,1.26350879329836,-2.4030721620351585,-13.336193485974245,-0.7491940668146357,0.37016637149668924,-0.4505791329670696,7,1,3,1,2,48.19097137451172,48.19097137451172,0.6445291042327881,0,0,0.0040280818939208984,0.0040280818939208984,0.004000000189989805,0.004000000189989805,1,1,0,1,7,0,false,false,100.4000015258789,113,-3,280,55,105,1357,,,,1775568896229,1775568896229,,,,,,,,,,,,,,,
1776085913872,002c2969-c559-4f02-85a2-f2403051e800,0,78.21604788418442,-75.70050651571273,87.86117657721286,-102.8940850734181,-95.18015138707574,351.0135028061702,0.0,-0.009887695170768526,-0.009613037689543375,0.010986328430722432,0.0,0.009613037689543375,78.21502791736398,-75.69539220238808,87.86500998860258,-102.89965453481645,-95.17326800849689,351.00770339001696,0.0,0.0,0.0,0.0,0.0,0.0,0.0381317175924778,-1.9267733097076416,-1.8697004318237305,-0.9780006408691406,-0.027974845841526985,-0.017903901636600494,-2.6056369177447562e-17,-1.3249893081149904,-1.3532303269093235,-0.5659490727397369,-0.03939408057771185,0.0,33.77998352050781,36.609981536865234,38.769981384277344,40.680015563964844,43.129981994628906,40.949981689453125,-0.008972168900072575,-0.8792725801467896,-1.5204660892486572,-0.6501354575157166,-0.1018284410238266,-0.0839245393872261,253,253,253,253,253,253,0.027628380829323233,-0.3685287973435188,0.20800392118609198,-0.06939073113744625,-3.0542832682642667,-0.004440988884771586,0.027636615385685098,-0.36853860985186876,0.207959488057952,-0.06926193482548451,-3.05441529506927,-0.0045048468265155945,4.708086517576091e-8,-0.0000014754358597079561,0.0000019970110088709276,0.000002346971399105828,0.00003379116443745309,0.00001828767795727037,0,0,0,0,0,0,1.26350879329836,-2.4030721620351585,-13.336193485974245,-0.7491940668146357,0.37016637149668924,-0.4505791329670696,7,1,3,1,2,48.19097137451172,48.19097137451172,0.6445291042327881,0,0,0.0040280818939208984,0.0040280818939208984,0.004000000189989805,0.004000000189989805,1,1,0,1,7,0,false,false,100.4000015258789,113,-3,280,55,105,1357,,,,1775568896229,1775568896229,,,,,,,,,,,,,,,
1776085913882,002c2969-c559-4f02-85a2-f2403051e800,0,78.21604788418442,-75.70050651571273,87.86117657721286,-102.8940850734181,-95.18015138707574,351.0135028061702,0.0,-0.009887695170768526,-0.009613037689543375,0.010986328430722432,0.0,0.009613037689543375,78.21502791736398,-75.69539220238808,87.86500998860258,-102.89965453481645,-95.17326800849689,351.00770339001696,0.0,0.0,0.0,0.0,0.0,0.0,0.0381317175924778,-1.9267733097076416,-1.8697004318237305,-0.9780006408691406,-0.027974845841526985,-0.017903901636600494,-2.6056369177447562e-17,-1.3249893081149904,-1.3532303269093235,-0.5659490727397369,-0.03939408057771185,0.0,33.77998352050781,36.609981536865234,38.769981384277344,40.680015563964844,43.129981994628906,40.949981689453125,-0.008972168900072575,-0.8792725801467896,-1.5204660892486572,-0.6501354575157166,-0.1018284410238266,-0.0839245393872261,253,253,253,253,253,253,0.027628380829323233,-0.3685287973435188,0.20800392118609198,-0.06939073113744625,-3.0542832682642667,-0.004440988884771586,0.027636615385685098,-0.36853860985186876,0.207959488057952,-0.06926193482548451,-3.05441529506927,-0.0045048468265155945,4.708086517576091e-8,-0.0000014754358597079561,0.0000019970110088709276,0.000002346971399105828,0.00003379116443745309,0.00001828767795727037,0,0,0,0,0,0,1.26350879329836,-2.4030721620351585,-13.336193485974245,-0.7491940668146357,0.37016637149668924,-0.4505791329670696,7,1,3,1,2,48.19097137451172,48.19097137451172,0.6445291042327881,0,0,0.0040280818939208984,0.0040280818939208984,0.004000000189989805,0.004000000189989805,1,1,0,1,7,0,false,false,100.4000015258789,113,-3,280,55,105,1357,,,,1775568896229,1775568896229,,,,,,,,,,,,,,,
1776085913892,002c2969-c559-4f02-85a2-f2403051e800,0,78.21536486526742,-75.70189987430342,87.86117657721286,-102.8940850734181,-95.18151742490974,351.0114264286625,0.0,-0.008789062744577946,-0.008239746114600993,0.010986328430722432,0.0,0.009613037689543375,78.21502791736398,-75.69539220238808,87.86500998860258,-102.89965453481645,-95.17326800849689,351.00770339001696,0.0,0.0,0.0,0.0,0.0,0.0,0.0358886756002903,-1.870697259902954,-1.875800609588623,-1.0194034576416016,-0.01678490824997425,-0.021260883659124374,-2.6056369177447562e-17,-1.3249893081149904,-1.3532303269093235,-0.5659490727397369,-0.03939408057771185,0.0,33.77998352050781,36.609981536865234,38.769981384277344,40.680015563964844,43.129981994628906,40.949981689453125,-0.008972168900072575,-0.8792725801467896,-1.5204660892486572,-0.6501354575157166,-0.1018284410238266,-0.0839245393872261,253,253,253,253,253,253,0.027621075712796497,-0.36852713172869656,0.20801283716470007,-0.06935476881966979,-3.054256306229372,-0.00441410842413956,0.027636615385685098,-0.36853860985186876,0.207959488057952,-0.06926193482548451,-3.05441529506927,-0.0045048468265155945,4.708086517576091e-8,-0.0000014754358597079561,0.0000019970110088709276,0.000002346971399105828,0.00003379116443745309,0.00001828767795727037,0,0,0,0,0,0,1.26350879329836,-2.4030721620351585,-13.336193485974245,-0.7491940668146357,0.37016637149668924,-0.4505791329670696,7,1,3,1,2,48.19097137451172,48.19097137451172,0.6445291042327881,0,0,0.0040280818939208984,0.0040280818939208984,0.004000000189989805,0.004000000189989805,1,1,0,1,7,0,false,false,100.4000015258789,113,-3,280,55,105,1357,,,,1775568896229,1775568896229,,,,,,,,,,,,,,,
1776085913901,002c2969-c559-4f02-85a2-f2403051e800,0,78.21536486526742,-75.70189987430342,87.86117657721286,-102.8940850734181,-95.18151742490974,351.0114264286625,0.0,-0.008789062744577946,-0.008239746114600993,0.010986328430722432,0.0,0.009613037689543375,78.21502791736398,-75.69539220238808,87.86500998860258,-102.89965453481645,-95.17326800849689,351.00770339001696,0.0,0.0,0.0,0.0,0.0,0.0,0.0358886756002903,-1.870697259902954,-1.875800609588623,-1.0194034576416016,-0.01678490824997425,-0.021260883659124374,-2.6056369177447562e-17,-1.3249893081149904,-1.3532303269093235,-0.5659490727397369,-0.03939408057771185,0.0,33.77998352050781,36.609981536865234,38.769981384277344,40.680015563964844,43.129981994628906,40.949981689453125,-0.008972168900072575,-0.8792725801467896,-1.5204660892486572,-0.6501354575157166,-0.1018284410238266,-0.0839245393872261,253,253,253,253,253,253,0.027621075712796497,-0.36852713172869656,0.20801283716470007,-0.06935476881966979,-3.054256306229372,-0.00441410842413956,0.027636615385685098,-0.36853860985186876,0.207959488057952,-0.06926193482548451,-3.05441529506927,-0.0045048468265155945,4.708086517576091e-8,-0.0000014754358597079561,0.0000019970110088709276,0.000002346971399105828,0.00003379116443745309,0.00001828767795727037,0,0,0,0,0,0,1.26350879329836,-2.4030721620351585,-13.336193485974245,-0.7491940668146357,0.37016637149668924,-0.4505791329670696,7,1,3,1,2,48.19097137451172,48.19097137451172,0.6445291042327881,0,0,0.0040280818939208984,0.0040280818939208984,0.004000000189989805,0.004000000189989805,1,1,0,1,7,0,false,false,100.4000015258789,113,-3,280,55,105,1357,,,,1775568896229,1775568896229,,,,,,,,,,,,,,,
1776085913910,002c2969-c559-4f02-85a2-f2403051e800,0,78.21536486526742,-75.70189987430342,87.86117657721286,-102.8940850734181,-95.18151742490974,351.0114264286625,0.0,-0.008789062744577946,-0.008239746114600993,0.010986328430722432,0.0,0.009613037689543375,78.21502791736398,-75.69539220238808,87.86500998860258,-102.89965453481645,-95.17326800849689,351.00770339001696,0.0,0.0,0.0,0.0,0.0,0.0,0.0358886756002903,-1.870697259902954,-1.875800609588623,-1.0194034576416016,-0.01678490824997425,-0.021260883659124374,-2.6056369177447562e-17,-1.3249893081149904,-1.3532303269093235,-0.5659490727397369,-0.03939408057771185,0.0,33.77998352050781,36.609981536865234,38.769981384277344,40.680015563964844,43.129981994628906,40.949981689453125,-0.008972168900072575,-0.8792725801467896,-1.5204660892486572,-0.6501354575157166,-0.1018284410238266,-0.0839245393872261,253,253,253,253,253,253,0.027621075712796497,-0.36852713172869656,0.20801283716470007,-0.06935476881966979,-3.054256306229372,-0.00441410842413956,0.027636615385685098,-0.36853860985186876,0.207959488057952,-0.06926193482548451,-3.05441529506927,-0.0045048468265155945,4.708086517576091e-8,-0.0000014754358597079561,0.0000019970110088709276,0.000002346971399105828,0.00003379116443745309,0.00001828767795727037,0,0,0,0,0,0,1.26350879329836,-2.4030721620351585,-13.336193485974245,-0.7491940668146357,0.37016637149668924,-0.4505791329670696,7,1,3,1,2,48.19097137451172,48.19097137451172,0.6445291042327881,0,0,0.0040280818939208984,0.0040280818939208984,0.004000000189989805,0.004000000189989805,1,1,0,1,7,0,false,false,100.4000015258789,113,-3,280,55,105,1357,,,,1775568896229,1775568896229,,,,,,,,,,,,,,,
1776085913920,002c2969-c559-4f02-85a2-f2403051e800,0,78.21126675176541,-75.69777444004472,87.86046623753919,-102.8940850734181,-95.18083440599274,351.0128197872532,0.0,-0.007690429484624039,-0.008239746114600993,0.009613037689543375,0.0,0.008239746114600993,78.21502791736398,-75.69539220238808,87.86500998860258,-102.89965453481645,-95.17326800849689,351.00770339001696,0.0,0.0,0.0,0.0,0.0,0.0,0.0336456336081028,-1.933502435684204,-1.8803757429122925,-1.016046404838562,-0.008951950818300247,-0.021260883659124374,-2.6056369177447562e-17,-1.3249893081149904,-1.3532303269093235,-0.5659490727397369,-0.03939408057771185,0.0,33.77998352050781,36.609981536865234,38.769981384277344,40.680015563964844,43.129981994628906,40.949981689453125,-0.008972168900072575,-0.8792725801467896,-1.5204660892486572,-0.6501354575157166,-0.1018284410238266,-0.0839245393872261,253,253,253,253,253,253,0.027595026009493318,-0.36853558427146016,0.20799079237795215,-0.0694977153365327,-3.0542756413120764,-0.004503523467667023,0.027636615385685098,-0.36853860985186876,0.207959488057952,-0.06926193482548451,-3.05441529506927,-0.0045048468265155945,4.708086517576091e-8,-0.0000014754358597079561,0.0000019970110088709276,0.000002346971399105828,0.00003379116443745309,0.00001828767795727037,0,0,0,0,0,0,1.26350879329836,-2.4030721620351585,-13.336193485974245,-0.7491940668146357,0.37016637149668924,-0.4505791329670696,7,1,3,1,2,48.19097137451172,48.19097137451172,0.6445291042327881,0,0,0.0040280818939208984,0.0040280818939208984,0.004000000189989805,0.004000000189989805,1,1,0,1,7,0,false,false,100.4000015258789,113,-3,280,55,105,1357,,,,1775568896229,1775568896229,,,,,,,,,,,,,,,
1776085913930,002c2969-c559-4f02-85a2-f2403051e800,0,78.21126675176541,-75.69777444004472,87.86046623753919,-102.8940850734181,-95.18083440599274,351.0128197872532,0.0,-0.007690429484624039,-0.008239746114600993,0.009613037689543375,0.0,0.008239746114600993,78.21502791736398,-75.69539220238808,87.86500998860258,-102.89965453481645,-95.17326800849689,351.00770339001696,0.0,0.0,0.0,0.0,0.0,0.0,0.0336456336081028,-1.933502435684204,-1.8803757429122925,-1.016046404838562,-0.008951950818300247,-0.021260883659124374,-2.6056369177447562e-17,-1.3249893081149904,-1.3532303269093235,-0.5659490727397369,-0.03939408057771185,0.0,33.77998352050781,36.609981536865234,38.769981384277344,40.680015563964844,43.129981994628906,40.949981689453125,-0.008972168900072575,-0.8792725801467896,-1.5204660892486572,-0.6501354575157166,-0.1018284410238266,-0.0839245393872261,253,253,253,253,253,253,0.027595026009493318,-0.36853558427146016,0.20799079237795215,-0.0694977153365327,-3.0542756413120764,-0.004503523467667023,0.027636615385685098,-0.36853860985186876,0.207959488057952,-0.06926193482548451,-3.05441529506927,-0.0045048468265155945,4.708086517576091e-8,-0.0000014754358597079561,0.0000019970110088709276,0.000002346971399105828,0.00003379116443745309,0.00001828767795727037,0,0,0,0,0,0,1.26350879329836,-2.4030721620351585,-13.336193485974245,-0.7491940668146357,0.37016637149668924,-0.4505791329670696,7,1,3,1,2,48.19097137451172,48.19097137451172,0.6445291042327881,0,0,0.0040280818939208984,0.0040280818939208984,0.004000000189989805,0.004000000189989805,1,1,0,1,7,0,false,false,100.4000015258789,113,-3,280,55,105,1357,,,,1775568896229,1775568896229,,,,,,,,,,,,,,,
1776085913939,002c2969-c559-4f02-85a2-f2403051e800,0,78.21126675176541,-75.69777444004472,87.86046623753919,-102.8940850734181,-95.18083440599274,351.0128197872532,0.0,-0.007690429484624039,-0.008239746114600993,0.009613037689543375,0.0,0.008239746114600993,78.21502791736398,-75.69539220238808,87.86500998860258,-102.89965453481645,-95.17326800849689,351.00770339001696,0.0,0.0,0.0,0.0,0.0,0.0,0.0336456336081028,-1.933502435684204,-1.8803757429122925,-1.016046404838562,-0.008951950818300247,-0.021260883659124374,-2.6056369177447562e-17,-1.3249893081149904,-1.3532303269093235,-0.5659490727397369,-0.03939408057771185,0.0,33.77998352050781,36.609981536865234,38.769981384277344,40.680015563964844,43.129981994628906,40.949981689453125,-0.008972168900072575,-0.8792725801467896,-1.5204660892486572,-0.6501354575157166,-0.1018284410238266,-0.0839245393872261,253,253,253,253,253,253,0.027595026009493318,-0.36853558427146016,0.20799079237795215,-0.0694977153365327,-3.0542756413120764,-0.004503523467667023,0.027636615385685098,-0.36853860985186876,0.207959488057952,-0.06926193482548451,-3.05441529506927,-0.0045048468265155945,4.708086517576091e-8,-0.0000014754358597079561,0.0000019970110088709276,0.000002346971399105828,0.00003379116443745309,0.00001828767795727037,0,0,0,0,0,0,1.26350879329836,-2.4030721620351585,-13.336193485974245,-0.7491940668146357,0.37016637149668924,-0.4505791329670696,7,1,3,1,2,48.19097137451172,48.19097137451172,0.6445291042327881,0,0,0.0040280818939208984,0.0040280818939208984,0.004000000189989805,0.004000000189989805,1,1,0,1,7,0,false,false,100.4000015258789,113,-3,280,55,105,1357,,,,1775568896229,1775568896229,,,,,,,,,,,,,,,
1776085913949,002c2969-c559-4f02-85a2-f2403051e800,0,78.21126675176541,-75.69777444004472,87.86046623753919,-102.8940850734181,-95.18083440599274,351.0128197872532,0.0,-0.007690429484624039,-0.008239746114600993,0.009613037689543375,0.0,0.008239746114600993,78.21502791736398,-75.69539220238808,87.86500998860258,-102.89965453481645,-95.17326800849689,351.00770339001696,0.0,0.0,0.0,0.0,0.0,0.0,0.0336456336081028,-1.933502435684204,-1.8803757429122925,-1.016046404838562,-0.008951950818300247,-0.021260883659124374,-2.6056369177447562e-17,-1.3249893081149904,-1.3532303269093235,-0.5659490727397369,-0.03939408057771185,0.0,33.77998352050781,36.609981536865234,38.769981384277344,40.680015563964844,43.129981994628906,40.949981689453125,-0.008972168900072575,-0.8792725801467896,-1.5204660892486572,-0.6501354575157166,-0.1018284410238266,-0.0839245393872261,253,253,253,253,253,253,0.027595026009493318,-0.36853558427146016,0.20799079237795215,-0.0694977153365327,-3.0542756413120764,-0.004503523467667023,0.027636615385685098,-0.36853860985186876,0.207959488057952,-0.06926193482548451,-3.05441529506927,-0.0045048468265155945,4.708086517576091e-8,-0.0000014754358597079561,0.0000019970110088709276,0.000002346971399105828,0.00003379116443745309,0.00001828767795727037,0,0,0,0,0,0,1.26350879329836,-2.4030721620351585,-13.336193485974245,-0.7491940668146357,0.37016637149668924,-0.4505791329670696,7,1,3,1,2,48.19097137451172,48.19097137451172,0.6445291042327881,0,0,0.0040280818939208984,0.0040280818939208984,0.004000000189989805,0.004000000189989805,1,1,0,1,7,0,false,false,100.4000015258789,113,-3,280,55,105,1357,,,,1775568896229,1775568896229,,,,,,,,,,,,,,,
1776085913959,002c2969-c559-4f02-85a2-f2403051e800,0,78.21399199724425,-75.70189987430342,87.86254261504686,-102.8961341301691,-95.17875802848505,351.0121094475795,0.0,-0.006591797058433459,-0.006866455373421936,0.008239746114600993,0.0,0.008239746114600993,78.21502791736398,-75.69539220238808,87.86500998860258,-102.89965453481645,-95.17326800849689,351.00770339001696,0.0,0.0,0.0,0.0,0.0,0.0,0.0381317175924778,-1.9492037296295166,-1.8651254177093506,-1.041783332824707,0.02685585245490074,-0.02349887043237686,-2.6056369177447562e-17,-1.3249893081149904,-1.3532303269093235,-0.5659490727397369,-0.03939408057771185,0.0,33.77998352050781,36.609981536865234,38.769981384277344,40.680015563964844,43.129981994628906,40.949981689453125,-0.008972168900072575,-0.8792725801467896,-1.5204660892486572,-0.6501354575157166,-0.1018284410238266,-0.0839245393872261,253,253,253,253,253,253,0.02761857640281719,-0.36852966326861414,0.20800833275818478,-0.06941112255827274,-3.054300344416759,-0.0043839280868619235,0.027636615385685098,-0.36853860985186876,0.207959488057952,-0.06926193482548451,-3.05441529506927,-0.0045048468265155945,4.708086517576091e-8,-0.0000014754358597079561,0.0000019970110088709276,0.000002346971399105828,0.00003379116443745309,0.00001828767795727037,0,0,0,0,0,0,1.26350879329836,-2.4030721620351585,-13.336193485974245,-0.7491940668146357,0.37016637149668924,-0.4505791329670696,7,1,3,1,2,48.19097137451172,48.19097137451172,0.6445291042327881,0,0,0.0040280818939208984,0.0040280818939208984,0.004000000189989805,0.004000000189989805,1,1,0,1,7,0,false,false,100.4000015258789,113,-3,280,55,105,1357,,,,1775568896229,1775568896229,,,,,,,,,,,,,,,
1776085913968,002c2969-c559-4f02-85a2-f2403051e800,0,78.21399199724425,-75.70189987430342,87.86254261504686,-102.8961341301691,-95.17875802848505,351.0121094475795,0.0,-0.006591797058433459,-0.006866455373421936,0.008239746114600993,0.0,0.008239746114600993,78.21502791736398,-75.69539220238808,87.86500998860258,-102.89965453481645,-95.17326800849689,351.00770339001696,0.0,0.0,0.0,0.0,0.0,0.0,0.0381317175924778,-1.9492037296295166,-1.8651254177093506,-1.041783332824707,0.02685585245490074,-0.02349887043237686,-2.6056369177447562e-17,-1.3249893081149904,-1.3532303269093235,-0.5659490727397369,-0.03939408057771185,0.0,33.77998352050781,36.609981536865234,38.769981384277344,40.680015563964844,43.129981994628906,40.949981689453125,-0.008972168900072575,-0.8792725801467896,-1.5204660892486572,-0.6501354575157166,-0.1018284410238266,-0.0839245393872261,253,253,253,253,253,253,0.02761857640281719,-0.36852966326861414,0.20800833275818478,-0.06941112255827274,-3.054300344416759,-0.0043839280868619235,0.027636615385685098,-0.36853860985186876,0.207959488057952,-0.06926193482548451,-3.05441529506927,-0.0045048468265155945,4.708086517576091e-8,-0.0000014754358597079561,0.0000019970110088709276,0.000002346971399105828,0.00003379116443745309,0.00001828767795727037,0,0,0,0,0,0,1.26350879329836,-2.4030721620351585,-13.336193485974245,-0.7491940668146357,0.37016637149668924,-0.4505791329670696,7,1,3,1,2,48.19097137451172,48.19097137451172,0.6445291042327881,0,0,0.0040280818939208984,0.0040280818939208984,0.004000000189989805,0.004000000189989805,1,1,0,1,7,0,false,false,100.4000015258789,113,-3,280,55,105,1357,,,,1775568896229,1775568896229,,,,,,,,,,,,,,,
1776085913978,002c2969-c559-4f02-85a2-f2403051e800,0,78.21536486526742,-75.69914047787873,87.86046623753919,-102.89684446984279,-95.17946836815874,351.01074340974554,0.0,-0.006591797058433459,-0.006866455373421936,-0.008239746114600993,0.0,0.006866455373421936,78.21502791736398,-75.69539220238808,87.86500998860258,-102.89965453481645,-95.17326800849689,351.00770339001696,0.0,0.0,0.0,0.0,0.0,0.0,0.0336456336081028,-1.879669427871704,-1.8712254762649536,-1.0440212488174438,0.034688808023929596,-0.021260883659124374,-2.6056369177447562e-17,-1.3249893081149904,-1.3532303269093235,-0.5659490727397369,-0.03939408057771185,0.0,33.77998352050781,36.609981536865234,38.769981384277344,40.680015563964844,43.129981994628906,40.949981689453125,-0.008972168900072575,-0.8792725801467896,-1.5204660892486572,-0.6501354575157166,-0.1018284410238266,-0.0839245393872261,253,253,253,253,253,253,0.027623539005159077,-0.36853935434764895,0.2080031621041888,-0.06933817536686039,-3.054289976957613,-0.004386502175515343,0.027636615385685098,-0.36853860985186876,0.207959488057952,-0.06926193482548451,-3.05441529506927,-0.0045048468265155945,4.708086517576091e-8,-0.0000014754358597079561,0.0000019970110088709276,0.000002346971399105828,0.00003379116443745309,0.00001828767795727037,0,0,0,0,0,0,1.26350879329836,-2.4030721620351585,-13.336193485974245,-0.7491940668146357,0.37016637149668924,-0.4505791329670696,7,1,3,1,2,48.19097137451172,48.19097137451172,0.6445291042327881,0,0,0.0040280818939208984,0.0040280818939208984,0.004000000189989805,0.004000000189989805,1,1,0,1,7,0,false,false,100.4000015258789,113,-3,280,55,105,1357,,,,1775568896229,1775568896229,,,,,,,,,,,,,,,
1776085913987,002c2969-c559-4f02-85a2-f2403051e800,0,78.21536486526742,-75.69914047787873,87.86046623753919,-102.89684446984279,-95.17946836815874,351.01074340974554,0.0,-0.006591797058433459,-0.006866455373421936,-0.008239746114600993,0.0,0.006866455373421936,78.21502791736398,-75.69539220238808,87.86500998860258,-102.89965453481645,-95.17326800849689,351.00770339001696,0.0,0.0,0.0,0.0,0.0,0.0,0.0336456336081028,-1.879669427871704,-1.8712254762649536,-1.0440212488174438,0.034688808023929596,-0.021260883659124374,-2.6056369177447562e-17,-1.3249893081149904,-1.3532303269093235,-0.5659490727397369,-0.03939408057771185,0.0,33.77998352050781,36.609981536865234,38.769981384277344,40.680015563964844,43.129981994628906,40.949981689453125,-0.008972168900072575,-0.8792725801467896,-1.5204660892486572,-0.6501354575157166,-0.1018284410238266,-0.0839245393872261,253,253,253,253,253,253,0.027623539005159077,-0.36853935434764895,0.2080031621041888,-0.06933817536686039,-3.054289976957613,-0.004386502175515343,0.027636615385685098,-0.36853860985186876,0.207959488057952,-0.06926193482548451,-3.05441529506927,-0.0045048468265155945,4.708086517576091e-8,-0.0000014754358597079561,0.0000019970110088709276,0.000002346971399105828,0.00003379116443745309,0.00001828767795727037,0,0,0,0,0,0,1.26350879329836,-2.4030721620351585,-13.336193485974245,-0.7491940668146357,0.37016637149668924,-0.4505791329670696,7,1,3,1,2,48.19097137451172,48.19097137451172,0.6445291042327881,0,0,0.0040280818939208984,0.0040280818939208984,0.004000000189989805,0.004000000189989805,1,1,0,1,7,0,false,false,100.4000015258789,113,-3,280,55,105,1357,,,,1775568896229,1775568896229,,,,,,,,,,,,,,,
1776085913997,002c2969-c559-4f02-85a2-f2403051e800,0,78.21330214813807,-75.70050651571273,87.86322563396386,-102.89684446984279,-95.17946836815874,351.0121094475795,0.0,-0.005493164215361216,-0.006866455373421936,-0.008239746114600993,0.009613037689543375,0.006866455373421936,78.21502791736398,-75.69539220238808,87.86500998860258,-102.89965453481645,-95.17326800849689,351.00770339001696,0.0,0.0,0.0,0.0,0.0,0.0,0.0314025916159153,-1.888641595840454,-1.8727505207061768,-1.0787100791931152,0.05371170490980148,-0.021260883659124374,-2.6056369177447562e-17,-1.3249893081149904,-1.3532303269093235,-0.5659490727397369,-0.03939408057771185,0.0,33.77998352050781,36.609981536865234,38.769981384277344,40.680015563964844,43.129981994628906,40.949981689453125,-0.008972168900072575,-0.8792725801467896,-1.5204660892486572,-0.6501354575157166,-0.1018284410238266,-0.0839245393872261,253,253,253,253,253,253,0.027612279322745466,-0.36853053396230157,0.20799739796959013,-0.06942799961686356,-3.054292043474129,-0.004423915026761505,0.027636615385685098,-0.36853860985186876,0.207959488057952,-0.06926193482548451,-3.05441529506927,-0.0045048468265155945,4.708086517576091e-8,-0.0000014754358597079561,0.0000019970110088709276,0.000002346971399105828,0.00003379116443745309,0.00001828767795727037,0,0,0,0,0,0,1.26350879329836,-2.4030721620351585,-13.336193485974245,-0.7491940668146357,0.37016637149668924,-0.4505791329670696,7,1,3,1,2,48.19097137451172,48.19097137451172,0.6445291042327881,0,0,0.0040280818939208984,0.0040280818939208984,0.004000000189989805,0.004000000189989805,1,1,0,1,7,0,false,false,100.4000015258789,113,-3,280,55,105,1357,,,,1775568896229,1775568896229,,,,,,,,,,,,,,,
1776085914007,002c2969-c559-4f02-85a2-f2403051e800,0,78.21330214813807,-75.70050651571273,87.86322563396386,-102.89684446984279,-95.17946836815874,351.0121094475795,0.0,-0.005493164215361216,-0.006866455373421936,-0.008239746114600993,0.009613037689543375,0.006866455373421936,78.21502791736398,-75.69539220238808,87.86500998860258,-102.89965453481645,-95.17326800849689,351.00770339001696,0.0,0.0,0.0,0.0,0.0,0.0,0.0314025916159153,-1.888641595840454,-1.8727505207061768,-1.0787100791931152,0.05371170490980148,-0.021260883659124374,-2.6056369177447562e-17,-1.3249893081149904,-1.3532303269093235,-0.5659490727397369,-0.03939408057771185,0.0,33.77998352050781,36.609981536865234,38.769981384277344,40.680015563964844,43.129981994628906,40.949981689453125,-0.008972168900072575,-0.8792725801467896,-1.5204660892486572,-0.6501354575157166,-0.1018284410238266,-0.0839245393872261,253,253,253,253,253,253,0.027612279322745466,-0.36853053396230157,0.20799739796959013,-0.06942799961686356,-3.054292043474129,-0.004423915026761505,0.027636615385685098,-0.36853860985186876,0.207959488057952,-0.06926193482548451,-3.05441529506927,-0.0045048468265155945,4.708086517576091e-8,-0.0000014754358597079561,0.0000019970110088709276,0.000002346971399105828,0.00003379116443745309,0.00001828767795727037,0,0,0,0,0,0,1.26350879329836,-2.4030721620351585,-13.336193485974245,-0.7491940668146357,0.37016637149668924,-0.4505791329670696,7,1,3,1,2,48.19097137451172,48.19097137451172,0.6445291042327881,0,0,0.0040280818939208984,0.0040280818939208984,0.004000000189989805,0.004000000189989805,1,1,0,1,7,0,false,false,100.4000015258789,113,-3,280,55,105,1357,,,,1775568896229,1775568896229,,,,,,,,,,,,,,,
1776085914016,002c2969-c559-4f02-85a2-f2403051e800,0,78.21536486526742,-75.69777444004472,87.86185959612986,-102.89752748875979,-95.17463259422637,351.0135028061702,0.0,-0.005493164215361216,-0.006866455373421936,-0.008239746114600993,0.009613037689543375,-0.001373291053840304,78.21502791736398,-75.69539220238808,87.86500998860258,-102.89965453481645,-95.17326800849689,351.00770339001696,0.0,0.0,0.0,0.0,0.0,0.0,0.0426178015768528,-1.884155511856079,-1.8666504621505737,-1.0719960927963257,0.06937761604785919,-0.022379877045750618,-2.6056369177447562e-17,-1.3249893081149904,-1.3532303269093235,-0.5659490727397369,-0.03939408057771185,0.0,33.77998352050781,36.609981536865234,38.769981384277344,40.680015563964844,43.129981994628906,40.949981689453125,-0.008972168900072575,-0.8792725801467896,-1.5204660892486572,-0.6501354575157166,-0.1018284410238266,-0.0839245393872261,253,253,253,253,253,253,0.027635122015541764,-0.3685402820679896,0.20798755336337488,-0.06941062264157512,-3.054377791499744,-0.004414886161785118,0.027636615385685098,-0.36853860985186876,0.207959488057952,-0.06926193482548451,-3.05441529506927,-0.0045048468265155945,4.708086517576091e-8,-0.0000014754358597079561,0.0000019970110088709276,0.000002346971399105828,0.00003379116443745309,0.00001828767795727037,0,0,0,0,0,0,1.26350879329836,-2.4030721620351585,-13.336193485974245,-0.7491940668146357,0.37016637149668924,-0.4505791329670696,7,1,3,1,2,48.19097137451172,48.19097137451172,0.6445291042327881,0,0,0.0040280818939208984,0.0040280818939208984,0.004000000189989805,0.004000000189989805,1,1,0,1,7,0,false,false,100.4000015258789,113,-3,280,55,105,1357,,,,1775568896229,1775568896229,,,,,,,,,,,,,,,
1776085914026,002c2969-c559-4f02-85a2-f2403051e800,0,78.21536486526742,-75.69777444004472,87.86185959612986,-102.89752748875979,-95.17463259422637,351.0135028061702,0.0,-0.005493164215361216,-0.006866455373421936,-0.008239746114600993,0.009613037689543375,-0.001373291053840304,78.21502791736398,-75.69539220238808,87.86500998860258,-102.89965453481645,-95.17326800849689,351.00770339001696,0.0,0.0,0.0,0.0,0.0,0.0,0.0426178015768528,-1.884155511856079,-1.8666504621505737,-1.0719960927963257,0.06937761604785919,-0.022379877045750618,-2.6056369177447562e-17,-1.3249893081149904,-1.3532303269093235,-0.5659490727397369,-0.03939408057771185,0.0,33.77998352050781,36.609981536865234,38.769981384277344,40.680015563964844,43.129981994628906,40.949981689453125,-0.008972168900072575,-0.8792725801467896,-1.5204660892486572,-0.6501354575157166,-0.1018284410238266,-0.0839245393872261,253,253,253,253,253,253,0.027635122015541764,-0.3685402820679896,0.20798755336337488,-0.06941062264157512,-3.054377791499744,-0.004414886161785118,0.027636615385685098,-0.36853860985186876,0.207959488057952,-0.06926193482548451,-3.05441529506927,-0.0045048468265155945,4.708086517576091e-8,-0.0000014754358597079561,0.0000019970110088709276,0.000002346971399105828,0.00003379116443745309,0.00001828767795727037,0,0,0,0,0,0,1.26350879329836,-2.4030721620351585,-13.336193485974245,-0.7491940668146357,0.37016637149668924,-0.4505791329670696,7,1,3,1,2,48.19097137451172,48.19097137451172,0.6445291042327881,0,0,0.0040280818939208984,0.0040280818939208984,0.004000000189989805,0.004000000189989805,1,1,0,1,7,0,false,false,100.4000015258789,113,-3,280,55,105,1357,,,,1775568896229,1775568896229,,,,,,,,,,,,,,,
1776085914036,002c2969-c559-4f02-85a2-f2403051e800,0,78.21536486526742,-75.70189987430342,87.86390865288087,-102.90162560226179,-95.17531561314337,351.0093773719115,0.0,-0.005493164215361216,-0.005493164215361216,-0.3707885851622046,0.009613037689543375,-0.001373291053840304,78.21502791736398,-75.69539220238808,87.86500998860258,-102.89965453481645,-95.17326800849689,351.00770339001696,0.0,0.0,0.0,0.0,0.0,0.0,0.0358886756002903,-1.884155511856079,-1.8742755651474,-1.0171654224395752,0.05594969168305397,-0.01678490824997425,-2.6056369177447562e-17,-1.3249893081149904,-1.3532303269093235,-0.5659490727397369,-0.03939408057771185,0.0,33.77998352050781,36.609981536865234,38.769981384277344,40.680015563964844,43.129981994628906,40.949981689453125,-0.008972168900072575,-0.8792725801467896,-1.5204660892486572,-0.6501354575157166,-0.1018284410238266,-0.0839245393872261,253,253,253,253,253,253,0.02763368615976086,-0.368539181877113,0.20800890886277137,-0.069307528984286,-3.054349243839243,-0.004260961877633206,0.027636615385685098,-0.36853860985186876,0.207959488057952,-0.06926193482548451,-3.05441529506927,-0.0045048468265155945,4.708086517576091e-8,-0.0000014754358597079561,0.0000019970110088709276,0.000002346971399105828,0.00003379116443745309,0.00001828767795727037,0,0,0,0,0,0,1.26350879329836,-2.4030721620351585,-13.336193485974245,-0.7491940668146357,0.37016637149668924,-0.4505791329670696,7,1,3,1,2,48.19097137451172,48.19097137451172,0.6445291042327881,0,0,0.0040280818939208984,0.0040280818939208984,0.004000000189989805,0.004000000189989805,1,1,0,1,7,0,false,false,100.4000015258789,113,-3,280,55,105,1357,,,,1775568896229,1775568896229,,,,,,,,,,,,,,,
1776085914046,002c2969-c559-4f02-85a2-f2403051e800,0,78.21536486526742,-75.70189987430342,87.86390865288087,-102.90162560226179,-95.17531561314337,351.0093773719115,0.0,-0.005493164215361216,-0.005493164215361216,-0.3707885851622046,0.009613037689543375,-0.001373291053840304,78.21502791736398,-75.69539220238808,87.86500998860258,-102.89965453481645,-95.17326800849689,351.00770339001696,0.0,0.0,0.0,0.0,0.0,0.0,0.0358886756002903,-1.884155511856079,-1.8742755651474,-1.0171654224395752,0.05594969168305397,-0.01678490824997425,-2.6056369177447562e-17,-1.3249893081149904,-1.3532303269093235,-0.5659490727397369,-0.03939408057771185,0.0,33.77998352050781,36.609981536865234,38.769981384277344,40.680015563964844,43.129981994628906,40.949981689453125,-0.008972168900072575,-0.8792725801467896,-1.5204660892486572,-0.6501354575157166,-0.1018284410238266,-0.0839245393872261,253,253,253,253,253,253,0.02763368615976086,-0.368539181877113,0.20800890886277137,-0.069307528984286,-3.054349243839243,-0.004260961877633206,0.027636615385685098,-0.36853860985186876,0.207959488057952,-0.06926193482548451,-3.05441529506927,-0.0045048468265155945,4.708086517576091e-8,-0.0000014754358597079561,0.0000019970110088709276,0.000002346971399105828,0.00003379116443745309,0.00001828767795727037,0,0,0,0,0,0,1.26350879329836,-2.4030721620351585,-13.336193485974245,-0.7491940668146357,0.37016637149668924,-0.4505791329670696,7,1,3,1,2,48.19097137451172,48.19097137451172,0.6445291042327881,0,0,0.0040280818939208984,0.0040280818939208984,0.004000000189989805,0.004000000189989805,1,1,0,1,7,0,false,false,100.4000015258789,113,-3,280,55,105,1357,,,,1775568896229,1775568896229,,,,,,,,,,,,,,,
1776085914055,002c2969-c559-4f02-85a2-f2403051e800,0,78.21399199724425,-75.69914047787873,87.86117657721286,-102.9050406968468,-95.17531561314337,351.0086943529945,0.0,-0.004394531372288973,-0.005493164215361216,-0.16479492229201986,0.009613037689543375,-0.001373291053840304,78.21502791736398,-75.69539220238808,87.86500998860258,-102.89965453481645,-95.17326800849689,351.00770339001696,0.0,0.0,0.0,0.0,0.0,0.0,0.0314025916159153,-1.8191072940826416,-1.8712254762649536,-1.0272363424301147,0.05818767845630646,-0.024617865681648254,-2.6056369177447562e-17,-1.3249893081149904,-1.3532303269093235,-0.5659490727397369,-0.03939408057771185,0.0,33.77998352050781,36.609981536865234,38.769981384277344,40.680015563964844,43.129981994628906,40.949981689453125,-0.008972168900072575,-0.8792725801467896,-1.5204660892486572,-0.6501354575157166,-0.1018284410238266,-0.0839245393872261,253,253,253,253,253,253,0.027620942512823217,-0.3685588305618425,0.20801107605769326,-0.06933007241106665,-3.0543386985080327,-0.004174373901916555,0.027636615385685098,-0.36853860985186876,0.207959488057952,-0.06926193482548451,-3.05441529506927,-0.0045048468265155945,4.708086517576091e-8,-0.0000014754358597079561,0.0000019970110088709276,0.000002346971399105828,0.00003379116443745309,0.00001828767795727037,0,0,0,0,0,0,1.26350879329836,-2.4030721620351585,-13.336193485974245,-0.7491940668146357,0.37016637149668924,-0.4505791329670696,7,1,3,1,2,48.19097137451172,48.19097137451172,0.6445291042327881,0,0,0.0040280818939208984,0.0040280818939208984,0.004000000189989805,0.004000000189989805,1,1,0,1,7,0,false,false,100.4000015258789,113,-3,280,55,105,1357,,,,1775568896229,1775568896229,,,,,,,,,,,,,,,
1776085914064,002c2969-c559-4f02-85a2-f2403051e800,0,78.21399199724425,-75.69914047787873,87.86117657721286,-102.9050406968468,-95.17531561314337,351.0086943529945,0.0,-0.004394531372288973,-0.005493164215361216,-0.16479492229201986,0.009613037689543375,-0.001373291053840304,78.21502791736398,-75.69539220238808,87.86500998860258,-102.89965453481645,-95.17326800849689,351.00770339001696,0.0,0.0,0.0,0.0,0.0,0.0,0.0314025916159153,-1.8191072940826416,-1.8712254762649536,-1.0272363424301147,0.05818767845630646,-0.024617865681648254,-2.6056369177447562e-17,-1.3249893081149904,-1.3532303269093235,-0.5659490727397369,-0.03939408057771185,0.0,33.77998352050781,36.609981536865234,38.769981384277344,40.680015563964844,43.129981994628906,40.949981689453125,-0.008972168900072575,-0.8792725801467896,-1.5204660892486572,-0.6501354575157166,-0.1018284410238266,-0.0839245393872261,253,253,253,253,253,253,0.027620942512823217,-0.3685588305618425,0.20801107605769326,-0.06933007241106665,-3.0543386985080327,-0.004174373901916555,0.027636615385685098,-0.36853860985186876,0.207959488057952,-0.06926193482548451,-3.05441529506927,-0.0045048468265155945,4.708086517576091e-8,-0.0000014754358597079561,0.0000019970110088709276,0.000002346971399105828,0.00003379116443745309,0.00001828767795727037,0,0,0,0,0,0,1.26350879329836,-2.4030721620351585,-13.336193485974245,-0.7491940668146357,0.37016637149668924,-0.4505791329670696,7,1,3,1,2,48.19097137451172,48.19097137451172,0.6445291042327881,0,0,0.0040280818939208984,0.0040280818939208984,0.004000000189989805,0.004000000189989805,1,1,0,1,7,0,false,false,100.4000015258789,113,-3,280,55,105,1357,,,,1775568896229,1775568896229,,,,,,,,,,,,,,,
1776085914074,002c2969-c559-4f02-85a2-f2403051e800,0,78.21536486526742,-75.69914047787873,87.86390865288087,-102.9050406968468,-95.17602595281706,351.0128197872532,0.0,-0.004394531372288973,-0.005493164215361216,-0.09613037689543376,0.009613037689543375,-0.001373291053840304,78.21502791736398,-75.69539220238808,87.86500998860258,-102.89965453481645,-95.17326800849689,351.00770339001696,0.0,0.0,0.0,0.0,0.0,0.0,0.0358886756002903,-1.884155511856079,-1.8742755651474,-1.0171654224395752,0.051473718136548996,-0.02014188840985298,-2.6056369177447562e-17,-1.3249893081149904,-1.3532303269093235,-0.5659490727397369,-0.03939408057771185,0.0,33.77998352050781,36.609981536865234,38.769981384277344,40.680015563964844,43.129981994628906,40.949981689453125,-0.008972168900072575,-0.8792725801467896,-1.5204660892486572,-0.6501354575157166,-0.1018284410238266,-0.0839245393872261,253,253,253,253,253,253,0.027629822594684196,-0.36854940787524887,0.20799713164801284,-0.06940031604590687,-3.0543330706746543,-0.0042431094062691825,0.027636615385685098,-0.36853860985186876,0.207959488057952,-0.06926193482548451,-3.05441529506927,-0.0045048468265155945,4.708086517576091e-8,-0.0000014754358597079561,0.0000019970110088709276,0.000002346971399105828,0.00003379116443745309,0.00001828767795727037,0,0,0,0,0,0,1.26350879329836,-2.4030721620351585,-13.336193485974245,-0.7491940668146357,0.37016637149668924,-0.4505791329670696,7,1,3,1,2,48.19097137451172,48.19097137451172,0.6445291042327881,0,0,0.0040280818939208984,0.0040280818939208984,0.004000000189989805,0.004000000189989805,1,1,0,1,7,0,false,false,100.4000015258789,113,-3,280,55,105,1357,,,,1775568896229,1775568896229,,,,,,,,,,,,,,,
1776085914084,002c2969-c559-4f02-85a2-f2403051e800,0,78.21536486526742,-75.69914047787873,87.86390865288087,-102.9050406968468,-95.17602595281706,351.0128197872532,0.0,-0.004394531372288973,-0.005493164215361216,-0.09613037689543376,0.009613037689543375,-0.001373291053840304,78.21502791736398,-75.69539220238808,87.86500998860258,-102.89965453481645,-95.17326800849689,351.00770339001696,0.0,0.0,0.0,0.0,0.0,0.0,0.0358886756002903,-1.884155511856079,-1.8742755651474,-1.0171654224395752,0.051473718136548996,-0.02014188840985298,-2.6056369177447562e-17,-1.3249893081149904,-1.3532303269093235,-0.5659490727397369,-0.03939408057771185,0.0,33.77998352050781,36.609981536865234,38.769981384277344,40.680015563964844,43.129981994628906,40.949981689453125,-0.008972168900072575,-0.8792725801467896,-1.5204660892486572,-0.6501354575157166,-0.1018284410238266,-0.0839245393872261,253,253,253,253,253,253,0.027629822594684196,-0.36854940787524887,0.20799713164801284,-0.06940031604590687,-3.0543330706746543,-0.0042431094062691825,0.027636615385685098,-0.36853860985186876,0.207959488057952,-0.06926193482548451,-3.05441529506927,-0.0045048468265155945,4.708086517576091e-8,-0.0000014754358597079561,0.0000019970110088709276,0.000002346971399105828,0.00003379116443745309,0.00001828767795727037,0,0,0,0,0,0,1.26350879329836,-2.4030721620351585,-13.336193485974245,-0.7491940668146357,0.37016637149668924,-0.4505791329670696,7,1,3,1,2,48.19097137451172,48.19097137451172,0.6445291042327881,0,0,0.0040280818939208984,0.0040280818939208984,0.004000000189989805,0.004000000189989805,1,1,0,1,7,0,false,false,100.4000015258789,113,-3,280,55,105,1357,,,,1775568896229,1775568896229,,,,,,,,,,,,,,,
1776085914093,002c2969-c559-4f02-85a2-f2403051e800,0,78.21536486526742,-75.69914047787873,87.86390865288087,-102.9050406968468,-95.17602595281706,351.0128197872532,0.0,-0.004394531372288973,-0.005493164215361216,-0.09613037689543376,0.009613037689543375,-0.001373291053840304,78.21502791736398,-75.69539220238808,87.86500998860258,-102.89965453481645,-95.17326800849689,351.00770339001696,0.0,0.0,0.0,0.0,0.0,0.0,0.0358886756002903,-1.884155511856079,-1.8742755651474,-1.0171654224395752,0.051473718136548996,-0.02014188840985298,-2.6056369177447562e-17,-1.3249893081149904,-1.3532303269093235,-0.5659490727397369,-0.03939408057771185,0.0,33.77998352050781,36.609981536865234,38.769981384277344,40.680015563964844,43.129981994628906,40.949981689453125,-0.008972168900072575,-0.8792725801467896,-1.5204660892486572,-0.6501354575157166,-0.1018284410238266,-0.0839245393872261,253,253,253,253,253,253,0.027629822594684196,-0.36854940787524887,0.20799713164801284,-0.06940031604590687,-3.0543330706746543,-0.0042431094062691825,0.027636615385685098,-0.36853860985186876,0.207959488057952,-0.06926193482548451,-3.05441529506927,-0.0045048468265155945,4.708086517576091e-8,-0.0000014754358597079561,0.0000019970110088709276,0.000002346971399105828,0.00003379116443745309,0.00001828767795727037,0,0,0,0,0,0,1.26350879329836,-2.4030721620351585,-13.336193485974245,-0.7491940668146357,0.37016637149668924,-0.4505791329670696,7,1,3,1,2,48.19097137451172,48.19097137451172,0.6445291042327881,0,0,0.0040280818939208984,0.0040280818939208984,0.004000000189989805,0.004000000189989805,1,1,0,1,7,0,false,false,100.4000015258789,113,-3,280,55,105,1357,,,,1775568896229,1775568896229,,,,,,,,,,,,,,,
1776085914102,002c2969-c559-4f02-85a2-f2403051e800,0,78.21536486526742,-75.69914047787873,87.86390865288087,-102.9050406968468,-95.17602595281706,351.0128197872532,0.0,-0.004394531372288973,-0.005493164215361216,-0.09613037689543376,0.009613037689543375,-0.001373291053840304,78.21502791736398,-75.69539220238808,87.86500998860258,-102.89965453481645,-95.17326800849689,351.00770339001696,0.0,0.0,0.0,0.0,0.0,0.0,0.0358886756002903,-1.884155511856079,-1.8742755651474,-1.0171654224395752,0.051473718136548996,-0.02014188840985298,-2.6056369177447562e-17,-1.3249893081149904,-1.3532303269093235,-0.5659490727397369,-0.03939408057771185,0.0,33.77998352050781,36.609981536865234,38.769981384277344,40.680015563964844,43.129981994628906,40.949981689453125,-0.008972168900072575,-0.8792725801467896,-1.5204660892486572,-0.6501354575157166,-0.1018284410238266,-0.0839245393872261,253,253,253,253,253,253,0.027629822594684196,-0.36854940787524887,0.20799713164801284,-0.06940031604590687,-3.0543330706746543,-0.0042431094062691825,0.027636615385685098,-0.36853860985186876,0.207959488057952,-0.06926193482548451,-3.05441529506927,-0.0045048468265155945,4.708086517576091e-8,-0.0000014754358597079561,0.0000019970110088709276,0.000002346971399105828,0.00003379116443745309,0.00001828767795727037,0,0,0,0,0,0,1.26350879329836,-2.4030721620351585,-13.336193485974245,-0.7491940668146357,0.37016637149668924,-0.4505791329670696,7,1,3,1,2,48.19097137451172,48.19097137451172,0.6445291042327881,0,0,0.0040280818939208984,0.0040280818939208984,0.004000000189989805,0.004000000189989805,1,1,0,1,7,0,false,false,100.4000015258789,113,-3,280,55,105,1357,,,,1775568896229,1775568896229,,,,,,,,,,,,,,,
1776085914112,002c2969-c559-4f02-85a2-f2403051e800,0,78.21536486526742,-75.69914047787873,87.86390865288087,-102.9050406968468,-95.17602595281706,351.0128197872532,0.0,-0.004394531372288973,-0.005493164215361216,-0.09613037689543376,0.009613037689543375,-0.001373291053840304,78.21502791736398,-75.69539220238808,87.86500998860258,-102.89965453481645,-95.17326800849689,351.00770339001696,0.0,0.0,0.0,0.0,0.0,0.0,0.0358886756002903,-1.884155511856079,-1.8742755651474,-1.0171654224395752,0.051473718136548996,-0.02014188840985298,-2.6056369177447562e-17,-1.3249893081149904,-1.3532303269093235,-0.5659490727397369,-0.03939408057771185,0.0,33.77998352050781,36.609981536865234,38.769981384277344,40.680015563964844,43.129981994628906,40.949981689453125,-0.008972168900072575,-0.8792725801467896,-1.5204660892486572,-0.6501354575157166,-0.1018284410238266,-0.0839245393872261,253,253,253,253,253,253,0.027629822594684196,-0.36854940787524887,0.20799713164801284,-0.06940031604590687,-3.0543330706746543,-0.0042431094062691825,0.027636615385685098,-0.36853860985186876,0.207959488057952,-0.06926193482548451,-3.05441529506927,-0.0045048468265155945,4.708086517576091e-8,-0.0000014754358597079561,0.0000019970110088709276,0.000002346971399105828,0.00003379116443745309,0.00001828767795727037,0,0,0,0,0,0,1.26350879329836,-2.4030721620351585,-13.336193485974245,-0.7491940668146357,0.37016637149668924,-0.4505791329670696,7,1,3,1,2,48.19097137451172,48.19097137451172,0.6445291042327881,0,0,0.0040280818939208984,0.0040280818939208984,0.004000000189989805,0.004000000189989805,1,1,0,1,7,0,false,false,100.4000015258789,113,-3,280,55,105,1357,,,,1775568896229,1775568896229,,,,,,,,,,,,,,,
1776085914122,002c2969-c559-4f02-85a2-f2403051e800,0,78.21261912922107,-75.69845745896173,87.86117657721286,-102.9043576779298,-95.17394957530936,351.0128197872532,0.0,-0.004394531372288973,-0.005493164215361216,-0.046691896872774495,0.009613037689543375,-0.001373291053840304,78.21502791736398,-75.69539220238808,87.86500998860258,-102.89965453481645,-95.17326800849689,351.00770339001696,0.0,0.0,0.0,0.0,0.0,0.0,0.0291595496237278,-1.7966768741607666,-1.8773256540298462,-1.0048564672470093,0.044759754091501236,-0.019022895023226738,-2.6056369177447562e-17,-1.3249893081149904,-1.3532303269093235,-0.5659490727397369,-0.03939408057771185,0.0,33.77998352050781,36.609981536865234,38.769981384277344,40.680015563964844,43.129981994628906,40.949981689453125,-0.008972168900072575,-0.8792725801467896,-1.5204660892486572,-0.6501354575157166,-0.1018284410238266,-0.0839245393872261,253,253,253,253,253,253,0.027623348167796748,-0.36854710952136,0.20800163413147293,-0.06943606970975537,-3.054346542624457,-0.004259251708007044,0.027636615385685098,-0.36853860985186876,0.207959488057952,-0.06926193482548451,-3.05441529506927,-0.0045048468265155945,4.708086517576091e-8,-0.0000014754358597079561,0.0000019970110088709276,0.000002346971399105828,0.00003379116443745309,0.00001828767795727037,0,0,0,0,0,0,1.26350879329836,-2.4030721620351585,-13.336193485974245,-0.7491940668146357,0.37016637149668924,-0.4505791329670696,7,1,3,1,2,48.19097137451172,48.19097137451172,0.6445291042327881,0,0,0.0040280818939208984,0.0040280818939208984,0.004000000189989805,0.004000000189989805,1,1,0,1,7,0,false,false,100.4000015258789,113,-3,280,55,105,1357,,,,1775568896229,1775568896229,,,,,,,,,,,,,,,
1776085914132,002c2969-c559-4f02-85a2-f2403051e800,0,78.21330214813807,-75.69845745896173,87.86185959612986,-102.90780009327149,-95.17531561314337,351.0100603908285,0.0,-0.0032958985292167297,-0.005493164215361216,-0.03570556760828874,0.009613037689543375,-0.001373291053840304,78.21502791736398,-75.69539220238808,87.86500998860258,-102.89965453481645,-95.17326800849689,351.00770339001696,0.0,0.0,0.0,0.0,0.0,0.0,0.0381317175924778,-1.7607882022857666,-1.8727505207061768,-1.0227603912353516,0.048116736114025116,-0.01678490824997425,-2.6056369177447562e-17,-1.3249893081149904,-1.3532303269093235,-0.5659490727397369,-0.03939408057771185,0.0,33.77998352050781,36.609981536865234,38.769981384277344,40.680015563964844,43.129981994628906,40.949981689453125,-0.008972168900072575,-0.8792725801467896,-1.5204660892486572,-0.6501354575157166,-0.1018284410238266,-0.0839245393872261,253,253,253,253,253,253,0.027615470358204077,-0.368564112249451,0.20800750524236228,-0.06938671037444441,-3.0543331767922965,-0.004137032755523334,0.027636615385685098,-0.36853860985186876,0.207959488057952,-0.06926193482548451,-3.05441529506927,-0.0045048468265155945,4.708086517576091e-8,-0.0000014754358597079561,0.0000019970110088709276,0.000002346971399105828,0.00003379116443745309,0.00001828767795727037,0,0,0,0,0,0,1.26350879329836,-2.4030721620351585,-13.336193485974245,-0.7491940668146357,0.37016637149668924,-0.4505791329670696,7,1,3,1,2,48.19097137451172,48.19097137451172,0.6445291042327881,0,0,0.0040280818939208984,0.0040280818939208984,0.004000000189989805,0.004000000189989805,1,1,0,1,7,0,false,false,100.4000015258789,113,-3,280,55,105,1357,,,,1775568896229,1775568896229,,,,,,,,,,,,,,,
1776085914141,002c2969-c559-4f02-85a2-f2403051e800,0,78.21330214813807,-75.69845745896173,87.86185959612986,-102.90780009327149,-95.17531561314337,351.0100603908285,0.0,-0.0032958985292167297,-0.005493164215361216,-0.03570556760828874,0.009613037689543375,-0.001373291053840304,78.21502791736398,-75.69539220238808,87.86500998860258,-102.89965453481645,-95.17326800849689,351.00770339001696,0.0,0.0,0.0,0.0,0.0,0.0,0.0381317175924778,-1.7607882022857666,-1.8727505207061768,-1.0227603912353516,0.048116736114025116,-0.01678490824997425,-2.6056369177447562e-17,-1.3249893081149904,-1.3532303269093235,-0.5659490727397369,-0.03939408057771185,0.0,33.77998352050781,36.609981536865234,38.769981384277344,40.680015563964844,43.129981994628906,40.949981689453125,-0.008972168900072575,-0.8792725801467896,-1.5204660892486572,-0.6501354575157166,-0.1018284410238266,-0.0839245393872261,253,253,253,253,253,253,0.027615470358204077,-0.368564112249451,0.20800750524236228,-0.06938671037444441,-3.0543331767922965,-0.004137032755523334,0.027636615385685098,-0.36853860985186876,0.207959488057952,-0.06926193482548451,-3.05441529506927,-0.0045048468265155945,4.708086517576091e-8,-0.0000014754358597079561,0.0000019970110088709276,0.000002346971399105828,0.00003379116443745309,0.00001828767795727037,0,0,0,0,0,0,1.26350879329836,-2.4030721620351585,-13.336193485974245,-0.7491940668146357,0.37016637149668924,-0.4505791329670696,7,1,3,1,2,48.19097137451172,48.19097137451172,0.6445291042327881,0,0,0.0040280818939208984,0.0040280818939208984,0.004000000189989805,0.004000000189989805,1,1,0,1,7,0,false,false,100.4000015258789,113,-3,280,55,105,1357,,,,1775568896229,1775568896229,,,,,,,,,,,,,,,
1776085914150,002c2969-c559-4f02-85a2-f2403051e800,0,78.21330214813807,-75.69777444004472,87.86117657721286,-102.9091661311055,-95.17531561314337,351.0100603908285,0.0,-0.0032958985292167297,-0.005493164215361216,-0.03021240464357251,0.009613037689543375,-0.001373291053840304,78.21502791736398,-75.69539220238808,87.86500998860258,-102.89965453481645,-95.17326800849689,351.00770339001696,0.0,0.0,0.0,0.0,0.0,0.0,0.0358886756002903,-1.7383577823638916,-1.8742755651474,-1.0305933952331543,0.05259270966053009,-0.02014188840985298,-2.6056369177447562e-17,-1.3249893081149904,-1.3532303269093235,-0.5659490727397369,-0.03939408057771185,0.0,33.77998352050781,36.609981536865234,38.769981384277344,40.680015563964844,43.129981994628906,40.949981689453125,-0.008972168900072575,-0.8792725801467896,-1.5204660892486572,-0.6501354575157166,-0.1018284410238266,-0.0839245393872261,253,253,253,253,253,253,0.0276142478784233,-0.3685700399721315,0.20800886637044289,-0.06938836899324935,-3.0543290300446158,-0.0041011737685301124,0.027636615385685098,-0.36853860985186876,0.207959488057952,-0.06926193482548451,-3.05441529506927,-0.0045048468265155945,4.708086517576091e-8,-0.0000014754358597079561,0.0000019970110088709276,0.000002346971399105828,0.00003379116443745309,0.00001828767795727037,0,0,0,0,0,0,1.26350879329836,-2.4030721620351585,-13.336193485974245,-0.7491940668146357,0.37016637149668924,-0.4505791329670696,7,1,3,1,2,48.19097137451172,48.19097137451172,0.6445291042327881,0,0,0.0040280818939208984,0.0040280818939208984,0.004000000189989805,0.004000000189989805,1,1,0,1,7,0,false,false,100.4000015258789,113,-3,280,55,105,1357,,,,1775568896229,1775568896229,,,,,,,,,,,,,,,
1776085914160,002c2969-c559-4f02-85a2-f2403051e800,0,78.21330214813807,-75.69777444004472,87.86117657721286,-102.9091661311055,-95.17531561314337,351.0100603908285,0.0,-0.0032958985292167297,-0.005493164215361216,-0.03021240464357251,0.009613037689543375,-0.001373291053840304,78.21502791736398,-75.69539220238808,87.86500998860258,-102.89965453481645,-95.17326800849689,351.00770339001696,0.0,0.0,0.0,0.0,0.0,0.0,0.0358886756002903,-1.7383577823638916,-1.8742755651474,-1.0305933952331543,0.05259270966053009,-0.02014188840985298,-2.6056369177447562e-17,-1.3249893081149904,-1.3532303269093235,-0.5659490727397369,-0.03939408057771185,0.0,33.77998352050781,36.609981536865234,38.769981384277344,40.680015563964844,43.129981994628906,40.949981689453125,-0.008972168900072575,-0.8792725801467896,-1.5204660892486572,-0.6501354575157166,-0.1018284410238266,-0.0839245393872261,253,253,253,253,253,253,0.0276142478784233,-0.3685700399721315,0.20800886637044289,-0.06938836899324935,-3.0543290300446158,-0.0041011737685301124,0.027636615385685098,-0.36853860985186876,0.207959488057952,-0.06926193482548451,-3.05441529506927,-0.0045048468265155945,4.708086517576091e-8,-0.0000014754358597079561,0.0000019970110088709276,0.000002346971399105828,0.00003379116443745309,0.00001828767795727037,0,0,0,0,0,0,1.26350879329836,-2.4030721620351585,-13.336193485974245,-0.7491940668146357,0.37016637149668924,-0.4505791329670696,7,1,3,1,2,48.19097137451172,48.19097137451172,0.6445291042327881,0,0,0.0040280818939208984,0.0040280818939208984,0.004000000189989805,0.004000000189989805,1,1,0,1,7,0,false,false,100.4000015258789,113,-3,280,55,105,1357,,,,1775568896229,1775568896229,,,,,,,,,,,,,,,
1776085914168,002c2969-c559-4f02-85a2-f2403051e800,0,78.21330214813807,-75.69777444004472,87.86117657721286,-102.9091661311055,-95.17531561314337,351.0100603908285,0.0,-0.0032958985292167297,-0.005493164215361216,-0.03021240464357251,0.009613037689543375,-0.001373291053840304,78.21502791736398,-75.69539220238808,87.86500998860258,-102.89965453481645,-95.17326800849689,351.00770339001696,0.0,0.0,0.0,0.0,0.0,0.0,0.0358886756002903,-1.7383577823638916,-1.8742755651474,-1.0305933952331543,0.05259270966053009,-0.02014188840985298,-2.6056369177447562e-17,-1.3249893081149904,-1.3532303269093235,-0.5659490727397369,-0.03939408057771185,0.0,33.77998352050781,36.609981536865234,38.769981384277344,40.680015563964844,43.129981994628906,40.949981689453125,-0.008972168900072575,-0.8792725801467896,-1.5204660892486572,-0.6501354575157166,-0.1018284410238266,-0.0839245393872261,253,253,253,253,253,253,0.0276142478784233,-0.3685700399721315,0.20800886637044289,-0.06938836899324935,-3.0543290300446158,-0.0041011737685301124,0.027636615385685098,-0.36853860985186876,0.207959488057952,-0.06926193482548451,-3.05441529506927,-0.0045048468265155945,4.708086517576091e-8,-0.0000014754358597079561,0.0000019970110088709276,0.000002346971399105828,0.00003379116443745309,0.00001828767795727037,0,0,0,0,0,0,1.26350879329836,-2.4030721620351585,-13.336193485974245,-0.7491940668146357,0.37016637149668924,-0.4505791329670696,7,1,3,1,2,48.19097137451172,48.19097137451172,0.6445291042327881,0,0,0.0040280818939208984,0.0040280818939208984,0.004000000189989805,0.004000000189989805,1,1,0,1,7,0,false,false,100.4000015258789,113,-3,280,55,105,1357,,,,1775568896229,1775568896229,,,,,,,,,,,,,,,
1776085914179,002c2969-c559-4f02-85a2-f2403051e800,0,78.21261912922107,-75.70050651571273,87.86185959612986,-102.90848311218849,-95.17531561314337,351.0121094475795,0.0,-0.0032958985292167297,-0.004119873057300496,-0.02471924001132963,0.009613037689543375,-0.001373291053840304,78.21502791736398,-75.69539220238808,87.86500998860258,-102.89965453481645,-95.17326800849689,351.00770339001696,0.0,0.0,0.0,0.0,0.0,0.0,0.0314025916159153,-1.727142572402954,-1.8773256540298462,-1.0339503288269043,0.04699774086475372,-0.014546919614076614,-2.6056369177447562e-17,-1.3249893081149904,-1.3532303269093235,-0.5659490727397369,-0.03939408057771185,0.0,33.77998352050781,36.609981536865234,38.769981384277344,40.680015563964844,43.129981994628906,40.949981689453125,-0.008972168900072575,-0.8792725801467896,-1.5204660892486572,-0.6501354575157166,-0.1018284410238266,-0.0839245393872261,253,253,253,253,253,253,0.027611168420451398,-0.3685640576203254,0.20802124150919615,-0.06946250095741059,-3.054322901901211,-0.004063808059817833,0.027636615385685098,-0.36853860985186876,0.207959488057952,-0.06926193482548451,-3.05441529506927,-0.0045048468265155945,4.708086517576091e-8,-0.0000014754358597079561,0.0000019970110088709276,0.000002346971399105828,0.00003379116443745309,0.00001828767795727037,0,0,0,0,0,0,1.26350879329836,-2.4030721620351585,-13.336193485974245,-0.7491940668146357,0.37016637149668924,-0.4505791329670696,7,1,3,1,2,48.19097137451172,48.19097137451172,0.6445291042327881,0,0,0.0040280818939208984,0.0040280818939208984,0.004000000189989805,0.004000000189989805,1,1,0,1,7,0,false,false,100.4000015258789,113,-3,280,55,105,1357,,,,1775568896229,1775568896229,,,,,,,,,,,,,,,
1776085914188,002c2969-c559-4f02-85a2-f2403051e800,0,78.21261912922107,-75.70050651571273,87.86185959612986,-102.90848311218849,-95.17531561314337,351.0121094475795,0.0,-0.0032958985292167297,-0.004119873057300496,-0.02471924001132963,0.009613037689543375,-0.001373291053840304,78.21502791736398,-75.69539220238808,87.86500998860258,-102.89965453481645,-95.17326800849689,351.00770339001696,0.0,0.0,0.0,0.0,0.0,0.0,0.0314025916159153,-1.727142572402954,-1.8773256540298462,-1.0339503288269043,0.04699774086475372,-0.014546919614076614,-2.6056369177447562e-17,-1.3249893081149904,-1.3532303269093235,-0.5659490727397369,-0.03939408057771185,0.0,33.77998352050781,36.609981536865234,38.769981384277344,40.680015563964844,43.129981994628906,40.949981689453125,-0.008972168900072575,-0.8792725801467896,-1.5204660892486572,-0.6501354575157166,-0.1018284410238266,-0.0839245393872261,253,253,253,253,253,253,0.027611168420451398,-0.3685640576203254,0.20802124150919615,-0.06946250095741059,-3.054322901901211,-0.004063808059817833,0.027636615385685098,-0.36853860985186876,0.207959488057952,-0.06926193482548451,-3.05441529506927,-0.0045048468265155945,4.708086517576091e-8,-0.0000014754358597079561,0.0000019970110088709276,0.000002346971399105828,0.00003379116443745309,0.00001828767795727037,0,0,0,0,0,0,1.26350879329836,-2.4030721620351585,-13.336193485974245,-0.7491940668146357,0.37016637149668924,-0.4505791329670696,7,1,3,1,2,48.19097137451172,48.19097137451172,0.6445291042327881,0,0,0.0040280818939208984,0.0040280818939208984,0.004000000189989805,0.004000000189989805,1,1,0,1,7,0,false,false,100.4000015258789,113,-3,280,55,105,1357,,,,1775568896229,1775568896229,,,,,,,,,,,,,,,
1776085914197,002c2969-c559-4f02-85a2-f2403051e800,0,78.21261912922107,-75.69982349679573,87.86117657721286,-102.90780009327149,-95.17670897173406,351.0114264286625,0.0,-0.0032958985292167297,-0.004119873057300496,-0.023345948436387248,0.009613037689543375,-0.001373291053840304,78.21502791736398,-75.69539220238808,87.86500998860258,-102.89965453481645,-95.17326800849689,351.00770339001696,0.0,0.0,0.0,0.0,0.0,0.0,0.0291595496237278,-1.6912537813186646,-1.8727505207061768,-1.0082135200500488,0.04699774086475372,-0.02014188840985298,-2.6056369177447562e-17,-1.3249893081149904,-1.3532303269093235,-0.5659490727397369,-0.03939408057771185,0.0,33.77998352050781,36.609981536865234,38.769981384277344,40.680015563964844,43.129981994628906,40.949981689453125,-0.008972168900072575,-0.8792725801467896,-1.5204660892486572,-0.6501354575157166,-0.1018284410238266,-0.0839245393872261,253,253,253,253,253,253,0.027607667480421448,-0.36856456385398245,0.20801978068285204,-0.06944320923756396,-3.0543015712319144,-0.004089101534627384,0.027636615385685098,-0.36853860985186876,0.207959488057952,-0.06926193482548451,-3.05441529506927,-0.0045048468265155945,4.708086517576091e-8,-0.0000014754358597079561,0.0000019970110088709276,0.000002346971399105828,0.00003379116443745309,0.00001828767795727037,0,0,0,0,0,0,1.26350879329836,-2.4030721620351585,-13.336193485974245,-0.7491940668146357,0.37016637149668924,-0.4505791329670696,7,1,3,1,2,48.19097137451172,48.19097137451172,0.6445291042327881,0,0,0.0040280818939208984,0.0040280818939208984,0.004000000189989805,0.004000000189989805,1,1,0,1,7,0,false,false,100.4000015258789,113,-3,280,55,105,1357,,,,1775568896229,1775568896229,,,,,,,,,,,,,,,
1776085914208,002c2969-c559-4f02-85a2-f2403051e800,0,78.21467501616125,-75.69982349679573,87.86117657721286,-102.9036746590128,-95.17670897173406,351.01074340974554,0.0,-0.0032958985292167297,-0.004119873057300496,-0.020599365286502483,0.009613037689543375,-0.001373291053840304,78.21502791736398,-75.69539220238808,87.86500998860258,-102.89965453481645,-95.17326800849689,351.00770339001696,0.0,0.0,0.0,0.0,0.0,0.0,0.0291595496237278,-1.689010739326477,-1.8697004318237305,-1.024998426437378,0.04923573136329651,-0.015665914863348007,-2.6056369177447562e-17,-1.3249893081149904,-1.3532303269093235,-0.5659490727397369,-0.03939408057771185,0.0,33.77998352050781,36.609981536865234,38.769981384277344,40.680015563964844,43.129981994628906,40.949981689453125,-0.008972168900072575,-0.8792725801467896,-1.5204660892486572,-0.6501354575157166,-0.1018284410238266,-0.0839245393872261,253,253,253,253,253,253,0.027611504672584768,-0.3685623367278005,0.20800398263634684,-0.0694587882442731,-3.0543335831076788,-0.004153384937127502,0.027636615385685098,-0.36853860985186876,0.207959488057952,-0.06926193482548451,-3.05441529506927,-0.0045048468265155945,4.708086517576091e-8,-0.0000014754358597079561,0.0000019970110088709276,0.000002346971399105828,0.00003379116443745309,0.00001828767795727037,0,0,0,0,0,0,1.26350879329836,-2.4030721620351585,-13.336193485974245,-0.7491940668146357,0.37016637149668924,-0.4505791329670696,7,1,3,1,2,48.19097137451172,48.19097137451172,0.6445291042327881,0,0,0.0040280818939208984,0.0040280818939208984,0.004000000189989805,0.004000000189989805,1,1,0,1,7,0,false,false,100.4000015258789,113,-3,280,55,105,1357,,,,1775568896229,1775568896229,,,,,,,,,,,,,,,
1776085914218,002c2969-c559-4f02-85a2-f2403051e800,0,78.21467501616125,-75.69982349679573,87.86117657721286,-102.9036746590128,-95.17670897173406,351.01074340974554,0.0,-0.0032958985292167297,-0.004119873057300496,-0.020599365286502483,0.009613037689543375,-0.001373291053840304,78.21502791736398,-75.69539220238808,87.86500998860258,-102.89965453481645,-95.17326800849689,351.00770339001696,0.0,0.0,0.0,0.0,0.0,0.0,0.0291595496237278,-1.689010739326477,-1.8697004318237305,-1.024998426437378,0.04923573136329651,-0.015665914863348007,-2.6056369177447562e-17,-1.3249893081149904,-1.3532303269093235,-0.5659490727397369,-0.03939408057771185,0.0,33.77998352050781,36.609981536865234,38.769981384277344,40.680015563964844,43.129981994628906,40.949981689453125,-0.008972168900072575,-0.8792725801467896,-1.5204660892486572,-0.6501354575157166,-0.1018284410238266,-0.0839245393872261,253,253,253,253,253,253,0.027611504672584768,-0.3685623367278005,0.20800398263634684,-0.0694587882442731,-3.0543335831076788,-0.004153384937127502,0.027636615385685098,-0.36853860985186876,0.207959488057952,-0.06926193482548451,-3.05441529506927,-0.0045048468265155945,4.708086517576091e-8,-0.0000014754358597079561,0.0000019970110088709276,0.000002346971399105828,0.00003379116443745309,0.00001828767795727037,0,0,0,0,0,0,1.26350879329836,-2.4030721620351585,-13.336193485974245,-0.7491940668146357,0.37016637149668924,-0.4505791329670696,7,1,3,1,2,48.19097137451172,48.19097137451172,0.6445291042327881,0,0,0.0040280818939208984,0.0040280818939208984,0.004000000189989805,0.004000000189989805,1,1,0,1,7,0,false,false,100.4000015258789,113,-3,280,55,105,1357,,,,1775568896229,1775568896229,,,,,,,,,,,,,,,
1776085914227,002c2969-c559-4f02-85a2-f2403051e800,0,78.21467501616125,-75.70118953462973,87.86254261504686,-102.9050406968468,-95.17670897173406,351.0100603908285,0.0,-0.0021972656861444866,-0.004119873057300496,-0.020599365286502483,0.009613037689543375,-0.001373291053840304,78.21502791736398,-75.69539220238808,87.86500998860258,-102.89965453481645,-95.17326800849689,351.00770339001696,0.0,0.0,0.0,0.0,0.0,0.0,0.0314025916159153,-1.6822816133499146,-1.8712254762649536,-1.0496162176132202,0.04587874934077263,-0.01678490824997425,-2.6056369177447562e-17,-1.3249893081149904,-1.3532303269093235,-0.5659490727397369,-0.03939408057771185,0.0,33.77998352050781,36.609981536865234,38.769981384277344,40.680015563964844,43.129981994628906,40.949981689453125,-0.008972168900072575,-0.8792725801467896,-1.5204660892486572,-0.6501354575157166,-0.1018284410238266,-0.0839245393872261,253,253,253,253,253,253,0.027623350072721854,-0.36855165410271606,0.20801701675480863,-0.06934865064831544,-3.054312005611139,-0.004160739962534148,0.027636615385685098,-0.36853860985186876,0.207959488057952,-0.06926193482548451,-3.05441529506927,-0.0045048468265155945,4.708086517576091e-8,-0.0000014754358597079561,0.0000019970110088709276,0.000002346971399105828,0.00003379116443745309,0.00001828767795727037,0,0,0,0,0,0,1.26350879329836,-2.4030721620351585,-13.336193485974245,-0.7491940668146357,0.37016637149668924,-0.4505791329670696,7,1,3,1,2,48.19097137451172,48.19097137451172,0.6445291042327881,0,0,0.0040280818939208984,0.0040280818939208984,0.004000000189989805,0.004000000189989805,1,1,0,1,7,0,false,false,100.4000015258789,113,-3,280,55,105,1357,,,,1775568896229,1775568896229,,,,,,,,,,,,,,,
1776085914237,002c2969-c559-4f02-85a2-f2403051e800,0,78.21467501616125,-75.70118953462973,87.86254261504686,-102.9050406968468,-95.17670897173406,351.0100603908285,0.0,-0.0021972656861444866,-0.004119873057300496,-0.020599365286502483,0.009613037689543375,-0.001373291053840304,78.21502791736398,-75.69539220238808,87.86500998860258,-102.89965453481645,-95.17326800849689,351.00770339001696,0.0,0.0,0.0,0.0,0.0,0.0,0.0314025916159153,-1.6822816133499146,-1.8712254762649536,-1.0496162176132202,0.04587874934077263,-0.01678490824997425,-2.6056369177447562e-17,-1.3249893081149904,-1.3532303269093235,-0.5659490727397369,-0.03939408057771185,0.0,33.77998352050781,36.609981536865234,38.769981384277344,40.680015563964844,43.129981994628906,40.949981689453125,-0.008972168900072575,-0.8792725801467896,-1.5204660892486572,-0.6501354575157166,-0.1018284410238266,-0.0839245393872261,253,253,253,253,253,253,0.027623350072721854,-0.36855165410271606,0.20801701675480863,-0.06934865064831544,-3.054312005611139,-0.004160739962534148,0.027636615385685098,-0.36853860985186876,0.207959488057952,-0.06926193482548451,-3.05441529506927,-0.0045048468265155945,4.708086517576091e-8,-0.0000014754358597079561,0.0000019970110088709276,0.000002346971399105828,0.00003379116443745309,0.00001828767795727037,0,0,0,0,0,0,1.26350879329836,-2.4030721620351585,-13.336193485974245,-0.7491940668146357,0.37016637149668924,-0.4505791329670696,7,1,3,1,2,48.19097137451172,48.19097137451172,0.6445291042327881,0,0,0.0040280818939208984,0.0040280818939208984,0.004000000189989805,0.004000000189989805,1,1,0,1,7,0,false,false,100.4000015258789,113,-3,280,55,105,1357,,,,1775568896229,1775568896229,,,,,,,,,,,,,,,
1776085914246,002c2969-c559-4f02-85a2-f2403051e800,0,78.21467501616125,-75.69845745896173,87.86185959612986,-102.90575103652048,-95.17602595281706,351.0114264286625,0.0,-0.0021972656861444866,-0.004119873057300496,-0.020599365286502483,0.009613037689543375,-0.001373291053840304,78.21502791736398,-75.69539220238808,87.86500998860258,-102.89965453481645,-95.17326800849689,351.00770339001696,0.0,0.0,0.0,0.0,0.0,0.0,0.0448608435690403,-1.6957398653030396,-1.8727505207061768,-1.0361883640289307,0.05594969168305397,-0.02349887043237686,-2.6056369177447562e-17,-1.3249893081149904,-1.3532303269093235,-0.5659490727397369,-0.03939408057771185,0.0,33.77998352050781,36.609981536865234,38.769981384277344,40.680015563964844,43.129981994628906,40.949981689453125,-0.008972168900072575,-0.8792725801467896,-1.5204660892486572,-0.6501354575157166,-0.1018284410238266,-0.0839245393872261,253,253,253,253,253,253,0.027623621399940138,-0.36855835757657013,0.2080045432123705,-0.06938392530060641,-3.054327239303895,-0.004191000968170094,0.027636615385685098,-0.36853860985186876,0.207959488057952,-0.06926193482548451,-3.05441529506927,-0.0045048468265155945,4.708086517576091e-8,-0.0000014754358597079561,0.0000019970110088709276,0.000002346971399105828,0.00003379116443745309,0.00001828767795727037,0,0,0,0,0,0,1.26350879329836,-2.4030721620351585,-13.336193485974245,-0.7491940668146357,0.37016637149668924,-0.4505791329670696,7,1,3,1,2,48.19097137451172,48.19097137451172,0.6445291042327881,0,0,0.0040280818939208984,0.0040280818939208984,0.004000000189989805,0.004000000189989805,1,1,0,1,7,0,false,false,100.4000015258789,113,-3,280,55,105,1357,,,,1775568896229,1775568896229,,,,,,,,,,,,,,,
1776085914256,002c2969-c559-4f02-85a2-f2403051e800,0,78.21467501616125,-75.69845745896173,87.86185959612986,-102.90575103652048,-95.17602595281706,351.0114264286625,0.0,-0.0021972656861444866,-0.004119873057300496,-0.020599365286502483,0.009613037689543375,-0.001373291053840304,78.21502791736398,-75.69539220238808,87.86500998860258,-102.89965453481645,-95.17326800849689,351.00770339001696,0.0,0.0,0.0,0.0,0.0,0.0,0.0448608435690403,-1.6957398653030396,-1.8727505207061768,-1.0361883640289307,0.05594969168305397,-0.02349887043237686,-2.6056369177447562e-17,-1.3249893081149904,-1.3532303269093235,-0.5659490727397369,-0.03939408057771185,0.0,33.77998352050781,36.609981536865234,38.769981384277344,40.680015563964844,43.129981994628906,40.949981689453125,-0.008972168900072575,-0.8792725801467896,-1.5204660892486572,-0.6501354575157166,-0.1018284410238266,-0.0839245393872261,253,253,253,253,253,253,0.027623621399940138,-0.36855835757657013,0.2080045432123705,-0.06938392530060641,-3.054327239303895,-0.004191000968170094,0.027636615385685098,-0.36853860985186876,0.207959488057952,-0.06926193482548451,-3.05441529506927,-0.0045048468265155945,4.708086517576091e-8,-0.0000014754358597079561,0.0000019970110088709276,0.000002346971399105828,0.00003379116443745309,0.00001828767795727037,0,0,0,0,0,0,1.26350879329836,-2.4030721620351585,-13.336193485974245,-0.7491940668146357,0.37016637149668924,-0.4505791329670696,7,1,3,1,2,48.19097137451172,48.19097137451172,0.6445291042327881,0,0,0.0040280818939208984,0.0040280818939208984,0.004000000189989805,0.004000000189989805,1,1,0,1,7,0,false,false,100.4000015258789,113,-3,280,55,105,1357,,,,1775568896229,1775568896229,,,,,,,,,,,,,,,
1776085914266,002c2969-c559-4f02-85a2-f2403051e800,0,78.21330214813807,-75.70050651571273,87.86254261504686,-102.90643405543749,-95.17739199065106,351.0114264286625,0.0,-0.0021972656861444866,-0.004119873057300496,-0.020599365286502483,0.009613037689543375,-0.001373291053840304,78.21502791736398,-75.69539220238808,87.86500998860258,-102.89965453481645,-95.17326800849689,351.00770339001696,0.0,0.0,0.0,0.0,0.0,0.0,0.0291595496237278,-1.662094235420227,-1.8651254177093506,-1.0406643152236938,0.054830700159072876,-0.01678490824997425,-2.6056369177447562e-17,-1.3249893081149904,-1.3532303269093235,-0.5659490727397369,-0.03939408057771185,0.0,33.77998352050781,36.609981536865234,38.769981384277344,40.680015563964844,43.129981994628906,40.949981689453125,-0.008972168900072575,-0.8792725801467896,-1.5204660892486572,-0.6501354575157166,-0.1018284410238266,-0.0839245393872261,253,253,253,253,253,253,0.027612113075539103,-0.36855587371171095,0.20801503695899975,-0.06942245758762278,-3.054296475058833,-0.0041453364595216155,0.027636615385685098,-0.36853860985186876,0.207959488057952,-0.06926193482548451,-3.05441529506927,-0.0045048468265155945,4.708086517576091e-8,-0.0000014754358597079561,0.0000019970110088709276,0.000002346971399105828,0.00003379116443745309,0.00001828767795727037,0,0,0,0,0,0,1.26350879329836,-2.4030721620351585,-13.336193485974245,-0.7491940668146357,0.37016637149668924,-0.4505791329670696,7,1,3,1,2,48.19097137451172,48.19097137451172,0.6445291042327881,0,0,0.0040280818939208984,0.0040280818939208984,0.004000000189989805,0.004000000189989805,1,1,0,1,7,0,false,false,100.4000015258789,113,-3,280,55,105,1357,,,,1775568896229,1775568896229,,,,,,,,,,,,,,,
1776085914275,002c2969-c559-4f02-85a2-f2403051e800,0,78.21330214813807,-75.70050651571273,87.86254261504686,-102.90643405543749,-95.17739199065106,351.0114264286625,0.0,-0.0021972656861444866,-0.004119873057300496,-0.020599365286502483,0.009613037689543375,-0.001373291053840304,78.21502791736398,-75.69539220238808,87.86500998860258,-102.89965453481645,-95.17326800849689,351.00770339001696,0.0,0.0,0.0,0.0,0.0,0.0,0.0291595496237278,-1.662094235420227,-1.8651254177093506,-1.0406643152236938,0.054830700159072876,-0.01678490824997425,-2.6056369177447562e-17,-1.3249893081149904,-1.3532303269093235,-0.5659490727397369,-0.03939408057771185,0.0,33.77998352050781,36.609981536865234,38.769981384277344,40.680015563964844,43.129981994628906,40.949981689453125,-0.008972168900072575,-0.8792725801467896,-1.5204660892486572,-0.6501354575157166,-0.1018284410238266,-0.0839245393872261,253,253,253,253,253,253,0.027612113075539103,-0.36855587371171095,0.20801503695899975,-0.06942245758762278,-3.054296475058833,-0.0041453364595216155,0.027636615385685098,-0.36853860985186876,0.207959488057952,-0.06926193482548451,-3.05441529506927,-0.0045048468265155945,4.708086517576091e-8,-0.0000014754358597079561,0.0000019970110088709276,0.000002346971399105828,0.00003379116443745309,0.00001828767795727037,0,0,0,0,0,0,1.26350879329836,-2.4030721620351585,-13.336193485974245,-0.7491940668146357,0.37016637149668924,-0.4505791329670696,7,1,3,1,2,48.19097137451172,48.19097137451172,0.6445291042327881,0,0,0.0040280818939208984,0.0040280818939208984,0.004000000189989805,0.004000000189989805,1,1,0,1,7,0,false,false,100.4000015258789,113,-3,280,55,105,1357,,,,1775568896229,1775568896229,,,,,,,,,,,,,,,
1776085914284,002c2969-c559-4f02-85a2-f2403051e800,0,78.21399199724425,-75.69982349679573,87.86254261504686,-102.90299164009579,-95.17602595281706,351.0100603908285,0.0,-0.0021972656861444866,-0.004119873057300496,-0.020599365286502483,0.009613037689543375,-0.001373291053840304,78.21502791736398,-75.69539220238808,87.86500998860258,-102.89965453481645,-95.17326800849689,351.00770339001696,0.0,0.0,0.0,0.0,0.0,0.0,0.0403747595846653,-1.6374207735061646,-1.8727505207061768,-0.9936665296554565,0.0503547228872776,-0.02014188840985298,-2.6056369177447562e-17,-1.3249893081149904,-1.3532303269093235,-0.5659490727397369,-0.03939408057771185,0.0,33.77998352050781,36.609981536865234,38.769981384277344,40.680015563964844,43.129981994628906,40.949981689453125,-0.008972168900072575,-0.8792725801467896,-1.5204660892486572,-0.6501354575157166,-0.1018284410238266,-0.0839245393872261,253,253,253,253,253,253,0.02762125791199859,-0.36854887246586104,0.2080053023814663,-0.0693631132363739,-3.054333982543701,-0.004247871837570456,0.027636615385685098,-0.36853860985186876,0.207959488057952,-0.06926193482548451,-3.05441529506927,-0.0045048468265155945,4.708086517576091e-8,-0.0000014754358597079561,0.0000019970110088709276,0.000002346971399105828,0.00003379116443745309,0.00001828767795727037,0,0,0,0,0,0,1.26350879329836,-2.4030721620351585,-13.336193485974245,-0.7491940668146357,0.37016637149668924,-0.4505791329670696,7,1,3,1,2,48.19097137451172,48.19097137451172,0.6445291042327881,0,0,0.0040280818939208984,0.0040280818939208984,0.004000000189989805,0.004000000189989805,1,1,0,1,7,0,false,false,100.4000015258789,113,-3,280,55,105,1357,,,,1775568896229,1775568896229,,,,,,,,,,,,,,,
1776085914293,002c2969-c559-4f02-85a2-f2403051e800,0,78.21399199724425,-75.69982349679573,87.86254261504686,-102.90299164009579,-95.17602595281706,351.0100603908285,0.0,-0.0021972656861444866,-0.004119873057300496,-0.020599365286502483,0.009613037689543375,-0.001373291053840304,78.21502791736398,-75.69539220238808,87.86500998860258,-102.89965453481645,-95.17326800849689,351.00770339001696,0.0,0.0,0.0,0.0,0.0,0.0,0.0403747595846653,-1.6374207735061646,-1.8727505207061768,-0.9936665296554565,0.0503547228872776,-0.02014188840985298,-2.6056369177447562e-17,-1.3249893081149904,-1.3532303269093235,-0.5659490727397369,-0.03939408057771185,0.0,33.77998352050781,36.609981536865234,38.769981384277344,40.680015563964844,43.129981994628906,40.949981689453125,-0.008972168900072575,-0.8792725801467896,-1.5204660892486572,-0.6501354575157166,-0.1018284410238266,-0.0839245393872261,253,253,253,253,253,253,0.02762125791199859,-0.36854887246586104,0.2080053023814663,-0.0693631132363739,-3.054333982543701,-0.004247871837570456,0.027636615385685098,-0.36853860985186876,0.207959488057952,-0.06926193482548451,-3.05441529506927,-0.0045048468265155945,4.708086517576091e-8,-0.0000014754358597079561,0.0000019970110088709276,0.000002346971399105828,0.00003379116443745309,0.00001828767795727037,0,0,0,0,0,0,1.26350879329836,-2.4030721620351585,-13.336193485974245,-0.7491940668146357,0.37016637149668924,-0.4505791329670696,7,1,3,1,2,48.19097137451172,48.19097137451172,0.6445291042327881,0,0,0.0040280818939208984,0.0040280818939208984,0.004000000189989805,0.004000000189989805,1,1,0,1,7,0,false,false,100.4000015258789,113,-3,280,55,105,1357,,,,1775568896229,1775568896229,,,,,,,,,,,,,,,
1776085914302,002c2969-c559-4f02-85a2-f2403051e800,0,78.21330214813807,-75.69914047787873,87.86185959612986,-102.90711707435449,-95.17602595281706,351.0100603908285,0.0,-0.0021972656861444866,-0.004119873057300496,-0.020599365286502483,0.009613037689543375,-0.001373291053840304,78.21502791736398,-75.69539220238808,87.86500998860258,-102.89965453481645,-95.17326800849689,351.00770339001696,0.0,0.0,0.0,0.0,0.0,0.0,0.0381317175924778,-1.6194764375686646,-1.8651254177093506,-1.000380516052246,0.048116736114025116,-0.019022895023226738,-2.6056369177447562e-17,-1.3249893081149904,-1.3532303269093235,-0.5659490727397369,-0.03939408057771185,0.0,33.77998352050781,36.609981536865234,38.769981384277344,40.680015563964844,43.129981994628906,40.949981689453125,-0.008972168900072575,-0.8792725801467896,-1.5204660892486572,-0.6501354575157166,-0.1018284410238266,-0.0839245393872261,253,253,253,253,253,253,0.02761427514428719,-0.36856153098989675,0.208010848451799,-0.06938646094847407,-3.05432092113197,-0.004140409973987549,0.027636615385685098,-0.36853860985186876,0.207959488057952,-0.06926193482548451,-3.05441529506927,-0.0045048468265155945,4.708086517576091e-8,-0.0000014754358597079561,0.0000019970110088709276,0.000002346971399105828,0.00003379116443745309,0.00001828767795727037,0,0,0,0,0,0,1.26350879329836,-2.4030721620351585,-13.336193485974245,-0.7491940668146357,0.37016637149668924,-0.4505791329670696,7,1,3,1,2,48.19097137451172,48.19097137451172,0.6445291042327881,0,0,0.0040280818939208984,0.0040280818939208984,0.004000000189989805,0.004000000189989805,1,1,0,1,7,0,false,false,100.4000015258789,113,-3,280,55,105,1357,,,,1775568896229,1775568896229,,,,,,,,,,,,,,,
1776085914311,002c2969-c559-4f02-85a2-f2403051e800,0,78.21330214813807,-75.69914047787873,87.86185959612986,-102.90711707435449,-95.17602595281706,351.0100603908285,0.0,-0.0021972656861444866,-0.004119873057300496,-0.020599365286502483,0.009613037689543375,-0.001373291053840304,78.21502791736398,-75.69539220238808,87.86500998860258,-102.89965453481645,-95.17326800849689,351.00770339001696,0.0,0.0,0.0,0.0,0.0,0.0,0.0381317175924778,-1.6194764375686646,-1.8651254177093506,-1.000380516052246,0.048116736114025116,-0.019022895023226738,-2.6056369177447562e-17,-1.3249893081149904,-1.3532303269093235,-0.5659490727397369,-0.03939408057771185,0.0,33.77998352050781,36.609981536865234,38.769981384277344,40.680015563964844,43.129981994628906,40.949981689453125,-0.008972168900072575,-0.8792725801467896,-1.5204660892486572,-0.6501354575157166,-0.1018284410238266,-0.0839245393872261,253,253,253,253,253,253,0.02761427514428719,-0.36856153098989675,0.208010848451799,-0.06938646094847407,-3.05432092113197,-0.004140409973987549,0.027636615385685098,-0.36853860985186876,0.207959488057952,-0.06926193482548451,-3.05441529506927,-0.0045048468265155945,4.708086517576091e-8,-0.0000014754358597079561,0.0000019970110088709276,0.000002346971399105828,0.00003379116443745309,0.00001828767795727037,0,0,0,0,0,0,1.26350879329836,-2.4030721620351585,-13.336193485974245,-0.7491940668146357,0.37016637149668924,-0.4505791329670696,7,1,3,1,2,48.19097137451172,48.19097137451172,0.6445291042327881,0,0,0.0040280818939208984,0.0040280818939208984,0.004000000189989805,0.004000000189989805,1,1,0,1,7,0,false,false,100.4000015258789,113,-3,280,55,105,1357,,,,1775568896229,1775568896229,,,,,,,,,,,,,,,
1776085914321,002c2969-c559-4f02-85a2-f2403051e800,0,78.21330214813807,-75.69914047787873,87.86185959612986,-102.90711707435449,-95.17602595281706,351.0100603908285,0.0,-0.0021972656861444866,-0.004119873057300496,-0.020599365286502483,0.009613037689543375,-0.001373291053840304,78.21502791736398,-75.69539220238808,87.86500998860258,-102.89965453481645,-95.17326800849689,351.00770339001696,0.0,0.0,0.0,0.0,0.0,0.0,0.0381317175924778,-1.6194764375686646,-1.8651254177093506,-1.000380516052246,0.048116736114025116,-0.019022895023226738,-2.6056369177447562e-17,-1.3249893081149904,-1.3532303269093235,-0.5659490727397369,-0.03939408057771185,0.0,33.77998352050781,36.609981536865234,38.769981384277344,40.680015563964844,43.129981994628906,40.949981689453125,-0.008972168900072575,-0.8792725801467896,-1.5204660892486572,-0.6501354575157166,-0.1018284410238266,-0.0839245393872261,253,253,253,253,253,253,0.02761427514428719,-0.36856153098989675,0.208010848451799,-0.06938646094847407,-3.05432092113197,-0.004140409973987549,0.027636615385685098,-0.36853860985186876,0.207959488057952,-0.06926193482548451,-3.05441529506927,-0.0045048468265155945,4.708086517576091e-8,-0.0000014754358597079561,0.0000019970110088709276,0.000002346971399105828,0.00003379116443745309,0.00001828767795727037,0,0,0,0,0,0,1.26350879329836,-2.4030721620351585,-13.336193485974245,-0.7491940668146357,0.37016637149668924,-0.4505791329670696,7,1,3,1,2,48.19097137451172,48.19097137451172,0.6445291042327881,0,0,0.0040280818939208984,0.0040280818939208984,0.004000000189989805,0.004000000189989805,1,1,0,1,7,0,false,false,100.4000015258789,113,-3,280,55,105,1357,,,,1775568896229,1775568896229,,,,,,,,,,,,,,,
1776085914331,002c2969-c559-4f02-85a2-f2403051e800,0,78.21330214813807,-75.69914047787873,87.86185959612986,-102.90711707435449,-95.17602595281706,351.0100603908285,0.0,-0.0021972656861444866,-0.004119873057300496,-0.020599365286502483,0.009613037689543375,-0.001373291053840304,78.21502791736398,-75.69539220238808,87.86500998860258,-102.89965453481645,-95.17326800849689,351.00770339001696,0.0,0.0,0.0,0.0,0.0,0.0,0.0381317175924778,-1.6194764375686646,-1.8651254177093506,-1.000380516052246,0.048116736114025116,-0.019022895023226738,-2.6056369177447562e-17,-1.3249893081149904,-1.3532303269093235,-0.5659490727397369,-0.03939408057771185,0.0,33.77998352050781,36.609981536865234,38.769981384277344,40.680015563964844,43.129981994628906,40.949981689453125,-0.008972168900072575,-0.8792725801467896,-1.5204660892486572,-0.6501354575157166,-0.1018284410238266,-0.0839245393872261,253,253,253,253,253,253,0.02761427514428719,-0.36856153098989675,0.208010848451799,-0.06938646094847407,-3.05432092113197,-0.004140409973987549,0.027636615385685098,-0.36853860985186876,0.207959488057952,-0.06926193482548451,-3.05441529506927,-0.0045048468265155945,4.708086517576091e-8,-0.0000014754358597079561,0.0000019970110088709276,0.000002346971399105828,0.00003379116443745309,0.00001828767795727037,0,0,0,0,0,0,1.26350879329836,-2.4030721620351585,-13.336193485974245,-0.7491940668146357,0.37016637149668924,-0.4505791329670696,7,1,3,1,2,48.19097137451172,48.19097137451172,0.6445291042327881,0,0,0.0040280818939208984,0.0040280818939208984,0.004000000189989805,0.004000000189989805,1,1,0,1,7,0,false,false,100.4000015258789,113,-3,280,55,105,1357,,,,1775568896229,1775568896229,,,,,,,,,,,,,,,
1776085914340,002c2969-c559-4f02-85a2-f2403051e800,0,78.21330214813807,-75.69914047787873,87.86185959612986,-102.90711707435449,-95.17602595281706,351.0100603908285,0.0,-0.0021972656861444866,-0.004119873057300496,-0.020599365286502483,0.009613037689543375,-0.001373291053840304,78.21502791736398,-75.69539220238808,87.86500998860258,-102.89965453481645,-95.17326800849689,351.00770339001696,0.0,0.0,0.0,0.0,0.0,0.0,0.0381317175924778,-1.6194764375686646,-1.8651254177093506,-1.000380516052246,0.048116736114025116,-0.019022895023226738,-2.6056369177447562e-17,-1.3249893081149904,-1.3532303269093235,-0.5659490727397369,-0.03939408057771185,0.0,33.77998352050781,36.609981536865234,38.769981384277344,40.680015563964844,43.129981994628906,40.949981689453125,-0.008972168900072575,-0.8792725801467896,-1.5204660892486572,-0.6501354575157166,-0.1018284410238266,-0.0839245393872261,253,253,253,253,253,253,0.02761427514428719,-0.36856153098989675,0.208010848451799,-0.06938646094847407,-3.05432092113197,-0.004140409973987549,0.027636615385685098,-0.36853860985186876,0.207959488057952,-0.06926193482548451,-3.05441529506927,-0.0045048468265155945,4.708086517576091e-8,-0.0000014754358597079561,0.0000019970110088709276,0.000002346971399105828,0.00003379116443745309,0.00001828767795727037,0,0,0,0,0,0,1.26350879329836,-2.4030721620351585,-13.336193485974245,-0.7491940668146357,0.37016637149668924,-0.4505791329670696,7,1,3,1,2,48.19097137451172,48.19097137451172,0.6445291042327881,0,0,0.0040280818939208984,0.0040280818939208984,0.004000000189989805,0.004000000189989805,1,1,0,1,7,0,false,false,100.4000015258789,113,-3,280,55,105,1357,,,,1775568896229,1775568896229,,,,,,,,,,,,,,,
1776085914350,002c2969-c559-4f02-85a2-f2403051e800,0,78.21467501616125,-75.69709142112772,87.86322563396386,-102.90575103652048,-95.17670897173406,351.0114264286625,0.0,-0.0021972656861444866,-0.004119873057300496,-0.020599365286502483,0.009613037689543375,-0.001373291053840304,78.21502791736398,-75.69539220238808,87.86500998860258,-102.89965453481645,-95.17326800849689,351.00770339001696,0.0,0.0,0.0,0.0,0.0,0.0,0.0336456336081028,-1.635177731513977,-1.8727505207061768,-0.9869526028633118,0.04923573136329651,-0.021260883659124374,-2.6056369177447562e-17,-1.3249893081149904,-1.3532303269093235,-0.5659490727397369,-0.03939408057771185,0.0,33.77998352050781,36.609981536865234,38.769981384277344,40.680015563964844,43.129981994628906,40.949981689453125,-0.008972168900072575,-0.8792725801467896,-1.5204660892486572,-0.6501354575157166,-0.1018284410238266,-0.0839245393872261,253,253,253,253,253,253,0.027622599456168122,-0.3685551305460692,0.2079891716591035,-0.06938085896172112,-3.0543240071773683,-0.004265912049488854,0.027636615385685098,-0.36853860985186876,0.207959488057952,-0.06926193482548451,-3.05441529506927,-0.0045048468265155945,4.708086517576091e-8,-0.0000014754358597079561,0.0000019970110088709276,0.000002346971399105828,0.00003379116443745309,0.00001828767795727037,0,0,0,0,0,0,1.26350879329836,-2.4030721620351585,-13.336193485974245,-0.7491940668146357,0.37016637149668924,-0.4505791329670696,7,1,3,1,2,48.19097137451172,48.19097137451172,0.6445291042327881,0,0,0.0040280818939208984,0.0040280818939208984,0.004000000189989805,0.004000000189989805,1,1,0,1,7,0,false,false,100.4000015258789,113,-3,280,55,105,1357,,,,1775568896229,1775568896229,,,,,,,,,,,,,,,
1776085914360,002c2969-c559-4f02-85a2-f2403051e800,0,78.21604788418442,-75.69982349679573,87.86117657721286,-102.90643405543749,-95.17602595281706,351.0114264286625,0.0,-0.0021972656861444866,-0.004119873057300496,-0.020599365286502483,0.009613037689543375,-0.001373291053840304,78.21502791736398,-75.69539220238808,87.86500998860258,-102.89965453481645,-95.17326800849689,351.00770339001696,0.0,0.0,0.0,0.0,0.0,0.0,0.0291595496237278,-1.621719479560852,-1.8681755065917969,-0.9947855472564697,0.04028377681970596,-0.02014188840985298,-2.6056369177447562e-17,-1.3249893081149904,-1.3532303269093235,-0.5659490727397369,-0.03939408057771185,0.0,33.77998352050781,36.609981536865234,38.769981384277344,40.680015563964844,43.129981994628906,40.949981689453125,-0.008972168900072575,-0.8792725801467896,-1.5204660892486572,-0.6501354575157166,-0.1018284410238266,-0.0839245393872261,253,253,253,253,253,253,0.027631976606776618,-0.3685600723730934,0.20801756852452077,-0.06935032786102198,-3.054319521263561,-0.004117749804523684,0.027636615385685098,-0.36853860985186876,0.207959488057952,-0.06926193482548451,-3.05441529506927,-0.0045048468265155945,4.708086517576091e-8,-0.0000014754358597079561,0.0000019970110088709276,0.000002346971399105828,0.00003379116443745309,0.00001828767795727037,0,0,0,0,0,0,1.26350879329836,-2.4030721620351585,-13.336193485974245,-0.7491940668146357,0.37016637149668924,-0.4505791329670696,7,1,3,1,2,48.19097137451172,48.19097137451172,0.6445291042327881,0,0,0.0040280818939208984,0.0040280818939208984,0.004000000189989805,0.004000000189989805,1,1,0,1,7,0,false,false,100.4000015258789,113,-3,280,55,105,1357,,,,1775568896229,1775568896229,,,,,,,,,,,,,,,
1776085914369,002c2969-c559-4f02-85a2-f2403051e800,0,78.21604788418442,-75.69982349679573,87.86117657721286,-102.90643405543749,-95.17602595281706,351.0114264286625,0.0,-0.0021972656861444866,-0.004119873057300496,-0.020599365286502483,0.009613037689543375,-0.001373291053840304,78.21502791736398,-75.69539220238808,87.86500998860258,-102.89965453481645,-95.17326800849689,351.00770339001696,0.0,0.0,0.0,0.0,0.0,0.0,0.0291595496237278,-1.621719479560852,-1.8681755065917969,-0.9947855472564697,0.04028377681970596,-0.02014188840985298,-2.6056369177447562e-17,-1.3249893081149904,-1.3532303269093235,-0.5659490727397369,-0.03939408057771185,0.0,33.77998352050781,36.609981536865234,38.769981384277344,40.680015563964844,43.129981994628906,40.949981689453125,-0.008972168900072575,-0.8792725801467896,-1.5204660892486572,-0.6501354575157166,-0.1018284410238266,-0.0839245393872261,253,253,253,253,253,253,0.027631976606776618,-0.3685600723730934,0.20801756852452077,-0.06935032786102198,-3.054319521263561,-0.004117749804523684,0.027636615385685098,-0.36853860985186876,0.207959488057952,-0.06926193482548451,-3.05441529506927,-0.0045048468265155945,4.708086517576091e-8,-0.0000014754358597079561,0.0000019970110088709276,0.000002346971399105828,0.00003379116443745309,0.00001828767795727037,0,0,0,0,0,0,1.26350879329836,-2.4030721620351585,-13.336193485974245,-0.7491940668146357,0.37016637149668924,-0.4505791329670696,7,1,3,1,2,48.19097137451172,48.19097137451172,0.6445291042327881,0,0,0.0040280818939208984,0.0040280818939208984,0.004000000189989805,0.004000000189989805,1,1,0,1,7,0,false,false,100.4000015258789,113,-3,280,55,105,1357,,,,1775568896229,1775568896229,,,,,,,,,,,,,,,
1776085914377,002c2969-c559-4f02-85a2-f2403051e800,0,78.21536486526742,-75.69777444004472,87.86185959612986,-102.9036746590128,-95.17602595281706,351.0135028061702,0.0,-0.0021972656861444866,-0.004119873057300496,-0.01922607537908675,0.008239746114600993,-0.001373291053840304,78.21502791736398,-75.69539220238808,87.86500998860258,-102.89965453481645,-95.17326800849689,351.00770339001696,0.0,0.0,0.0,0.0,0.0,0.0,0.0336456336081028,-1.639663815498352,-1.8727505207061768,-0.975762665271759,0.04587874934077263,-0.021260883659124374,-2.6056369177447562e-17,-1.3249893081149904,-1.3532303269093235,-0.5659490727397369,-0.03939408057771185,0.0,33.77998352050781,36.609981536865234,38.769981384277344,40.680015563964844,43.129981994628906,40.949981689453125,-0.008972168900072575,-0.8792725801467896,-1.5204660892486572,-0.6501354575157166,-0.1018284410238266,-0.0839245393872261,253,253,253,253,253,253,0.02762891452182089,-0.3685538660594453,0.20799716085483066,-0.06941767845576721,-3.0543349012490113,-0.0042601985876524855,0.027636615385685098,-0.36853860985186876,0.207959488057952,-0.06926193482548451,-3.05441529506927,-0.0045048468265155945,4.708086517576091e-8,-0.0000014754358597079561,0.0000019970110088709276,0.000002346971399105828,0.00003379116443745309,0.00001828767795727037,0,0,0,0,0,0,1.26350879329836,-2.4030721620351585,-13.336193485974245,-0.7491940668146357,0.37016637149668924,-0.4505791329670696,7,1,3,1,2,48.19097137451172,48.19097137451172,0.6445291042327881,0,0,0.0040280818939208984,0.0040280818939208984,0.004000000189989805,0.004000000189989805,1,1,0,1,7,0,false,false,100.4000015258789,113,-3,280,55,105,1357,,,,1775568896229,1775568896229,,,,,,,,,,,,,,,
1776085914386,002c2969-c559-4f02-85a2-f2403051e800,0,78.21536486526742,-75.69777444004472,87.86185959612986,-102.9036746590128,-95.17602595281706,351.0135028061702,0.0,-0.0021972656861444866,-0.004119873057300496,-0.01922607537908675,0.008239746114600993,-0.001373291053840304,78.21502791736398,-75.69539220238808,87.86500998860258,-102.89965453481645,-95.17326800849689,351.00770339001696,0.0,0.0,0.0,0.0,0.0,0.0,0.0336456336081028,-1.639663815498352,-1.8727505207061768,-0.975762665271759,0.04587874934077263,-0.021260883659124374,-2.6056369177447562e-17,-1.3249893081149904,-1.3532303269093235,-0.5659490727397369,-0.03939408057771185,0.0,33.77998352050781,36.609981536865234,38.769981384277344,40.680015563964844,43.129981994628906,40.949981689453125,-0.008972168900072575,-0.8792725801467896,-1.5204660892486572,-0.6501354575157166,-0.1018284410238266,-0.0839245393872261,253,253,253,253,253,253,0.02762891452182089,-0.3685538660594453,0.20799716085483066,-0.06941767845576721,-3.0543349012490113,-0.0042601985876524855,0.027636615385685098,-0.36853860985186876,0.207959488057952,-0.06926193482548451,-3.05441529506927,-0.0045048468265155945,4.708086517576091e-8,-0.0000014754358597079561,0.0000019970110088709276,0.000002346971399105828,0.00003379116443745309,0.00001828767795727037,0,0,0,0,0,0,1.26350879329836,-2.4030721620351585,-13.336193485974245,-0.7491940668146357,0.37016637149668924,-0.4505791329670696,7,1,3,1,2,48.19097137451172,48.19097137451172,0.6445291042327881,0,0,0.0040280818939208984,0.0040280818939208984,0.004000000189989805,0.004000000189989805,1,1,0,1,7,0,false,false,100.4000015258789,113,-3,280,55,105,1357,,,,1775568896229,1775568896229,,,,,,,,,,,,,,,
1776085914395,002c2969-c559-4f02-85a2-f2403051e800,0,78.21536486526742,-75.69777444004472,87.86185959612986,-102.9036746590128,-95.17602595281706,351.0135028061702,0.0,-0.0021972656861444866,-0.004119873057300496,-0.01922607537908675,0.008239746114600993,-0.001373291053840304,78.21502791736398,-75.69539220238808,87.86500998860258,-102.89965453481645,-95.17326800849689,351.00770339001696,0.0,0.0,0.0,0.0,0.0,0.0,0.0336456336081028,-1.639663815498352,-1.8727505207061768,-0.975762665271759,0.04587874934077263,-0.021260883659124374,-2.6056369177447562e-17,-1.3249893081149904,-1.3532303269093235,-0.5659490727397369,-0.03939408057771185,0.0,33.77998352050781,36.609981536865234,38.769981384277344,40.680015563964844,43.129981994628906,40.949981689453125,-0.008972168900072575,-0.8792725801467896,-1.5204660892486572,-0.6501354575157166,-0.1018284410238266,-0.0839245393872261,253,253,253,253,253,253,0.02762891452182089,-0.3685538660594453,0.20799716085483066,-0.06941767845576721,-3.0543349012490113,-0.0042601985876524855,0.027636615385685098,-0.36853860985186876,0.207959488057952,-0.06926193482548451,-3.05441529506927,-0.0045048468265155945,4.708086517576091e-8,-0.0000014754358597079561,0.0000019970110088709276,0.000002346971399105828,0.00003379116443745309,0.00001828767795727037,0,0,0,0,0,0,1.26350879329836,-2.4030721620351585,-13.336193485974245,-0.7491940668146357,0.37016637149668924,-0.4505791329670696,7,1,3,1,2,48.19097137451172,48.19097137451172,0.6445291042327881,0,0,0.0040280818939208984,0.0040280818939208984,0.004000000189989805,0.004000000189989805,1,1,0,1,7,0,false,false,100.4000015258789,113,-3,280,55,105,1357,,,,1775568896229,1775568896229,,,,,,,,,,,,,,,
1776085914404,002c2969-c559-4f02-85a2-f2403051e800,0,78.21399199724425,-75.69914047787873,87.86185959612986,-102.9036746590128,-95.17602595281706,351.0135028061702,0.0,-0.0021972656861444866,-0.002746582107680608,-0.01785278380414437,0.008239746114600993,-0.001373291053840304,78.21502791736398,-75.69539220238808,87.86500998860258,-102.89965453481645,-95.17326800849689,351.00770339001696,0.0,0.0,0.0,0.0,0.0,0.0,0.0358886756002903,-1.6508790254592896,-1.8742755651474,-0.9880715608596802,0.04923573136329651,-0.019022895023226738,-2.6056369177447562e-17,-1.3249893081149904,-1.3532303269093235,-0.5659490727397369,-0.03939408057771185,0.0,33.77998352050781,36.609981536865234,38.769981384277344,40.680015563964844,43.129981994628906,40.949981689453125,-0.008972168900072575,-0.8792725801467896,-1.5204660892486572,-0.6501354575157166,-0.1018284410238266,-0.0839245393872261,253,253,253,253,253,253,0.027620362905266958,-0.3685532166391888,0.2080056274743885,-0.06945570758629027,-3.054329781542048,-0.0042259625335998455,0.027636615385685098,-0.36853860985186876,0.207959488057952,-0.06926193482548451,-3.05441529506927,-0.0045048468265155945,4.708086517576091e-8,-0.0000014754358597079561,0.0000019970110088709276,0.000002346971399105828,0.00003379116443745309,0.00001828767795727037,0,0,0,0,0,0,1.26350879329836,-2.4030721620351585,-13.336193485974245,-0.7491940668146357,0.37016637149668924,-0.4505791329670696,7,1,3,1,2,48.19097137451172,48.19097137451172,0.6445291042327881,0,0,0.0040280818939208984,0.0040280818939208984,0.004000000189989805,0.004000000189989805,1,1,0,1,7,0,false,false,100.4000015258789,113,-3,280,55,105,1357,,,,1775568896229,1775568896229,,,,,,,,,,,,,,,
1776085914413,002c2969-c559-4f02-85a2-f2403051e800,0,78.21399199724425,-75.69914047787873,87.86185959612986,-102.9036746590128,-95.17602595281706,351.0135028061702,0.0,-0.0021972656861444866,-0.002746582107680608,-0.01785278380414437,0.008239746114600993,-0.001373291053840304,78.21502791736398,-75.69539220238808,87.86500998860258,-102.89965453481645,-95.17326800849689,351.00770339001696,0.0,0.0,0.0,0.0,0.0,0.0,0.0358886756002903,-1.6508790254592896,-1.8742755651474,-0.9880715608596802,0.04923573136329651,-0.019022895023226738,-2.6056369177447562e-17,-1.3249893081149904,-1.3532303269093235,-0.5659490727397369,-0.03939408057771185,0.0,33.77998352050781,36.609981536865234,38.769981384277344,40.680015563964844,43.129981994628906,40.949981689453125,-0.008972168900072575,-0.8792725801467896,-1.5204660892486572,-0.6501354575157166,-0.1018284410238266,-0.0839245393872261,253,253,253,253,253,253,0.027620362905266958,-0.3685532166391888,0.2080056274743885,-0.06945570758629027,-3.054329781542048,-0.0042259625335998455,0.027636615385685098,-0.36853860985186876,0.207959488057952,-0.06926193482548451,-3.05441529506927,-0.0045048468265155945,4.708086517576091e-8,-0.0000014754358597079561,0.0000019970110088709276,0.000002346971399105828,0.00003379116443745309,0.00001828767795727037,0,0,0,0,0,0,1.26350879329836,-2.4030721620351585,-13.336193485974245,-0.7491940668146357,0.37016637149668924,-0.4505791329670696,7,1,3,1,2,48.19097137451172,48.19097137451172,0.6445291042327881,0,0,0.0040280818939208984,0.0040280818939208984,0.004000000189989805,0.004000000189989805,1,1,0,1,7,0,false,false,100.4000015258789,113,-3,280,55,105,1357,,,,1775568896229,1775568896229,,,,,,,,,,,,,,,
1776085914423,002c2969-c559-4f02-85a2-f2403051e800,0,78.21604788418442,-75.69569806253705,87.86254261504686,-102.90575103652048,-95.17739199065106,351.0114264286625,0.0,-0.0021972656861444866,-0.002746582107680608,-0.016479492229201986,0.008239746114600993,-0.001373291053840304,78.21502791736398,-75.69539220238808,87.86500998860258,-102.89965453481645,-95.17326800849689,351.00770339001696,0.0,0.0,0.0,0.0,0.0,0.0,0.0358886756002903,-1.612747311592102,-1.875800609588623,-0.9444308280944824,0.05371170490980148,-0.02014188840985298,-2.6056369177447562e-17,-1.3249893081149904,-1.3532303269093235,-0.5659490727397369,-0.03939408057771185,0.0,33.77998352050781,36.609981536865234,38.769981384277344,40.680015563964844,43.129981994628906,40.949981689453125,-0.008972168900072575,-0.8792725801467896,-1.5204660892486572,-0.6501354575157166,-0.1018284410238266,-0.0839245393872261,253,253,253,253,253,253,0.027629119336618574,-0.36855758211175976,0.20798419824871622,-0.06934339838155992,-3.0543153877228857,-0.004286171999087511,0.027636615385685098,-0.36853860985186876,0.207959488057952,-0.06926193482548451,-3.05441529506927,-0.0045048468265155945,4.708086517576091e-8,-0.0000014754358597079561,0.0000019970110088709276,0.000002346971399105828,0.00003379116443745309,0.00001828767795727037,0,0,0,0,0,0,1.26350879329836,-2.4030721620351585,-13.336193485974245,-0.7491940668146357,0.37016637149668924,-0.4505791329670696,7,1,3,1,2,48.19097137451172,48.19097137451172,0.6445291042327881,0,0,0.0040280818939208984,0.0040280818939208984,0.004000000189989805,0.004000000189989805,1,1,0,1,7,0,false,false,100.4000015258789,113,-3,280,55,105,1357,,,,1775568896229,1775568896229,,,,,,,,,,,,,,,
1776085914433,002c2969-c559-4f02-85a2-f2403051e800,0,78.21604788418442,-75.69569806253705,87.86254261504686,-102.90575103652048,-95.17739199065106,351.0114264286625,0.0,-0.0021972656861444866,-0.002746582107680608,-0.016479492229201986,0.008239746114600993,-0.001373291053840304,78.21502791736398,-75.69539220238808,87.86500998860258,-102.89965453481645,-95.17326800849689,351.00770339001696,0.0,0.0,0.0,0.0,0.0,0.0,0.0358886756002903,-1.612747311592102,-1.875800609588623,-0.9444308280944824,0.05371170490980148,-0.02014188840985298,-2.6056369177447562e-17,-1.3249893081149904,-1.3532303269093235,-0.5659490727397369,-0.03939408057771185,0.0,33.77998352050781,36.609981536865234,38.769981384277344,40.680015563964844,43.129981994628906,40.949981689453125,-0.008972168900072575,-0.8792725801467896,-1.5204660892486572,-0.6501354575157166,-0.1018284410238266,-0.0839245393872261,253,253,253,253,253,253,0.027629119336618574,-0.36855758211175976,0.20798419824871622,-0.06934339838155992,-3.0543153877228857,-0.004286171999087511,0.027636615385685098,-0.36853860985186876,0.207959488057952,-0.06926193482548451,-3.05441529506927,-0.0045048468265155945,4.708086517576091e-8,-0.0000014754358597079561,0.0000019970110088709276,0.000002346971399105828,0.00003379116443745309,0.00001828767795727037,0,0,0,0,0,0,1.26350879329836,-2.4030721620351585,-13.336193485974245,-0.7491940668146357,0.37016637149668924,-0.4505791329670696,7,1,3,1,2,48.19097137451172,48.19097137451172,0.6445291042327881,0,0,0.0040280818939208984,0.0040280818939208984,0.004000000189989805,0.004000000189989805,1,1,0,1,7,0,false,false,100.4000015258789,113,-3,280,55,105,1357,,,,1775568896229,1775568896229,,,,,,,,,,,,,,,
1776085914442,002c2969-c559-4f02-85a2-f2403051e800,0,78.21399199724425,-75.69777444004472,87.86185959612986,-102.9050406968468,-95.17463259422637,351.01074340974554,0.0,-0.0021972656861444866,-0.002746582107680608,-0.015106202321786255,0.006866455373421936,-0.001373291053840304,78.21502791736398,-75.69539220238808,87.86500998860258,-102.89965453481645,-95.17326800849689,351.00770339001696,0.0,0.0,0.0,0.0,0.0,0.0,0.0336456336081028,-1.6194764375686646,-1.8788506984710693,-0.9623346924781799,0.041402772068977356,-0.017903901636600494,-2.6056369177447562e-17,-1.3249893081149904,-1.3532303269093235,-0.5659490727397369,-0.03939408057771185,0.0,33.77998352050781,36.609981536865234,38.769981384277344,40.680015563964844,43.129981994628906,40.949981689453125,-0.008972168900072575,-0.8792725801467896,-1.5204660892486572,-0.6501354575157166,-0.1018284410238266,-0.0839245393872261,253,253,253,253,253,253,0.027622689473121517,-0.368558365928183,0.2079989466538019,-0.0693826540299663,-3.0543555575990795,-0.004222521468613227,0.027636615385685098,-0.36853860985186876,0.207959488057952,-0.06926193482548451,-3.05441529506927,-0.0045048468265155945,4.708086517576091e-8,-0.0000014754358597079561,0.0000019970110088709276,0.000002346971399105828,0.00003379116443745309,0.00001828767795727037,0,0,0,0,0,0,1.26350879329836,-2.4030721620351585,-13.336193485974245,-0.7491940668146357,0.37016637149668924,-0.4505791329670696,7,1,3,1,2,48.19097137451172,48.19097137451172,0.6445291042327881,0,0,0.0040280818939208984,0.0040280818939208984,0.004000000189989805,0.004000000189989805,1,1,0,1,7,0,false,false,100.4000015258789,113,-3,280,55,105,1357,,,,1775568896229,1775568896229,,,,,,,,,,,,,,,
1776085914452,002c2969-c559-4f02-85a2-f2403051e800,0,78.21399199724425,-75.69777444004472,87.86185959612986,-102.9050406968468,-95.17463259422637,351.01074340974554,0.0,-0.0021972656861444866,-0.002746582107680608,-0.015106202321786255,0.006866455373421936,-0.001373291053840304,78.21502791736398,-75.69539220238808,87.86500998860258,-102.89965453481645,-95.17326800849689,351.00770339001696,0.0,0.0,0.0,0.0,0.0,0.0,0.0336456336081028,-1.6194764375686646,-1.8788506984710693,-0.9623346924781799,0.041402772068977356,-0.017903901636600494,-2.6056369177447562e-17,-1.3249893081149904,-1.3532303269093235,-0.5659490727397369,-0.03939408057771185,0.0,33.77998352050781,36.609981536865234,38.769981384277344,40.680015563964844,43.129981994628906,40.949981689453125,-0.008972168900072575,-0.8792725801467896,-1.5204660892486572,-0.6501354575157166,-0.1018284410238266,-0.0839245393872261,253,253,253,253,253,253,0.027622689473121517,-0.368558365928183,0.2079989466538019,-0.0693826540299663,-3.0543555575990795,-0.004222521468613227,0.027636615385685098,-0.36853860985186876,0.207959488057952,-0.06926193482548451,-3.05441529506927,-0.0045048468265155945,4.708086517576091e-8,-0.0000014754358597079561,0.0000019970110088709276,0.000002346971399105828,0.00003379116443745309,0.00001828767795727037,0,0,0,0,0,0,1.26350879329836,-2.4030721620351585,-13.336193485974245,-0.7491940668146357,0.37016637149668924,-0.4505791329670696,7,1,3,1,2,48.19097137451172,48.19097137451172,0.6445291042327881,0,0,0.0040280818939208984,0.0040280818939208984,0.004000000189989805,0.004000000189989805,1,1,0,1,7,0,false,false,100.4000015258789,113,-3,280,55,105,1357,,,,1775568896229,1775568896229,,,,,,,,,,,,,,,
1776085914462,002c2969-c559-4f02-85a2-f2403051e800,0,78.21330214813807,-75.69638108145405,87.86322563396386,-102.90299164009579,-95.17670897173406,351.01074340974554,0.0,-0.0021972656861444866,-0.002746582107680608,-0.013732910746843872,0.006866455373421936,-0.001373291053840304,78.21502791736398,-75.69539220238808,87.86500998860258,-102.89965453481645,-95.17326800849689,351.00770339001696,0.0,0.0,0.0,0.0,0.0,0.0,0.0426178015768528,-1.581344723701477,-1.8697004318237305,-0.9276459217071533,0.04587874934077263,-0.02014188840985298,-2.6056369177447562e-17,-1.3249893081149904,-1.3532303269093235,-0.5659490727397369,-0.03939408057771185,0.0,33.77998352050781,36.609981536865234,38.769981384277344,40.680015563964844,43.129981994628906,40.949981689453125,-0.008972168900072575,-0.8792725801467896,-1.5204660892486572,-0.6501354575157166,-0.1018284410238266,-0.0839245393872261,253,253,253,253,253,253,0.027614946203342997,-0.36855007553279795,0.2079805845064607,-0.06939519878319646,-3.0543343926025615,-0.004359308577067856,0.027636615385685098,-0.36853860985186876,0.207959488057952,-0.06926193482548451,-3.05441529506927,-0.0045048468265155945,4.708086517576091e-8,-0.0000014754358597079561,0.0000019970110088709276,0.000002346971399105828,0.00003379116443745309,0.00001828767795727037,0,0,0,0,0,0,1.26350879329836,-2.4030721620351585,-13.336193485974245,-0.7491940668146357,0.37016637149668924,-0.4505791329670696,7,1,3,1,2,48.19097137451172,48.19097137451172,0.6445291042327881,0,0,0.0040280818939208984,0.0040280818939208984,0.004000000189989805,0.004000000189989805,1,1,0,1,7,0,false,false,100.4000015258789,113,-3,280,55,105,1357,,,,1775568896229,1775568896229,,,,,,,,,,,,,,,
1776085914471,002c2969-c559-4f02-85a2-f2403051e800,0,78.21330214813807,-75.69638108145405,87.86322563396386,-102.90299164009579,-95.17670897173406,351.01074340974554,0.0,-0.0021972656861444866,-0.002746582107680608,-0.013732910746843872,0.006866455373421936,-0.001373291053840304,78.21502791736398,-75.69539220238808,87.86500998860258,-102.89965453481645,-95.17326800849689,351.00770339001696,0.0,0.0,0.0,0.0,0.0,0.0,0.0426178015768528,-1.581344723701477,-1.8697004318237305,-0.9276459217071533,0.04587874934077263,-0.02014188840985298,-2.6056369177447562e-17,-1.3249893081149904,-1.3532303269093235,-0.5659490727397369,-0.03939408057771185,0.0,33.77998352050781,36.609981536865234,38.769981384277344,40.680015563964844,43.129981994628906,40.949981689453125,-0.008972168900072575,-0.8792725801467896,-1.5204660892486572,-0.6501354575157166,-0.1018284410238266,-0.0839245393872261,253,253,253,253,253,253,0.027614946203342997,-0.36855007553279795,0.2079805845064607,-0.06939519878319646,-3.0543343926025615,-0.004359308577067856,0.027636615385685098,-0.36853860985186876,0.207959488057952,-0.06926193482548451,-3.05441529506927,-0.0045048468265155945,4.708086517576091e-8,-0.0000014754358597079561,0.0000019970110088709276,0.000002346971399105828,0.00003379116443745309,0.00001828767795727037,0,0,0,0,0,0,1.26350879329836,-2.4030721620351585,-13.336193485974245,-0.7491940668146357,0.37016637149668924,-0.4505791329670696,7,1,3,1,2,48.19097137451172,48.19097137451172,0.6445291042327881,0,0,0.0040280818939208984,0.0040280818939208984,0.004000000189989805,0.004000000189989805,1,1,0,1,7,0,false,false,100.4000015258789,113,-3,280,55,105,1357,,,,1775568896229,1775568896229,,,,,,,,,,,,,,,
1776085914480,002c2969-c559-4f02-85a2-f2403051e800,0,78.21467501616125,-75.69777444004472,87.85978321862218,-102.90711707435449,-95.17326655639236,351.0114264286625,0.0,-0.0021972656861444866,-0.002746582107680608,-0.013732910746843872,0.006866455373421936,-0.001373291053840304,78.21502791736398,-75.69539220238808,87.86500998860258,-102.89965453481645,-95.17326800849689,351.00770339001696,0.0,0.0,0.0,0.0,0.0,0.0,0.02467346377670765,-1.635177731513977,-1.8712254762649536,-0.925407886505127,0.04364075884222984,-0.021260883659124374,-2.6056369177447562e-17,-1.3249893081149904,-1.3532303269093235,-0.5659490727397369,-0.03939408057771185,0.0,33.77998352050781,36.609981536865234,38.769981384277344,40.680015563964844,43.129981994628906,40.949981689453125,-0.008972168900072575,-0.8792725801467896,-1.5204660892486572,-0.6501354575157166,-0.1018284410238266,-0.0839245393872261,253,253,253,253,253,253,0.027608425348535734,-0.3685641745967389,0.20800209575640255,-0.06945832360489494,-3.054347519084128,-0.004169633895116422,0.027636615385685098,-0.36853860985186876,0.207959488057952,-0.06926193482548451,-3.05441529506927,-0.0045048468265155945,4.708086517576091e-8,-0.0000014754358597079561,0.0000019970110088709276,0.000002346971399105828,0.00003379116443745309,0.00001828767795727037,0,0,0,0,0,0,1.26350879329836,-2.4030721620351585,-13.336193485974245,-0.7491940668146357,0.37016637149668924,-0.4505791329670696,7,1,3,1,2,48.19097137451172,48.19097137451172,0.6445291042327881,0,0,0.0040280818939208984,0.0040280818939208984,0.004000000189989805,0.004000000189989805,1,1,0,1,7,0,false,false,100.4000015258789,113,-3,280,55,105,1357,,,,1775568896229,1775568896229,,,,,,,,,,,,,,,
1776085914490,002c2969-c559-4f02-85a2-f2403051e800,0,78.2119292801149,-75.69914047787873,87.86117657721286,-102.90575103652048,-95.17602595281706,351.01074340974554,0.0,-0.0021972656861444866,-0.002746582107680608,-0.012359620005664816,0.006866455373421936,-0.001373291053840304,78.21502791736398,-75.69539220238808,87.86500998860258,-102.89965453481645,-95.17326800849689,351.00770339001696,0.0,0.0,0.0,0.0,0.0,0.0,0.0314025916159153,-1.6733094453811646,-1.8742755651474,-0.925407886505127,0.054830700159072876,-0.022379877045750618,-2.6056369177447562e-17,-1.3249893081149904,-1.3532303269093235,-0.5659490727397369,-0.03939408057771185,0.0,33.77998352050781,36.609981536865234,38.769981384277344,40.680015563964844,43.129981994628906,40.949981689453125,-0.008972168900072575,-0.8792725801467896,-1.5204660892486572,-0.6501354575157166,-0.1018284410238266,-0.0839245393872261,253,253,253,253,253,253,0.02760567101085813,-0.3685611298581916,0.20801229917608466,-0.06944036720845506,-3.0543218145060678,-0.00415911879478226,0.027636615385685098,-0.36853860985186876,0.207959488057952,-0.06926193482548451,-3.05441529506927,-0.0045048468265155945,4.708086517576091e-8,-0.0000014754358597079561,0.0000019970110088709276,0.000002346971399105828,0.00003379116443745309,0.00001828767795727037,0,0,0,0,0,0,1.26350879329836,-2.4030721620351585,-13.336193485974245,-0.7491940668146357,0.37016637149668924,-0.4505791329670696,7,1,3,1,2,48.19097137451172,48.19097137451172,0.6445291042327881,0,0,0.0040280818939208984,0.0040280818939208984,0.004000000189989805,0.004000000189989805,1,1,0,1,7,0,false,false,100.4000015258789,113,-3,280,55,105,1357,,,,1775568896229,1775568896229,,,,,,,,,,,,,,,
1776085914500,002c2969-c559-4f02-85a2-f2403051e800,0,78.2119292801149,-75.69914047787873,87.86117657721286,-102.90575103652048,-95.17602595281706,351.01074340974554,0.0,-0.0021972656861444866,-0.002746582107680608,-0.012359620005664816,0.006866455373421936,-0.001373291053840304,78.21502791736398,-75.69539220238808,87.86500998860258,-102.89965453481645,-95.17326800849689,351.00770339001696,0.0,0.0,0.0,0.0,0.0,0.0,0.0314025916159153,-1.6733094453811646,-1.8742755651474,-0.925407886505127,0.054830700159072876,-0.022379877045750618,-2.6056369177447562e-17,-1.3249893081149904,-1.3532303269093235,-0.5659490727397369,-0.03939408057771185,0.0,33.77998352050781,36.609981536865234,38.769981384277344,40.680015563964844,43.129981994628906,40.949981689453125,-0.008972168900072575,-0.8792725801467896,-1.5204660892486572,-0.6501354575157166,-0.1018284410238266,-0.0839245393872261,253,253,253,253,253,253,0.02760567101085813,-0.3685611298581916,0.20801229917608466,-0.06944036720845506,-3.0543218145060678,-0.00415911879478226,0.027636615385685098,-0.36853860985186876,0.207959488057952,-0.06926193482548451,-3.05441529506927,-0.0045048468265155945,4.708086517576091e-8,-0.0000014754358597079561,0.0000019970110088709276,0.000002346971399105828,0.00003379116443745309,0.00001828767795727037,0,0,0,0,0,0,1.26350879329836,-2.4030721620351585,-13.336193485974245,-0.7491940668146357,0.37016637149668924,-0.4505791329670696,7,1,3,1,2,48.19097137451172,48.19097137451172,0.6445291042327881,0,0,0.0040280818939208984,0.0040280818939208984,0.004000000189989805,0.004000000189989805,1,1,0,1,7,0,false,false,100.4000015258789,113,-3,280,55,105,1357,,,,1775568896229,1775568896229,,,,,,,,,,,,,,,
1776085914510,002c2969-c559-4f02-85a2-f2403051e800,0,78.21536486526742,-75.69845745896173,87.86185959612986,-102.9036746590128,-95.17463259422637,351.0114264286625,0.0,-0.0021972656861444866,-0.002746582107680608,-0.010986328430722432,0.006866455373421936,-0.001373291053840304,78.21502791736398,-75.69539220238808,87.86500998860258,-102.89965453481645,-95.17326800849689,351.00770339001696,0.0,0.0,0.0,0.0,0.0,0.0,0.0381317175924778,-1.617233395576477,-1.8742755651474,-0.9354788661003113,0.044759754091501236,-0.017903901636600494,-2.6056369177447562e-17,-1.3249893081149904,-1.3532303269093235,-0.5659490727397369,-0.03939408057771185,0.0,33.77998352050781,36.609981536865234,38.769981384277344,40.680015563964844,43.129981994628906,40.949981689453125,-0.008972168900072575,-0.8792725801467896,-1.5204660892486572,-0.6501354575157166,-0.1018284410238266,-0.0839245393872261,253,253,253,253,253,253,0.027632314959625086,-0.36855388080511253,0.20800110828660281,-0.0693633494381547,-3.054357982804598,-0.004238082336707139,0.027636615385685098,-0.36853860985186876,0.207959488057952,-0.06926193482548451,-3.05441529506927,-0.0045048468265155945,4.708086517576091e-8,-0.0000014754358597079561,0.0000019970110088709276,0.000002346971399105828,0.00003379116443745309,0.00001828767795727037,0,0,0,0,0,0,1.26350879329836,-2.4030721620351585,-13.336193485974245,-0.7491940668146357,0.37016637149668924,-0.4505791329670696,7,1,3,1,2,48.19097137451172,48.19097137451172,0.6445291042327881,0,0,0.0040280818939208984,0.0040280818939208984,0.004000000189989805,0.004000000189989805,1,1,0,1,7,0,false,false,100.4000015258789,113,-3,280,55,105,1357,,,,1775568896229,1775568896229,,,,,,,,,,,,,,,
1776085914519,002c2969-c559-4f02-85a2-f2403051e800,0,78.21536486526742,-75.69845745896173,87.86185959612986,-102.9036746590128,-95.17463259422637,351.0114264286625,0.0,-0.0021972656861444866,-0.002746582107680608,-0.010986328430722432,0.006866455373421936,-0.001373291053840304,78.21502791736398,-75.69539220238808,87.86500998860258,-102.89965453481645,-95.17326800849689,351.00770339001696,0.0,0.0,0.0,0.0,0.0,0.0,0.0381317175924778,-1.617233395576477,-1.8742755651474,-0.9354788661003113,0.044759754091501236,-0.017903901636600494,-2.6056369177447562e-17,-1.3249893081149904,-1.3532303269093235,-0.5659490727397369,-0.03939408057771185,0.0,33.77998352050781,36.609981536865234,38.769981384277344,40.680015563964844,43.129981994628906,40.949981689453125,-0.008972168900072575,-0.8792725801467896,-1.5204660892486572,-0.6501354575157166,-0.1018284410238266,-0.0839245393872261,253,253,253,253,253,253,0.027632314959625086,-0.36855388080511253,0.20800110828660281,-0.0693633494381547,-3.054357982804598,-0.004238082336707139,0.027636615385685098,-0.36853860985186876,0.207959488057952,-0.06926193482548451,-3.05441529506927,-0.0045048468265155945,4.708086517576091e-8,-0.0000014754358597079561,0.0000019970110088709276,0.000002346971399105828,0.00003379116443745309,0.00001828767795727037,0,0,0,0,0,0,1.26350879329836,-2.4030721620351585,-13.336193485974245,-0.7491940668146357,0.37016637149668924,-0.4505791329670696,7,1,3,1,2,48.19097137451172,48.19097137451172,0.6445291042327881,0,0,0.0040280818939208984,0.0040280818939208984,0.004000000189989805,0.004000000189989805,1,1,0,1,7,0,false,false,100.4000015258789,113,-3,280,55,105,1357,,,,1775568896229,1775568896229,,,,,,,,,,,,,,,
1776085914528,002c2969-c559-4f02-85a2-f2403051e800,0,78.21399199724425,-75.69569806253705,87.86117657721286,-102.9043576779298,-95.17326655639236,351.0086943529945,0.0,-0.0021972656861444866,-0.002746582107680608,-0.010986328430722432,0.005493164215361216,-0.001373291053840304,78.21502791736398,-75.69539220238808,87.86500998860258,-102.89965453481645,-95.17326800849689,351.00770339001696,0.0,0.0,0.0,0.0,0.0,0.0,0.0336456336081028,-1.648635983467102,-1.8742755651474,-0.9130989909172058,0.0503547228872776,-0.022379877045750618,-2.6056369177447562e-17,-1.3249893081149904,-1.3532303269093235,-0.5659490727397369,-0.03939408057771185,0.0,33.77998352050781,36.609981536865234,38.769981384277344,40.680015563964844,43.129981994628906,40.949981689453125,-0.008972168900072575,-0.8792725801467896,-1.5204660892486572,-0.6501354575157166,-0.1018284410238266,-0.0839245393872261,253,253,253,253,253,253,0.027625361306558092,-0.368561537274514,0.20798828365633643,-0.06932607251619761,-3.0543868930554807,-0.0042728496502478204,0.027636615385685098,-0.36853860985186876,0.207959488057952,-0.06926193482548451,-3.05441529506927,-0.0045048468265155945,4.708086517576091e-8,-0.0000014754358597079561,0.0000019970110088709276,0.000002346971399105828,0.00003379116443745309,0.00001828767795727037,0,0,0,0,0,0,1.26350879329836,-2.4030721620351585,-13.336193485974245,-0.7491940668146357,0.37016637149668924,-0.4505791329670696,7,1,3,1,2,48.19097137451172,48.19097137451172,0.6445291042327881,0,0,0.0040280818939208984,0.0040280818939208984,0.004000000189989805,0.004000000189989805,1,1,0,1,7,0,false,false,100.4000015258789,113,-3,280,55,105,1357,,,,1775568896229,1775568896229,,,,,,,,,,,,,,,
1776085914537,002c2969-c559-4f02-85a2-f2403051e800,0,78.21399199724425,-75.69569806253705,87.86117657721286,-102.9043576779298,-95.17326655639236,351.0086943529945,0.0,-0.0021972656861444866,-0.002746582107680608,-0.010986328430722432,0.005493164215361216,-0.001373291053840304,78.21502791736398,-75.69539220238808,87.86500998860258,-102.89965453481645,-95.17326800849689,351.00770339001696,0.0,0.0,0.0,0.0,0.0,0.0,0.0336456336081028,-1.648635983467102,-1.8742755651474,-0.9130989909172058,0.0503547228872776,-0.022379877045750618,-2.6056369177447562e-17,-1.3249893081149904,-1.3532303269093235,-0.5659490727397369,-0.03939408057771185,0.0,33.77998352050781,36.609981536865234,38.769981384277344,40.680015563964844,43.129981994628906,40.949981689453125,-0.008972168900072575,-0.8792725801467896,-1.5204660892486572,-0.6501354575157166,-0.1018284410238266,-0.0839245393872261,253,253,253,253,253,253,0.027625361306558092,-0.368561537274514,0.20798828365633643,-0.06932607251619761,-3.0543868930554807,-0.0042728496502478204,0.027636615385685098,-0.36853860985186876,0.207959488057952,-0.06926193482548451,-3.05441529506927,-0.0045048468265155945,4.708086517576091e-8,-0.0000014754358597079561,0.0000019970110088709276,0.000002346971399105828,0.00003379116443745309,0.00001828767795727037,0,0,0,0,0,0,1.26350879329836,-2.4030721620351585,-13.336193485974245,-0.7491940668146357,0.37016637149668924,-0.4505791329670696,7,1,3,1,2,48.19097137451172,48.19097137451172,0.6445291042327881,0,0,0.0040280818939208984,0.0040280818939208984,0.004000000189989805,0.004000000189989805,1,1,0,1,7,0,false,false,100.4000015258789,113,-3,280,55,105,1357,,,,1775568896229,1775568896229,,,,,,,,,,,,,,,
1776085914547,002c2969-c559-4f02-85a2-f2403051e800,0,78.21126675176541,-75.69777444004472,87.86117657721286,-102.9043576779298,-95.17463259422637,351.0093773719115,0.0,-0.0021972656861444866,-0.002746582107680608,-0.009613037689543375,0.005493164215361216,-0.001373291053840304,78.21502791736398,-75.69539220238808,87.86500998860258,-102.89965453481645,-95.17326800849689,351.00770339001696,0.0,0.0,0.0,0.0,0.0,0.0,0.0381317175924778,-1.594802975654602,-1.8712254762649536,-0.8884811401367188,0.0503547228872776,-0.02014188840985298,-2.6056369177447562e-17,-1.3249893081149904,-1.3532303269093235,-0.5659490727397369,-0.03939408057771185,0.0,33.77998352050781,36.609981536865234,38.769981384277344,40.680015563964844,43.129981994628906,40.949981689453125,-0.008972168900072575,-0.8792725801467896,-1.5204660892486572,-0.6501354575157166,-0.1018284410238266,-0.0839245393872261,253,253,253,253,253,253,0.02760505864991837,-0.3685602003971467,0.20800143331264428,-0.06941881026087694,-3.054354842455371,-0.004227231921644658,0.027636615385685098,-0.36853860985186876,0.207959488057952,-0.06926193482548451,-3.05441529506927,-0.0045048468265155945,4.708086517576091e-8,-0.0000014754358597079561,0.0000019970110088709276,0.000002346971399105828,0.00003379116443745309,0.00001828767795727037,0,0,0,0,0,0,1.26350879329836,-2.4030721620351585,-13.336193485974245,-0.7491940668146357,0.37016637149668924,-0.4505791329670696,7,1,3,1,2,48.19097137451172,48.19097137451172,0.6445291042327881,0,0,0.0040280818939208984,0.0040280818939208984,0.004000000189989805,0.004000000189989805,1,1,0,1,7,0,false,false,100.4000015258789,113,-3,280,55,105,1357,,,,1775568896229,1775568896229,,,,,,,,,,,,,,,
1776085914556,002c2969-c559-4f02-85a2-f2403051e800,0,78.21126675176541,-75.69777444004472,87.86117657721286,-102.9043576779298,-95.17463259422637,351.0093773719115,0.0,-0.0021972656861444866,-0.002746582107680608,-0.009613037689543375,0.005493164215361216,-0.001373291053840304,78.21502791736398,-75.69539220238808,87.86500998860258,-102.89965453481645,-95.17326800849689,351.00770339001696,0.0,0.0,0.0,0.0,0.0,0.0,0.0381317175924778,-1.594802975654602,-1.8712254762649536,-0.8884811401367188,0.0503547228872776,-0.02014188840985298,-2.6056369177447562e-17,-1.3249893081149904,-1.3532303269093235,-0.5659490727397369,-0.03939408057771185,0.0,33.77998352050781,36.609981536865234,38.769981384277344,40.680015563964844,43.129981994628906,40.949981689453125,-0.008972168900072575,-0.8792725801467896,-1.5204660892486572,-0.6501354575157166,-0.1018284410238266,-0.0839245393872261,253,253,253,253,253,253,0.02760505864991837,-0.3685602003971467,0.20800143331264428,-0.06941881026087694,-3.054354842455371,-0.004227231921644658,0.027636615385685098,-0.36853860985186876,0.207959488057952,-0.06926193482548451,-3.05441529506927,-0.0045048468265155945,4.708086517576091e-8,-0.0000014754358597079561,0.0000019970110088709276,0.000002346971399105828,0.00003379116443745309,0.00001828767795727037,0,0,0,0,0,0,1.26350879329836,-2.4030721620351585,-13.336193485974245,-0.7491940668146357,0.37016637149668924,-0.4505791329670696,7,1,3,1,2,48.19097137451172,48.19097137451172,0.6445291042327881,0,0,0.0040280818939208984,0.0040280818939208984,0.004000000189989805,0.004000000189989805,1,1,0,1,7,0,false,false,100.4000015258789,113,-3,280,55,105,1357,,,,1775568896229,1775568896229,,,,,,,,,,,,,,,
1776085914566,002c2969-c559-4f02-85a2-f2403051e800,0,78.21330214813807,-75.69777444004472,87.85978321862218,-102.9043576779298,-95.17739199065106,351.0086943529945,0.0,-0.0021972656861444866,-0.002746582107680608,-0.009613037689543375,0.005493164215361216,-0.001373291053840304,78.21502791736398,-75.69539220238808,87.86500998860258,-102.89965453481645,-95.17326800849689,351.00770339001696,0.0,0.0,0.0,0.0,0.0,0.0,0.0314025916159153,-1.6463929414749146,-1.8788506984710693,-0.8974330425262451,0.04923573136329651,-0.017903901636600494,-2.6056369177447562e-17,-1.3249893081149904,-1.3532303269093235,-0.5659490727397369,-0.03939408057771185,0.0,33.77998352050781,36.609981536865234,38.769981384277344,40.680015563964844,43.129981994628906,40.949981689453125,-0.008972168900072575,-0.8792725801467896,-1.5204660892486572,-0.6501354575157166,-0.1018284410238266,-0.0839245393872261,253,253,253,253,253,253,0.027610820961694513,-0.36856218521652223,0.20800918554616607,-0.06934728219782083,-3.054304787998737,-0.0042021765909424635,0.027636615385685098,-0.36853860985186876,0.207959488057952,-0.06926193482548451,-3.05441529506927,-0.0045048468265155945,4.708086517576091e-8,-0.0000014754358597079561,0.0000019970110088709276,0.000002346971399105828,0.00003379116443745309,0.00001828767795727037,0,0,0,0,0,0,1.26350879329836,-2.4030721620351585,-13.336193485974245,-0.7491940668146357,0.37016637149668924,-0.4505791329670696,7,1,3,1,2,48.19097137451172,48.19097137451172,0.6445291042327881,0,0,0.0040280818939208984,0.0040280818939208984,0.004000000189989805,0.004000000189989805,1,1,0,1,7,0,false,false,100.4000015258789,113,-3,280,55,105,1357,,,,1775568896229,1775568896229,,,,,,,,,,,,,,,
1776085914576,002c2969-c559-4f02-85a2-f2403051e800,0,78.21330214813807,-75.69777444004472,87.85978321862218,-102.9043576779298,-95.17739199065106,351.0086943529945,0.0,-0.0021972656861444866,-0.002746582107680608,-0.009613037689543375,0.005493164215361216,-0.001373291053840304,78.21502791736398,-75.69539220238808,87.86500998860258,-102.89965453481645,-95.17326800849689,351.00770339001696,0.0,0.0,0.0,0.0,0.0,0.0,0.0314025916159153,-1.6463929414749146,-1.8788506984710693,-0.8974330425262451,0.04923573136329651,-0.017903901636600494,-2.6056369177447562e-17,-1.3249893081149904,-1.3532303269093235,-0.5659490727397369,-0.03939408057771185,0.0,33.77998352050781,36.609981536865234,38.769981384277344,40.680015563964844,43.129981994628906,40.949981689453125,-0.008972168900072575,-0.8792725801467896,-1.5204660892486572,-0.6501354575157166,-0.1018284410238266,-0.0839245393872261,253,253,253,253,253,253,0.027610820961694513,-0.36856218521652223,0.20800918554616607,-0.06934728219782083,-3.054304787998737,-0.0042021765909424635,0.027636615385685098,-0.36853860985186876,0.207959488057952,-0.06926193482548451,-3.05441529506927,-0.0045048468265155945,4.708086517576091e-8,-0.0000014754358597079561,0.0000019970110088709276,0.000002346971399105828,0.00003379116443745309,0.00001828767795727037,0,0,0,0,0,0,1.26350879329836,-2.4030721620351585,-13.336193485974245,-0.7491940668146357,0.37016637149668924,-0.4505791329670696,7,1,3,1,2,48.19097137451172,48.19097137451172,0.6445291042327881,0,0,0.0040280818939208984,0.0040280818939208984,0.004000000189989805,0.004000000189989805,1,1,0,1,7,0,false,false,100.4000015258789,113,-3,280,55,105,1357,,,,1775568896229,1775568896229,,,,,,,,,,,,,,,
1776085914585,002c2969-c559-4f02-85a2-f2403051e800,0,78.21399199724425,-75.69709142112772,87.86117657721286,-102.9036746590128,-95.17394957530936,351.0114264286625,0.0,-0.0021972656861444866,-0.002746582107680608,-0.009613037689543375,0.005493164215361216,-0.001373291053840304,78.21502791736398,-75.69539220238808,87.86500998860258,-102.89965453481645,-95.17326800849689,351.00770339001696,0.0,0.0,0.0,0.0,0.0,0.0,0.02243042178452015,-1.648635983467102,-1.8666504621505737,-0.8907191157341003,0.048116736114025116,-0.017903901636600494,-2.6056369177447562e-17,-1.3249893081149904,-1.3532303269093235,-0.5659490727397369,-0.03939408057771185,0.0,33.77998352050781,36.609981536865234,38.769981384277344,40.680015563964844,43.129981994628906,40.949981689453125,-0.008972168900072575,-0.8792725801467896,-1.5204660892486572,-0.6501354575157166,-0.1018284410238266,-0.0839245393872261,253,253,253,253,253,253,0.02762437519958838,-0.3685582875096823,0.20799602400681327,-0.06939939512314205,-3.054371144614254,-0.00425432091085686,0.027636615385685098,-0.36853860985186876,0.207959488057952,-0.06926193482548451,-3.05441529506927,-0.0045048468265155945,4.708086517576091e-8,-0.0000014754358597079561,0.0000019970110088709276,0.000002346971399105828,0.00003379116443745309,0.00001828767795727037,0,0,0,0,0,0,1.26350879329836,-2.4030721620351585,-13.336193485974245,-0.7491940668146357,0.37016637149668924,-0.4505791329670696,7,1,3,1,2,48.19097137451172,48.19097137451172,0.6445291042327881,0,0,0.0040280818939208984,0.0040280818939208984,0.004000000189989805,0.004000000189989805,1,1,0,1,7,0,false,false,100.4000015258789,113,-3,280,55,105,1357,,,,1775568896229,1775568896229,,,,,,,,,,,,,,,
1776085914595,002c2969-c559-4f02-85a2-f2403051e800,0,78.21399199724425,-75.69709142112772,87.86117657721286,-102.9036746590128,-95.17394957530936,351.0114264286625,0.0,-0.0021972656861444866,-0.002746582107680608,-0.009613037689543375,0.005493164215361216,-0.001373291053840304,78.21502791736398,-75.69539220238808,87.86500998860258,-102.89965453481645,-95.17326800849689,351.00770339001696,0.0,0.0,0.0,0.0,0.0,0.0,0.02243042178452015,-1.648635983467102,-1.8666504621505737,-0.8907191157341003,0.048116736114025116,-0.017903901636600494,-2.6056369177447562e-17,-1.3249893081149904,-1.3532303269093235,-0.5659490727397369,-0.03939408057771185,0.0,33.77998352050781,36.609981536865234,38.769981384277344,40.680015563964844,43.129981994628906,40.949981689453125,-0.008972168900072575,-0.8792725801467896,-1.5204660892486572,-0.6501354575157166,-0.1018284410238266,-0.0839245393872261,253,253,253,253,253,253,0.02762437519958838,-0.3685582875096823,0.20799602400681327,-0.06939939512314205,-3.054371144614254,-0.00425432091085686,0.027636615385685098,-0.36853860985186876,0.207959488057952,-0.06926193482548451,-3.05441529506927,-0.0045048468265155945,4.708086517576091e-8,-0.0000014754358597079561,0.0000019970110088709276,0.000002346971399105828,0.00003379116443745309,0.00001828767795727037,0,0,0,0,0,0,1.26350879329836,-2.4030721620351585,-13.336193485974245,-0.7491940668146357,0.37016637149668924,-0.4505791329670696,7,1,3,1,2,48.19097137451172,48.19097137451172,0.6445291042327881,0,0,0.0040280818939208984,0.0040280818939208984,0.004000000189989805,0.004000000189989805,1,1,0,1,7,0,false,false,100.4000015258789,113,-3,280,55,105,1357,,,,1775568896229,1775568896229,,,,,,,,,,,,,,,
1776085914604,002c2969-c559-4f02-85a2-f2403051e800,0,78.21399199724425,-75.69709142112772,87.86117657721286,-102.9036746590128,-95.17394957530936,351.0114264286625,0.0,-0.0021972656861444866,-0.002746582107680608,-0.009613037689543375,0.005493164215361216,-0.001373291053840304,78.21502791736398,-75.69539220238808,87.86500998860258,-102.89965453481645,-95.17326800849689,351.00770339001696,0.0,0.0,0.0,0.0,0.0,0.0,0.02243042178452015,-1.648635983467102,-1.8666504621505737,-0.8907191157341003,0.048116736114025116,-0.017903901636600494,-2.6056369177447562e-17,-1.3249893081149904,-1.3532303269093235,-0.5659490727397369,-0.03939408057771185,0.0,33.77998352050781,36.609981536865234,38.769981384277344,40.680015563964844,43.129981994628906,40.949981689453125,-0.008972168900072575,-0.8792725801467896,-1.5204660892486572,-0.6501354575157166,-0.1018284410238266,-0.0839245393872261,253,253,253,253,253,253,0.02762437519958838,-0.3685582875096823,0.20799602400681327,-0.06939939512314205,-3.054371144614254,-0.00425432091085686,0.027636615385685098,-0.36853860985186876,0.207959488057952,-0.06926193482548451,-3.05441529506927,-0.0045048468265155945,4.708086517576091e-8,-0.0000014754358597079561,0.0000019970110088709276,0.000002346971399105828,0.00003379116443745309,0.00001828767795727037,0,0,0,0,0,0,1.26350879329836,-2.4030721620351585,-13.336193485974245,-0.7491940668146357,0.37016637149668924,-0.4505791329670696,7,1,3,1,2,48.19097137451172,48.19097137451172,0.6445291042327881,0,0,0.0040280818939208984,0.0040280818939208984,0.004000000189989805,0.004000000189989805,1,1,0,1,7,0,false,false,100.4000015258789,113,-3,280,55,105,1357,,,,1775568896229,1775568896229,,,,,,,,,,,,,,,
1776085914614,002c2969-c559-4f02-85a2-f2403051e800,0,78.21399199724425,-75.69709142112772,87.86117657721286,-102.9036746590128,-95.17394957530936,351.0114264286625,0.0,-0.0021972656861444866,-0.002746582107680608,-0.009613037689543375,0.005493164215361216,-0.001373291053840304,78.21502791736398,-75.69539220238808,87.86500998860258,-102.89965453481645,-95.17326800849689,351.00770339001696,0.0,0.0,0.0,0.0,0.0,0.0,0.02243042178452015,-1.648635983467102,-1.8666504621505737,-0.8907191157341003,0.048116736114025116,-0.017903901636600494,-2.6056369177447562e-17,-1.3249893081149904,-1.3532303269093235,-0.5659490727397369,-0.03939408057771185,0.0,33.77998352050781,36.609981536865234,38.769981384277344,40.680015563964844,43.129981994628906,40.949981689453125,-0.008972168900072575,-0.8792725801467896,-1.5204660892486572,-0.6501354575157166,-0.1018284410238266,-0.0839245393872261,253,253,253,253,253,253,0.02762437519958838,-0.3685582875096823,0.20799602400681327,-0.06939939512314205,-3.054371144614254,-0.00425432091085686,0.027636615385685098,-0.36853860985186876,0.207959488057952,-0.06926193482548451,-3.05441529506927,-0.0045048468265155945,4.708086517576091e-8,-0.0000014754358597079561,0.0000019970110088709276,0.000002346971399105828,0.00003379116443745309,0.00001828767795727037,0,0,0,0,0,0,1.26350879329836,-2.4030721620351585,-13.336193485974245,-0.7491940668146357,0.37016637149668924,-0.4505791329670696,7,1,3,1,2,48.19097137451172,48.19097137451172,0.6445291042327881,0,0,0.0040280818939208984,0.0040280818939208984,0.004000000189989805,0.004000000189989805,1,1,0,1,7,0,false,false,100.4000015258789,113,-3,280,55,105,1357,,,,1775568896229,1775568896229,,,,,,,,,,,,,,,
1776085914623,002c2969-c559-4f02-85a2-f2403051e800,0,78.21399199724425,-75.69709142112772,87.86117657721286,-102.9036746590128,-95.17394957530936,351.0114264286625,0.0,-0.0021972656861444866,-0.002746582107680608,-0.009613037689543375,0.005493164215361216,-0.001373291053840304,78.21502791736398,-75.69539220238808,87.86500998860258,-102.89965453481645,-95.17326800849689,351.00770339001696,0.0,0.0,0.0,0.0,0.0,0.0,0.02243042178452015,-1.648635983467102,-1.8666504621505737,-0.8907191157341003,0.048116736114025116,-0.017903901636600494,-2.6056369177447562e-17,-1.3249893081149904,-1.3532303269093235,-0.5659490727397369,-0.03939408057771185,0.0,33.77998352050781,36.609981536865234,38.769981384277344,40.680015563964844,43.129981994628906,40.949981689453125,-0.008972168900072575,-0.8792725801467896,-1.5204660892486572,-0.6501354575157166,-0.1018284410238266,-0.0839245393872261,253,253,253,253,253,253,0.02762437519958838,-0.3685582875096823,0.20799602400681327,-0.06939939512314205,-3.054371144614254,-0.00425432091085686,0.027636615385685098,-0.36853860985186876,0.207959488057952,-0.06926193482548451,-3.05441529506927,-0.0045048468265155945,4.708086517576091e-8,-0.0000014754358597079561,0.0000019970110088709276,0.000002346971399105828,0.00003379116443745309,0.00001828767795727037,0,0,0,0,0,0,1.26350879329836,-2.4030721620351585,-13.336193485974245,-0.7491940668146357,0.37016637149668924,-0.4505791329670696,7,1,3,1,2,48.19097137451172,48.19097137451172,0.6445291042327881,0,0,0.0040280818939208984,0.0040280818939208984,0.004000000189989805,0.004000000189989805,1,1,0,1,7,0,false,false,100.4000015258789,113,-3,280,55,105,1357,,,,1775568896229,1775568896229,,,,,,,,,,,,,,,
1776085914632,002c2969-c559-4f02-85a2-f2403051e800,0,78.21261912922107,-75.69638108145405,87.86117657721286,-102.9050406968468,-95.17394957530936,351.0086943529945,0.0,-0.0021972656861444866,-0.002746582107680608,-0.008239746114600993,0.005493164215361216,-0.001373291053840304,78.21502791736398,-75.69539220238808,87.86500998860258,-102.89965453481645,-95.17326800849689,351.00770339001696,0.0,0.0,0.0,0.0,0.0,0.0,0.0358886756002903,-1.590316891670227,-1.8697004318237305,-0.8661012649536133,0.0503547228872776,-0.02014188840985298,-2.6056369177447562e-17,-1.3249893081149904,-1.3532303269093235,-0.5659490727397369,-0.03939408057771185,0.0,33.77998352050781,36.609981536865234,38.769981384277344,40.680015563964844,43.129981994628906,40.949981689453125,-0.008972168900072575,-0.8792725801467896,-1.5204660892486572,-0.6501354575157166,-0.1018284410238266,-0.0839245393872261,253,253,253,253,253,253,0.02761474393567865,-0.36856279861469093,0.20799369295808015,-0.06936405563835174,-3.0543700928728112,-0.004241838460251473,0.027636615385685098,-0.36853860985186876,0.207959488057952,-0.06926193482548451,-3.05441529506927,-0.0045048468265155945,4.708086517576091e-8,-0.0000014754358597079561,0.0000019970110088709276,0.000002346971399105828,0.00003379116443745309,0.00001828767795727037,0,0,0,0,0,0,1.26350879329836,-2.4030721620351585,-13.336193485974245,-0.7491940668146357,0.37016637149668924,-0.4505791329670696,7,1,3,1,2,48.19097137451172,48.19097137451172,0.6445291042327881,0,0,0.0040280818939208984,0.0040280818939208984,0.004000000189989805,0.004000000189989805,1,1,0,1,7,0,false,false,100.4000015258789,113,-3,280,55,105,1357,,,,1775568896229,1775568896229,,,,,,,,,,,,,,,
1776085914641,002c2969-c559-4f02-85a2-f2403051e800,0,78.21261912922107,-75.69638108145405,87.86117657721286,-102.9050406968468,-95.17394957530936,351.0086943529945,0.0,-0.0021972656861444866,-0.002746582107680608,-0.008239746114600993,0.005493164215361216,-0.001373291053840304,78.21502791736398,-75.69539220238808,87.86500998860258,-102.89965453481645,-95.17326800849689,351.00770339001696,0.0,0.0,0.0,0.0,0.0,0.0,0.0358886756002903,-1.590316891670227,-1.8697004318237305,-0.8661012649536133,0.0503547228872776,-0.02014188840985298,-2.6056369177447562e-17,-1.3249893081149904,-1.3532303269093235,-0.5659490727397369,-0.03939408057771185,0.0,33.77998352050781,36.609981536865234,38.769981384277344,40.680015563964844,43.129981994628906,40.949981689453125,-0.008972168900072575,-0.8792725801467896,-1.5204660892486572,-0.6501354575157166,-0.1018284410238266,-0.0839245393872261,253,253,253,253,253,253,0.02761474393567865,-0.36856279861469093,0.20799369295808015,-0.06936405563835174,-3.0543700928728112,-0.004241838460251473,0.027636615385685098,-0.36853860985186876,0.207959488057952,-0.06926193482548451,-3.05441529506927,-0.0045048468265155945,4.708086517576091e-8,-0.0000014754358597079561,0.0000019970110088709276,0.000002346971399105828,0.00003379116443745309,0.00001828767795727037,0,0,0,0,0,0,1.26350879329836,-2.4030721620351585,-13.336193485974245,-0.7491940668146357,0.37016637149668924,-0.4505791329670696,7,1,3,1,2,48.19097137451172,48.19097137451172,0.6445291042327881,0,0,0.0040280818939208984,0.0040280818939208984,0.004000000189989805,0.004000000189989805,1,1,0,1,7,0,false,false,100.4000015258789,113,-3,280,55,105,1357,,,,1775568896229,1775568896229,,,,,,,,,,,,,,,
1776085914651,002c2969-c559-4f02-85a2-f2403051e800,0,78.21330214813807,-75.69709142112772,87.86254261504686,-102.90575103652048,-95.17394957530936,351.0100603908285,0.0,-0.0021972656861444866,-0.002746582107680608,-0.008239746114600993,0.005493164215361216,-0.001373291053840304,78.21502791736398,-75.69539220238808,87.86500998860258,-102.89965453481645,-95.17326800849689,351.00770339001696,0.0,0.0,0.0,0.0,0.0,0.0,0.0493469275534153,-1.612747311592102,-1.8712254762649536,-0.848197340965271,0.04364075884222984,-0.01678490824997425,-2.6056369177447562e-17,-1.3249893081149904,-1.3532303269093235,-0.5659490727397369,-0.03939408057771185,0.0,33.77998352050781,36.609981536865234,38.769981384277344,40.680015563964844,43.129981994628906,40.949981689453125,-0.008972168900072575,-0.8792725801467896,-1.5204660892486572,-0.6501354575157166,-0.1018284410238266,-0.0839245393872261,253,253,253,253,253,253,0.027619798120886774,-0.3685592250365335,0.20799212797252012,-0.06938237138276013,-3.054369377772447,-0.004238068287633883,0.027636615385685098,-0.36853860985186876,0.207959488057952,-0.06926193482548451,-3.05441529506927,-0.0045048468265155945,4.708086517576091e-8,-0.0000014754358597079561,0.0000019970110088709276,0.000002346971399105828,0.00003379116443745309,0.00001828767795727037,0,0,0,0,0,0,1.26350879329836,-2.4030721620351585,-13.336193485974245,-0.7491940668146357,0.37016637149668924,-0.4505791329670696,7,1,3,1,2,48.19097137451172,48.19097137451172,0.6445291042327881,0,0,0.0040280818939208984,0.0040280818939208984,0.004000000189989805,0.004000000189989805,1,1,0,1,7,0,false,false,100.4000015258789,113,-3,280,55,105,1357,,,,1775568896229,1775568896229,,,,,,,,,,,,,,,
1776085914660,002c2969-c559-4f02-85a2-f2403051e800,0,78.21399199724425,-75.69709142112772,87.86322563396386,-102.90575103652048,-95.17739199065106,351.00801133407754,0.0,-0.0021972656861444866,-0.002746582107680608,-0.006866455373421936,0.004119873057300496,-0.001373291053840304,78.21502791736398,-75.69539220238808,87.86500998860258,-102.89965453481645,-95.17326800849689,351.00770339001696,0.0,0.0,0.0,0.0,0.0,0.0,0.0291595496237278,-1.689010739326477,-1.8788506984710693,-0.8582682609558105,0.04587874934077263,-0.02349887043237686,-2.6056369177447562e-17,-1.3249893081149904,-1.3532303269093235,-0.5659490727397369,-0.03939408057771185,0.0,33.77998352050781,36.609981536865234,38.769981384277344,40.680015563964844,43.129981994628906,40.949981689453125,-0.008972168900072575,-0.8792725801467896,-1.5204660892486572,-0.6501354575157166,-0.1018284410238266,-0.0839245393872261,253,253,253,253,253,253,0.027616607519570617,-0.3685551311472588,0.20798931184625832,-0.06930789535735093,-3.054314020236573,-0.004273875953498433,0.027636615385685098,-0.36853860985186876,0.207959488057952,-0.06926193482548451,-3.05441529506927,-0.0045048468265155945,4.708086517576091e-8,-0.0000014754358597079561,0.0000019970110088709276,0.000002346971399105828,0.00003379116443745309,0.00001828767795727037,0,0,0,0,0,0,1.26350879329836,-2.4030721620351585,-13.336193485974245,-0.7491940668146357,0.37016637149668924,-0.4505791329670696,7,1,3,1,2,48.19097137451172,48.19097137451172,0.6445291042327881,0,0,0.0040280818939208984,0.0040280818939208984,0.004000000189989805,0.004000000189989805,1,1,0,1,7,0,false,false,100.4000015258789,113,-3,280,55,105,1357,,,,1775568896229,1775568896229,,,,,,,,,,,,,,,
1776085914669,002c2969-c559-4f02-85a2-f2403051e800,0,78.21399199724425,-75.69709142112772,87.86322563396386,-102.90575103652048,-95.17739199065106,351.00801133407754,0.0,-0.0021972656861444866,-0.002746582107680608,-0.006866455373421936,0.004119873057300496,-0.001373291053840304,78.21502791736398,-75.69539220238808,87.86500998860258,-102.89965453481645,-95.17326800849689,351.00770339001696,0.0,0.0,0.0,0.0,0.0,0.0,0.0291595496237278,-1.689010739326477,-1.8788506984710693,-0.8582682609558105,0.04587874934077263,-0.02349887043237686,-2.6056369177447562e-17,-1.3249893081149904,-1.3532303269093235,-0.5659490727397369,-0.03939408057771185,0.0,33.77998352050781,36.609981536865234,38.769981384277344,40.680015563964844,43.129981994628906,40.949981689453125,-0.008972168900072575,-0.8792725801467896,-1.5204660892486572,-0.6501354575157166,-0.1018284410238266,-0.0839245393872261,253,253,253,253,253,253,0.027616607519570617,-0.3685551311472588,0.20798931184625832,-0.06930789535735093,-3.054314020236573,-0.004273875953498433,0.027636615385685098,-0.36853860985186876,0.207959488057952,-0.06926193482548451,-3.05441529506927,-0.0045048468265155945,4.708086517576091e-8,-0.0000014754358597079561,0.0000019970110088709276,0.000002346971399105828,0.00003379116443745309,0.00001828767795727037,0,0,0,0,0,0,1.26350879329836,-2.4030721620351585,-13.336193485974245,-0.7491940668146357,0.37016637149668924,-0.4505791329670696,7,1,3,1,2,48.19097137451172,48.19097137451172,0.6445291042327881,0,0,0.0040280818939208984,0.0040280818939208984,0.004000000189989805,0.004000000189989805,1,1,0,1,7,0,false,false,100.4000015258789,113,-3,280,55,105,1357,,,,1775568896229,1775568896229,,,,,,,,,,,,,,,
1776085914678,002c2969-c559-4f02-85a2-f2403051e800,0,78.21399199724425,-75.69709142112772,87.86322563396386,-102.90575103652048,-95.17739199065106,351.00801133407754,0.0,-0.0021972656861444866,-0.002746582107680608,-0.006866455373421936,0.004119873057300496,-0.001373291053840304,78.21502791736398,-75.69539220238808,87.86500998860258,-102.89965453481645,-95.17326800849689,351.00770339001696,0.0,0.0,0.0,0.0,0.0,0.0,0.0291595496237278,-1.689010739326477,-1.8788506984710693,-0.8582682609558105,0.04587874934077263,-0.02349887043237686,-2.6056369177447562e-17,-1.3249893081149904,-1.3532303269093235,-0.5659490727397369,-0.03939408057771185,0.0,33.77998352050781,36.609981536865234,38.769981384277344,40.680015563964844,43.129981994628906,40.949981689453125,-0.008972168900072575,-0.8792725801467896,-1.5204660892486572,-0.6501354575157166,-0.1018284410238266,-0.0839245393872261,253,253,253,253,253,253,0.027616607519570617,-0.3685551311472588,0.20798931184625832,-0.06930789535735093,-3.054314020236573,-0.004273875953498433,0.027636615385685098,-0.36853860985186876,0.207959488057952,-0.06926193482548451,-3.05441529506927,-0.0045048468265155945,4.708086517576091e-8,-0.0000014754358597079561,0.0000019970110088709276,0.000002346971399105828,0.00003379116443745309,0.00001828767795727037,0,0,0,0,0,0,1.26350879329836,-2.4030721620351585,-13.336193485974245,-0.7491940668146357,0.37016637149668924,-0.4505791329670696,7,1,3,1,2,48.19097137451172,48.19097137451172,0.6445291042327881,0,0,0.0040280818939208984,0.0040280818939208984,0.004000000189989805,0.004000000189989805,1,1,0,1,7,0,false,false,100.4000015258789,113,-3,280,55,105,1357,,,,1775568896229,1775568896229,,,,,,,,,,,,,,,
1776085914688,002c2969-c559-4f02-85a2-f2403051e800,0,78.21330214813807,-75.69845745896173,87.86046623753919,-102.9036746590128,-95.17326655639236,351.0135028061702,0.0,-0.0021972656861444866,-0.002746582107680608,-0.006866455373421936,0.004119873057300496,-0.001373291053840304,78.21502791736398,-75.69539220238808,87.86500998860258,-102.89965453481645,-95.17326800849689,351.00770339001696,0.0,0.0,0.0,0.0,0.0,0.0,0.0448608435690403,-1.630691647529602,-1.8742755651474,-0.8414833545684814,0.05594969168305397,-0.021260883659124374,-2.6056369177447562e-17,-1.3249893081149904,-1.3532303269093235,-0.5659490727397369,-0.03939408057771185,0.0,33.77998352050781,36.609981536865234,38.769981384277344,40.680015563964844,43.129981994628906,40.949981689453125,-0.008972168900072575,-0.8792725801467896,-1.5204660892486572,-0.6501354575157166,-0.1018284410238266,-0.0839245393872261,253,253,253,253,253,253,0.027631231690677556,-0.3685510402740411,0.20799494349733255,-0.06930623736310158,-3.0543539084376743,-0.004297432450769015,0.027636615385685098,-0.36853860985186876,0.207959488057952,-0.06926193482548451,-3.05441529506927,-0.0045048468265155945,4.708086517576091e-8,-0.0000014754358597079561,0.0000019970110088709276,0.000002346971399105828,0.00003379116443745309,0.00001828767795727037,0,0,0,0,0,0,1.26350879329836,-2.4030721620351585,-13.336193485974245,-0.7491940668146357,0.37016637149668924,-0.4505791329670696,7,1,3,1,2,48.19097137451172,48.19097137451172,0.6445291042327881,0,0,0.0040280818939208984,0.0040280818939208984,0.004000000189989805,0.004000000189989805,1,1,0,1,7,0,false,false,100.4000015258789,113,-3,280,55,105,1357,,,,1775568896229,1775568896229,,,,,,,,,,,,,,,
1776085914698,002c2969-c559-4f02-85a2-f2403051e800,0,78.21330214813807,-75.69845745896173,87.86046623753919,-102.9036746590128,-95.17326655639236,351.0135028061702,0.0,-0.0021972656861444866,-0.002746582107680608,-0.006866455373421936,0.004119873057300496,-0.001373291053840304,78.21502791736398,-75.69539220238808,87.86500998860258,-102.89965453481645,-95.17326800849689,351.00770339001696,0.0,0.0,0.0,0.0,0.0,0.0,0.0448608435690403,-1.630691647529602,-1.8742755651474,-0.8414833545684814,0.05594969168305397,-0.021260883659124374,-2.6056369177447562e-17,-1.3249893081149904,-1.3532303269093235,-0.5659490727397369,-0.03939408057771185,0.0,33.77998352050781,36.609981536865234,38.769981384277344,40.680015563964844,43.129981994628906,40.949981689453125,-0.008972168900072575,-0.8792725801467896,-1.5204660892486572,-0.6501354575157166,-0.1018284410238266,-0.0839245393872261,253,253,253,253,253,253,0.027631231690677556,-0.3685510402740411,0.20799494349733255,-0.06930623736310158,-3.0543539084376743,-0.004297432450769015,0.027636615385685098,-0.36853860985186876,0.207959488057952,-0.06926193482548451,-3.05441529506927,-0.0045048468265155945,4.708086517576091e-8,-0.0000014754358597079561,0.0000019970110088709276,0.000002346971399105828,0.00003379116443745309,0.00001828767795727037,0,0,0,0,0,0,1.26350879329836,-2.4030721620351585,-13.336193485974245,-0.7491940668146357,0.37016637149668924,-0.4505791329670696,7,1,3,1,2,48.19097137451172,48.19097137451172,0.6445291042327881,0,0,0.0040280818939208984,0.0040280818939208984,0.004000000189989805,0.004000000189989805,1,1,0,1,7,0,false,false,100.4000015258789,113,-3,280,55,105,1357,,,,1775568896229,1775568896229,,,,,,,,,,,,,,,
1776085914708,002c2969-c559-4f02-85a2-f2403051e800,0,78.21261912922107,-75.69709142112772,87.86185959612986,-102.90643405543749,-95.17531561314337,351.01074340974554,0.0,-0.0021972656861444866,-0.002746582107680608,-0.006866455373421936,0.004119873057300496,-0.001373291053840304,78.21502791736398,-75.69539220238808,87.86500998860258,-102.89965453481645,-95.17326800849689,351.00770339001696,0.0,0.0,0.0,0.0,0.0,0.0,0.0448608435690403,-1.603775143623352,-1.8773256540298462,-0.819103479385376,0.0503547228872776,-0.017903901636600494,-2.6056369177447562e-17,-1.3249893081149904,-1.3532303269093235,-0.5659490727397369,-0.03939408057771185,0.0,33.77998352050781,36.609981536865234,38.769981384277344,40.680015563964844,43.129981994628906,40.949981689453125,-0.008972168900072575,-0.8792725801467896,-1.5204660892486572,-0.6501354575157166,-0.1018284410238266,-0.0839245393872261,253,253,253,253,253,253,0.027611452287087716,-0.36856258539730935,0.20799696657604727,-0.06942005123177039,-3.0543408849653337,-0.00420869292069163,0.027636615385685098,-0.36853860985186876,0.207959488057952,-0.06926193482548451,-3.05441529506927,-0.0045048468265155945,4.708086517576091e-8,-0.0000014754358597079561,0.0000019970110088709276,0.000002346971399105828,0.00003379116443745309,0.00001828767795727037,0,0,0,0,0,0,1.26350879329836,-2.4030721620351585,-13.336193485974245,-0.7491940668146357,0.37016637149668924,-0.4505791329670696,7,1,3,1,2,48.19097137451172,48.19097137451172,0.6445291042327881,0,0,0.0040280818939208984,0.0040280818939208984,0.004000000189989805,0.004000000189989805,1,1,0,1,7,0,false,false,100.4000015258789,113,-3,280,55,105,1357,,,,1775568896229,1775568896229,,,,,,,,,,,,,,,
1776085914717,002c2969-c559-4f02-85a2-f2403051e800,0,78.21261912922107,-75.69709142112772,87.86185959612986,-102.90643405543749,-95.17531561314337,351.01074340974554,0.0,-0.0021972656861444866,-0.002746582107680608,-0.006866455373421936,0.004119873057300496,-0.001373291053840304,78.21502791736398,-75.69539220238808,87.86500998860258,-102.89965453481645,-95.17326800849689,351.00770339001696,0.0,0.0,0.0,0.0,0.0,0.0,0.0448608435690403,-1.603775143623352,-1.8773256540298462,-0.819103479385376,0.0503547228872776,-0.017903901636600494,-2.6056369177447562e-17,-1.3249893081149904,-1.3532303269093235,-0.5659490727397369,-0.03939408057771185,0.0,33.77998352050781,36.609981536865234,38.769981384277344,40.680015563964844,43.129981994628906,40.949981689453125,-0.008972168900072575,-0.8792725801467896,-1.5204660892486572,-0.6501354575157166,-0.1018284410238266,-0.0839245393872261,253,253,253,253,253,253,0.027611452287087716,-0.36856258539730935,0.20799696657604727,-0.06942005123177039,-3.0543408849653337,-0.00420869292069163,0.027636615385685098,-0.36853860985186876,0.207959488057952,-0.06926193482548451,-3.05441529506927,-0.0045048468265155945,4.708086517576091e-8,-0.0000014754358597079561,0.0000019970110088709276,0.000002346971399105828,0.00003379116443745309,0.00001828767795727037,0,0,0,0,0,0,1.26350879329836,-2.4030721620351585,-13.336193485974245,-0.7491940668146357,0.37016637149668924,-0.4505791329670696,7,1,3,1,2,48.19097137451172,48.19097137451172,0.6445291042327881,0,0,0.0040280818939208984,0.0040280818939208984,0.004000000189989805,0.004000000189989805,1,1,0,1,7,0,false,false,100.4000015258789,113,-3,280,55,105,1357,,,,1775568896229,1775568896229,,,,,,,,,,,,,,,
1776085914727,002c2969-c559-4f02-85a2-f2403051e800,0,78.21467501616125,-75.69777444004472,87.86046623753919,-102.90299164009579,-95.17670897173406,351.0135028061702,0.0,-0.0021972656861444866,-0.002746582107680608,0.001373291053840304,0.004119873057300496,-0.001373291053840304,78.21502791736398,-75.69539220238808,87.86500998860258,-102.89965453481645,-95.17326800849689,351.00770339001696,0.0,0.0,0.0,0.0,0.0,0.0,0.0358886756002903,-1.6463929414749146,-1.875800609588623,-0.8426023721694946,0.04587874934077263,-0.017903901636600494,-2.6056369177447562e-17,-1.3249893081149904,-1.3532303269093235,-0.5659490727397369,-0.03939408057771185,0.0,33.77998352050781,36.609981536865234,38.769981384277344,40.680015563964844,43.129981994628906,40.949981689453125,-0.008972168900072575,-0.8792725801467896,-1.5204660892486572,-0.6501354575157166,-0.1018284410238266,-0.0839245393872261,253,253,253,253,253,253,0.02762233320446654,-0.3685565800235845,0.20800345107748913,-0.0694366184823804,-3.0543206069045836,-0.004245577578873188,0.027636615385685098,-0.36853860985186876,0.207959488057952,-0.06926193482548451,-3.05441529506927,-0.0045048468265155945,4.708086517576091e-8,-0.0000014754358597079561,0.0000019970110088709276,0.000002346971399105828,0.00003379116443745309,0.00001828767795727037,0,0,0,0,0,0,1.26350879329836,-2.4030721620351585,-13.336193485974245,-0.7491940668146357,0.37016637149668924,-0.4505791329670696,7,1,3,1,2,48.19097137451172,48.19097137451172,0.6445291042327881,0,0,0.0040280818939208984,0.0040280818939208984,0.004000000189989805,0.004000000189989805,1,1,0,1,7,0,false,false,100.4000015258789,113,-3,280,55,105,1357,,,,1775568896229,1775568896229,,,,,,,,,,,,,,,
1776085914736,002c2969-c559-4f02-85a2-f2403051e800,0,78.2119292801149,-75.69433202470304,87.86185959612986,-102.90575103652048,-95.17463259422637,351.0121094475795,0.0,-0.0021972656861444866,-0.002746582107680608,0.001373291053840304,0.004119873057300496,-0.001373291053840304,78.21502791736398,-75.69539220238808,87.86500998860258,-102.89965453481645,-95.17326800849689,351.00770339001696,0.0,0.0,0.0,0.0,0.0,0.0,0.0358886756002903,-1.621719479560852,-1.8712254762649536,-0.7956046462059021,0.04587874934077263,-0.02349887043237686,-2.6056369177447562e-17,-1.3249893081149904,-1.3532303269093235,-0.5659490727397369,-0.03939408057771185,0.0,33.77998352050781,36.609981536865234,38.769981384277344,40.680015563964844,43.129981994628906,40.949981689453125,-0.008972168900072575,-0.8792725801467896,-1.5204660892486572,-0.6501354575157166,-0.1018284410238266,-0.0839245393872261,253,253,253,253,253,253,0.027608376423917058,-0.36856431102840975,0.20797868764045624,-0.0694712776993412,-3.054362190012865,-0.004294952793435471,0.027636615385685098,-0.36853860985186876,0.207959488057952,-0.06926193482548451,-3.05441529506927,-0.0045048468265155945,4.708086517576091e-8,-0.0000014754358597079561,0.0000019970110088709276,0.000002346971399105828,0.00003379116443745309,0.00001828767795727037,0,0,0,0,0,0,1.26350879329836,-2.4030721620351585,-13.336193485974245,-0.7491940668146357,0.37016637149668924,-0.4505791329670696,7,1,3,1,2,48.19097137451172,48.19097137451172,0.6445291042327881,0,0,0.0040280818939208984,0.0040280818939208984,0.004000000189989805,0.004000000189989805,1,1,0,1,7,0,false,false,100.4000015258789,113,-3,280,55,105,1357,,,,1775568896229,1775568896229,,,,,,,,,,,,,,,
1776085914746,002c2969-c559-4f02-85a2-f2403051e800,0,78.2119292801149,-75.69433202470304,87.86185959612986,-102.90575103652048,-95.17463259422637,351.0121094475795,0.0,-0.0021972656861444866,-0.002746582107680608,0.001373291053840304,0.004119873057300496,-0.001373291053840304,78.21502791736398,-75.69539220238808,87.86500998860258,-102.89965453481645,-95.17326800849689,351.00770339001696,0.0,0.0,0.0,0.0,0.0,0.0,0.0358886756002903,-1.621719479560852,-1.8712254762649536,-0.7956046462059021,0.04587874934077263,-0.02349887043237686,-2.6056369177447562e-17,-1.3249893081149904,-1.3532303269093235,-0.5659490727397369,-0.03939408057771185,0.0,33.77998352050781,36.609981536865234,38.769981384277344,40.680015563964844,43.129981994628906,40.949981689453125,-0.008972168900072575,-0.8792725801467896,-1.5204660892486572,-0.6501354575157166,-0.1018284410238266,-0.0839245393872261,253,253,253,253,253,253,0.027608376423917058,-0.36856431102840975,0.20797868764045624,-0.0694712776993412,-3.054362190012865,-0.004294952793435471,0.027636615385685098,-0.36853860985186876,0.207959488057952,-0.06926193482548451,-3.05441529506927,-0.0045048468265155945,4.708086517576091e-8,-0.0000014754358597079561,0.0000019970110088709276,0.000002346971399105828,0.00003379116443745309,0.00001828767795727037,0,0,0,0,0,0,1.26350879329836,-2.4030721620351585,-13.336193485974245,-0.7491940668146357,0.37016637149668924,-0.4505791329670696,7,1,3,1,2,48.19097137451172,48.19097137451172,0.6445291042327881,0,0,0.0040280818939208984,0.0040280818939208984,0.004000000189989805,0.004000000189989805,1,1,0,1,7,0,false,false,100.4000015258789,113,-3,280,55,105,1357,,,,1775568896229,1775568896229,,,,,,,,,,,,,,,
1776085914756,002c2969-c559-4f02-85a2-f2403051e800,0,78.2119292801149,-75.69433202470304,87.86185959612986,-102.90575103652048,-95.17463259422637,351.0121094475795,0.0,-0.0021972656861444866,-0.002746582107680608,0.001373291053840304,0.004119873057300496,-0.001373291053840304,78.21502791736398,-75.69539220238808,87.86500998860258,-102.89965453481645,-95.17326800849689,351.00770339001696,0.0,0.0,0.0,0.0,0.0,0.0,0.0358886756002903,-1.621719479560852,-1.8712254762649536,-0.7956046462059021,0.04587874934077263,-0.02349887043237686,-2.6056369177447562e-17,-1.3249893081149904,-1.3532303269093235,-0.5659490727397369,-0.03939408057771185,0.0,33.77998352050781,36.609981536865234,38.769981384277344,40.680015563964844,43.129981994628906,40.949981689453125,-0.008972168900072575,-0.8792725801467896,-1.5204660892486572,-0.6501354575157166,-0.1018284410238266,-0.0839245393872261,253,253,253,253,253,253,0.027608376423917058,-0.36856431102840975,0.20797868764045624,-0.0694712776993412,-3.054362190012865,-0.004294952793435471,0.027636615385685098,-0.36853860985186876,0.207959488057952,-0.06926193482548451,-3.05441529506927,-0.0045048468265155945,4.708086517576091e-8,-0.0000014754358597079561,0.0000019970110088709276,0.000002346971399105828,0.00003379116443745309,0.00001828767795727037,0,0,0,0,0,0,1.26350879329836,-2.4030721620351585,-13.336193485974245,-0.7491940668146357,0.37016637149668924,-0.4505791329670696,7,1,3,1,2,48.19097137451172,48.19097137451172,0.6445291042327881,0,0,0.0040280818939208984,0.0040280818939208984,0.004000000189989805,0.004000000189989805,1,1,0,1,7,0,false,false,100.4000015258789,113,-3,280,55,105,1357,,,,1775568896229,1775568896229,,,,,,,,,,,,,,,
1776085914765,002c2969-c559-4f02-85a2-f2403051e800,0,78.21330214813807,-75.69777444004472,87.86185959612986,-102.90299164009579,-95.17602595281706,351.01074340974554,0.0,-0.0021972656861444866,-0.002746582107680608,0.001373291053840304,0.004119873057300496,-0.001373291053840304,78.21502791736398,-75.69539220238808,87.86500998860258,-102.89965453481645,-95.17326800849689,351.00770339001696,0.0,0.0,0.0,0.0,0.0,0.0,0.0336456336081028,-1.5701295137405396,-1.8712254762649536,-0.7844147086143494,0.04699774086475372,-0.02014188840985298,-2.6056369177447562e-17,-1.3249893081149904,-1.3532303269093235,-0.5659490727397369,-0.03939408057771185,0.0,33.77998352050781,36.609981536865234,38.769981384277344,40.680015563964844,43.129981994628906,40.949981689453125,-0.008972168900072575,-0.8792725801467896,-1.5204660892486572,-0.6501354575157166,-0.1018284410238266,-0.0839245393872261,253,253,253,253,253,253,0.0276159735786045,-0.3685532767387415,0.20799612504339288,-0.06939829445225787,-3.0543375396636105,-0.004283680891219266,0.027636615385685098,-0.36853860985186876,0.207959488057952,-0.06926193482548451,-3.05441529506927,-0.0045048468265155945,4.708086517576091e-8,-0.0000014754358597079561,0.0000019970110088709276,0.000002346971399105828,0.00003379116443745309,0.00001828767795727037,0,0,0,0,0,0,1.26350879329836,-2.4030721620351585,-13.336193485974245,-0.7491940668146357,0.37016637149668924,-0.4505791329670696,7,1,3,1,2,48.19097137451172,48.19097137451172,0.6445291042327881,0,0,0.0040280818939208984,0.0040280818939208984,0.004000000189989805,0.004000000189989805,1,1,0,1,7,0,false,false,100.4000015258789,113,-3,280,55,105,1357,,,,1775568896229,1775568896229,,,,,,,,,,,,,,,
1776085914774,002c2969-c559-4f02-85a2-f2403051e800,0,78.21399199724425,-75.69914047787873,87.86046623753919,-102.90094258334479,-95.17602595281706,351.0114264286625,0.0,-0.0021972656861444866,-0.002746582107680608,0.001373291053840304,0.004119873057300496,-0.001373291053840304,78.21502791736398,-75.69539220238808,87.86500998860258,-102.89965453481645,-95.17326800849689,351.00770339001696,0.0,0.0,0.0,0.0,0.0,0.0,0.0336456336081028,-1.6015321016311646,-1.8712254762649536,-0.7855336666107178,0.04923573136329651,-0.021260883659124374,-2.6056369177447562e-17,-1.3249893081149904,-1.3532303269093235,-0.5659490727397369,-0.03939408057771185,0.0,33.77998352050781,36.609981536865234,38.769981384277344,40.680015563964844,43.129981994628906,40.949981689453125,-0.008972168900072575,-0.8792725801467896,-1.5204660892486572,-0.6501354575157166,-0.1018284410238266,-0.0839245393872261,253,253,253,253,253,253,0.027635515214062923,-0.36855442611790556,0.20798443637881095,-0.0693425107007977,-3.054390534365454,-0.004304772380635687,0.027636615385685098,-0.36853860985186876,0.207959488057952,-0.06926193482548451,-3.05441529506927,-0.0045048468265155945,4.708086517576091e-8,-0.0000014754358597079561,0.0000019970110088709276,0.000002346971399105828,0.00003379116443745309,0.00001828767795727037,0,0,0,0,0,0,1.26350879329836,-2.4030721620351585,-13.336193485974245,-0.7491940668146357,0.37016637149668924,-0.4505791329670696,7,1,3,1,2,48.19097137451172,48.19097137451172,0.6445291042327881,0,0,0.0040280818939208984,0.0040280818939208984,0.004000000189989805,0.004000000189989805,1,1,0,1,7,0,false,false,100.4000015258789,113,-3,280,55,105,1357,,,,1775568896229,1775568896229,,,,,,,,,,,,,,,
1776085914784,002c2969-c559-4f02-85a2-f2403051e800,0,78.21399199724425,-75.69914047787873,87.86046623753919,-102.90094258334479,-95.17602595281706,351.0114264286625,0.0,-0.0021972656861444866,-0.002746582107680608,0.001373291053840304,0.004119873057300496,-0.001373291053840304,78.21502791736398,-75.69539220238808,87.86500998860258,-102.89965453481645,-95.17326800849689,351.00770339001696,0.0,0.0,0.0,0.0,0.0,0.0,0.0336456336081028,-1.6015321016311646,-1.8712254762649536,-0.7855336666107178,0.04923573136329651,-0.021260883659124374,-2.6056369177447562e-17,-1.3249893081149904,-1.3532303269093235,-0.5659490727397369,-0.03939408057771185,0.0,33.77998352050781,36.609981536865234,38.769981384277344,40.680015563964844,43.129981994628906,40.949981689453125,-0.008972168900072575,-0.8792725801467896,-1.5204660892486572,-0.6501354575157166,-0.1018284410238266,-0.0839245393872261,253,253,253,253,253,253,0.027635515214062923,-0.36855442611790556,0.20798443637881095,-0.0693425107007977,-3.054390534365454,-0.004304772380635687,0.027636615385685098,-0.36853860985186876,0.207959488057952,-0.06926193482548451,-3.05441529506927,-0.0045048468265155945,4.708086517576091e-8,-0.0000014754358597079561,0.0000019970110088709276,0.000002346971399105828,0.00003379116443745309,0.00001828767795727037,0,0,0,0,0,0,1.26350879329836,-2.4030721620351585,-13.336193485974245,-0.7491940668146357,0.37016637149668924,-0.4505791329670696,7,1,3,1,2,48.19097137451172,48.19097137451172,0.6445291042327881,0,0,0.0040280818939208984,0.0040280818939208984,0.004000000189989805,0.004000000189989805,1,1,0,1,7,0,false,false,100.4000015258789,113,-3,280,55,105,1357,,,,1775568896229,1775568896229,,,,,,,,,,,,,,,
1776085914794,002c2969-c559-4f02-85a2-f2403051e800,0,78.21604788418442,-75.69638108145405,87.86459167179787,-102.90023224367111,-95.17463259422637,351.0093773719115,0.0,-0.0021972656861444866,-0.002746582107680608,0.001373291053840304,0.004119873057300496,-0.001373291053840304,78.21502791736398,-75.69539220238808,87.86500998860258,-102.89965453481645,-95.17326800849689,351.00770339001696,0.0,0.0,0.0,0.0,0.0,0.0,0.0291595496237278,-1.6239625215530396,-1.8697004318237305,-0.8034375905990601,0.051473718136548996,-0.021260883659124374,-2.6056369177447562e-17,-1.3249893081149904,-1.3532303269093235,-0.5659490727397369,-0.03939408057771185,0.0,33.77998352050781,36.609981536865234,38.769981384277344,40.680015563964844,43.129981994628906,40.949981689453125,-0.008972168900072575,-0.8792725801467896,-1.5204660892486572,-0.6501354575157166,-0.1018284410238266,-0.0839245393872261,253,253,253,253,253,253,0.027639645585759588,-0.36853914172120733,0.20796892978789933,-0.06928125874637618,-3.0543852068775044,-0.004456137369201579,0.027636615385685098,-0.36853860985186876,0.207959488057952,-0.06926193482548451,-3.05441529506927,-0.0045048468265155945,4.708086517576091e-8,-0.0000014754358597079561,0.0000019970110088709276,0.000002346971399105828,0.00003379116443745309,0.00001828767795727037,0,0,0,0,0,0,1.26350879329836,-2.4030721620351585,-13.336193485974245,-0.7491940668146357,0.37016637149668924,-0.4505791329670696,7,1,3,1,2,48.19097137451172,48.19097137451172,0.6445291042327881,0,0,0.0040280818939208984,0.0040280818939208984,0.004000000189989805,0.004000000189989805,1,1,0,1,7,0,false,false,100.4000015258789,113,-3,280,55,105,1357,,,,1775568896229,1775568896229,,,,,,,,,,,,,,,
1776085914803,002c2969-c559-4f02-85a2-f2403051e800,0,78.21604788418442,-75.69638108145405,87.86459167179787,-102.90023224367111,-95.17463259422637,351.0093773719115,0.0,-0.0021972656861444866,-0.002746582107680608,0.001373291053840304,0.004119873057300496,-0.001373291053840304,78.21502791736398,-75.69539220238808,87.86500998860258,-102.89965453481645,-95.17326800849689,351.00770339001696,0.0,0.0,0.0,0.0,0.0,0.0,0.0291595496237278,-1.6239625215530396,-1.8697004318237305,-0.8034375905990601,0.051473718136548996,-0.021260883659124374,-2.6056369177447562e-17,-1.3249893081149904,-1.3532303269093235,-0.5659490727397369,-0.03939408057771185,0.0,33.77998352050781,36.609981536865234,38.769981384277344,40.680015563964844,43.129981994628906,40.949981689453125,-0.008972168900072575,-0.8792725801467896,-1.5204660892486572,-0.6501354575157166,-0.1018284410238266,-0.0839245393872261,253,253,253,253,253,253,0.027639645585759588,-0.36853914172120733,0.20796892978789933,-0.06928125874637618,-3.0543852068775044,-0.004456137369201579,0.027636615385685098,-0.36853860985186876,0.207959488057952,-0.06926193482548451,-3.05441529506927,-0.0045048468265155945,4.708086517576091e-8,-0.0000014754358597079561,0.0000019970110088709276,0.000002346971399105828,0.00003379116443745309,0.00001828767795727037,0,0,0,0,0,0,1.26350879329836,-2.4030721620351585,-13.336193485974245,-0.7491940668146357,0.37016637149668924,-0.4505791329670696,7,1,3,1,2,48.19097137451172,48.19097137451172,0.6445291042327881,0,0,0.0040280818939208984,0.0040280818939208984,0.004000000189989805,0.004000000189989805,1,1,0,1,7,0,false,false,100.4000015258789,113,-3,280,55,105,1357,,,,1775568896229,1775568896229,,,,,,,,,,,,,,,
1776085914813,002c2969-c559-4f02-85a2-f2403051e800,0,78.21330214813807,-75.69845745896173,87.86046623753919,-102.9036746590128,-95.17531561314337,351.01074340974554,0.0,-0.0021972656861444866,-0.002746582107680608,0.001373291053840304,0.004119873057300496,-0.001373291053840304,78.21502791736398,-75.69539220238808,87.86500998860258,-102.89965453481645,-95.17326800849689,351.00770339001696,0.0,0.0,0.0,0.0,0.0,0.0,0.0381317175924778,-1.6060181856155396,-1.8666504621505737,-0.8101515769958496,0.05371170490980148,-0.02014188840985298,-2.6056369177447562e-17,-1.3249893081149904,-1.3532303269093235,-0.5659490727397369,-0.03939408057771185,0.0,33.77998352050781,36.609981536865234,38.769981384277344,40.680015563964844,43.129981994628906,40.949981689453125,-0.008972168900072575,-0.8792725801467896,-1.5204660892486572,-0.6501354575157166,-0.1018284410238266,-0.0839245393872261,253,253,253,253,253,253,0.027616575185050188,-0.3685588402973321,0.20800843437284705,-0.06940149515250994,-3.0543412098962524,-0.0042079119746630715,0.027636615385685098,-0.36853860985186876,0.207959488057952,-0.06926193482548451,-3.05441529506927,-0.0045048468265155945,4.708086517576091e-8,-0.0000014754358597079561,0.0000019970110088709276,0.000002346971399105828,0.00003379116443745309,0.00001828767795727037,0,0,0,0,0,0,1.26350879329836,-2.4030721620351585,-13.336193485974245,-0.7491940668146357,0.37016637149668924,-0.4505791329670696,7,1,3,1,2,48.19097137451172,48.19097137451172,0.6445291042327881,0,0,0.0040280818939208984,0.0040280818939208984,0.004000000189989805,0.004000000189989805,1,1,0,1,7,0,false,false,100.4000015258789,113,-3,280,55,105,1357,,,,1775568896229,1775568896229,,,,,,,,,,,,,,,
1776085914823,002c2969-c559-4f02-85a2-f2403051e800,0,78.21330214813807,-75.69845745896173,87.86046623753919,-102.9036746590128,-95.17531561314337,351.01074340974554,0.0,-0.0021972656861444866,-0.002746582107680608,0.001373291053840304,0.004119873057300496,-0.001373291053840304,78.21502791736398,-75.69539220238808,87.86500998860258,-102.89965453481645,-95.17326800849689,351.00770339001696,0.0,0.0,0.0,0.0,0.0,0.0,0.0381317175924778,-1.6060181856155396,-1.8666504621505737,-0.8101515769958496,0.05371170490980148,-0.02014188840985298,-2.6056369177447562e-17,-1.3249893081149904,-1.3532303269093235,-0.5659490727397369,-0.03939408057771185,0.0,33.77998352050781,36.609981536865234,38.769981384277344,40.680015563964844,43.129981994628906,40.949981689453125,-0.008972168900072575,-0.8792725801467896,-1.5204660892486572,-0.6501354575157166,-0.1018284410238266,-0.0839245393872261,253,253,253,253,253,253,0.027616575185050188,-0.3685588402973321,0.20800843437284705,-0.06940149515250994,-3.0543412098962524,-0.0042079119746630715,0.027636615385685098,-0.36853860985186876,0.207959488057952,-0.06926193482548451,-3.05441529506927,-0.0045048468265155945,4.708086517576091e-8,-0.0000014754358597079561,0.0000019970110088709276,0.000002346971399105828,0.00003379116443745309,0.00001828767795727037,0,0,0,0,0,0,1.26350879329836,-2.4030721620351585,-13.336193485974245,-0.7491940668146357,0.37016637149668924,-0.4505791329670696,7,1,3,1,2,48.19097137451172,48.19097137451172,0.6445291042327881,0,0,0.0040280818939208984,0.0040280818939208984,0.004000000189989805,0.004000000189989805,1,1,0,1,7,0,false,false,100.4000015258789,113,-3,280,55,105,1357,,,,1775568896229,1775568896229,,,,,,,,,,,,,,,
1776085914832,002c2969-c559-4f02-85a2-f2403051e800,0,78.21399199724425,-75.69845745896173,87.85978321862218,-102.90162560226179,-95.17394957530936,351.0128197872532,0.0,-0.0021972656861444866,-0.002746582107680608,0.001373291053840304,0.004119873057300496,-0.001373291053840304,78.21502791736398,-75.69539220238808,87.86500998860258,-102.89965453481645,-95.17326800849689,351.00770339001696,0.0,0.0,0.0,0.0,0.0,0.0,0.0403747595846653,-1.6105042695999146,-1.8681755065917969,-0.811270534992218,0.04364075884222984,-0.021260883659124374,-2.6056369177447562e-17,-1.3249893081149904,-1.3532303269093235,-0.5659490727397369,-0.03939408057771185,0.0,33.77998352050781,36.609981536865234,38.769981384277344,40.680015563964844,43.129981994628906,40.949981689453125,-0.008972168900072575,-0.8792725801467896,-1.5204660892486572,-0.6501354575157166,-0.1018284410238266,-0.0839245393872261,253,253,253,253,253,253,0.02762476393775054,-0.3685565185660149,0.20800856909335752,-0.06943703257810253,-3.0543680045074884,-0.0042340836290796855,0.027636615385685098,-0.36853860985186876,0.207959488057952,-0.06926193482548451,-3.05441529506927,-0.0045048468265155945,4.708086517576091e-8,-0.0000014754358597079561,0.0000019970110088709276,0.000002346971399105828,0.00003379116443745309,0.00001828767795727037,0,0,0,0,0,0,1.26350879329836,-2.4030721620351585,-13.336193485974245,-0.7491940668146357,0.37016637149668924,-0.4505791329670696,7,1,3,1,2,48.19097137451172,48.19097137451172,0.6445291042327881,0,0,0.0040280818939208984,0.0040280818939208984,0.004000000189989805,0.004000000189989805,1,1,0,1,7,0,false,false,100.4000015258789,113,-3,280,55,105,1357,,,,1775568896229,1775568896229,,,,,,,,,,,,,,,
1776085914842,002c2969-c559-4f02-85a2-f2403051e800,0,78.21399199724425,-75.69845745896173,87.85978321862218,-102.90162560226179,-95.17394957530936,351.0128197872532,0.0,-0.0021972656861444866,-0.002746582107680608,0.001373291053840304,0.004119873057300496,-0.001373291053840304,78.21502791736398,-75.69539220238808,87.86500998860258,-102.89965453481645,-95.17326800849689,351.00770339001696,0.0,0.0,0.0,0.0,0.0,0.0,0.0403747595846653,-1.6105042695999146,-1.8681755065917969,-0.811270534992218,0.04364075884222984,-0.021260883659124374,-2.6056369177447562e-17,-1.3249893081149904,-1.3532303269093235,-0.5659490727397369,-0.03939408057771185,0.0,33.77998352050781,36.609981536865234,38.769981384277344,40.680015563964844,43.129981994628906,40.949981689453125,-0.008972168900072575,-0.8792725801467896,-1.5204660892486572,-0.6501354575157166,-0.1018284410238266,-0.0839245393872261,253,253,253,253,253,253,0.02762476393775054,-0.3685565185660149,0.20800856909335752,-0.06943703257810253,-3.0543680045074884,-0.0042340836290796855,0.027636615385685098,-0.36853860985186876,0.207959488057952,-0.06926193482548451,-3.05441529506927,-0.0045048468265155945,4.708086517576091e-8,-0.0000014754358597079561,0.0000019970110088709276,0.000002346971399105828,0.00003379116443745309,0.00001828767795727037,0,0,0,0,0,0,1.26350879329836,-2.4030721620351585,-13.336193485974245,-0.7491940668146357,0.37016637149668924,-0.4505791329670696,7,1,3,1,2,48.19097137451172,48.19097137451172,0.6445291042327881,0,0,0.0040280818939208984,0.0040280818939208984,0.004000000189989805,0.004000000189989805,1,1,0,1,7,0,false,false,100.4000015258789,113,-3,280,55,105,1357,,,,1775568896229,1775568896229,,,,,,,,,,,,,,,
1776085914852,002c2969-c559-4f02-85a2-f2403051e800,0,78.21399199724425,-75.69709142112772,87.86117657721286,-102.9043576779298,-95.17394957530936,351.0100603908285,0.0,-0.0021972656861444866,-0.001373291053840304,0.001373291053840304,0.004119873057300496,-0.001373291053840304,78.21502791736398,-75.69539220238808,87.86500998860258,-102.89965453481645,-95.17326800849689,351.00770339001696,0.0,0.0,0.0,0.0,0.0,0.0,0.0291595496237278,-1.6194764375686646,-1.8681755065917969,-0.7944856286048889,0.051473718136548996,-0.017903901636600494,-2.6056369177447562e-17,-1.3249893081149904,-1.3532303269093235,-0.5659490727397369,-0.03939408057771185,0.0,33.77998352050781,36.609981536865234,38.769981384277344,40.680015563964844,43.129981994628906,40.949981689453125,-0.008972168900072575,-0.8792725801467896,-1.5204660892486572,-0.6501354575157166,-0.1018284410238266,-0.0839245393872261,253,253,253,253,253,253,0.027624047761733442,-0.36855987126282663,0.20799705983764238,-0.06936380171563468,-3.0543698957753187,-0.0042379751157387065,0.027636615385685098,-0.36853860985186876,0.207959488057952,-0.06926193482548451,-3.05441529506927,-0.0045048468265155945,4.708086517576091e-8,-0.0000014754358597079561,0.0000019970110088709276,0.000002346971399105828,0.00003379116443745309,0.00001828767795727037,0,0,0,0,0,0,1.26350879329836,-2.4030721620351585,-13.336193485974245,-0.7491940668146357,0.37016637149668924,-0.4505791329670696,7,1,3,1,2,48.19097137451172,48.19097137451172,0.6445291042327881,0,0,0.0040280818939208984,0.0040280818939208984,0.004000000189989805,0.004000000189989805,1,1,0,1,7,0,false,false,100.4000015258789,113,-3,280,55,105,1357,,,,1775568896229,1775568896229,,,,,,,,,,,,,,,
1776085914861,002c2969-c559-4f02-85a2-f2403051e800,0,78.21399199724425,-75.69709142112772,87.86117657721286,-102.9043576779298,-95.17394957530936,351.0100603908285,0.0,-0.0021972656861444866,-0.001373291053840304,0.001373291053840304,0.004119873057300496,-0.001373291053840304,78.21502791736398,-75.69539220238808,87.86500998860258,-102.89965453481645,-95.17326800849689,351.00770339001696,0.0,0.0,0.0,0.0,0.0,0.0,0.0291595496237278,-1.6194764375686646,-1.8681755065917969,-0.7944856286048889,0.051473718136548996,-0.017903901636600494,-2.6056369177447562e-17,-1.3249893081149904,-1.3532303269093235,-0.5659490727397369,-0.03939408057771185,0.0,33.77998352050781,36.609981536865234,38.769981384277344,40.680015563964844,43.129981994628906,40.949981689453125,-0.008972168900072575,-0.8792725801467896,-1.5204660892486572,-0.6501354575157166,-0.1018284410238266,-0.0839245393872261,253,253,253,253,253,253,0.027624047761733442,-0.36855987126282663,0.20799705983764238,-0.06936380171563468,-3.0543698957753187,-0.0042379751157387065,0.027636615385685098,-0.36853860985186876,0.207959488057952,-0.06926193482548451,-3.05441529506927,-0.0045048468265155945,4.708086517576091e-8,-0.0000014754358597079561,0.0000019970110088709276,0.000002346971399105828,0.00003379116443745309,0.00001828767795727037,0,0,0,0,0,0,1.26350879329836,-2.4030721620351585,-13.336193485974245,-0.7491940668146357,0.37016637149668924,-0.4505791329670696,7,1,3,1,2,48.19097137451172,48.19097137451172,0.6445291042327881,0,0,0.0040280818939208984,0.0040280818939208984,0.004000000189989805,0.004000000189989805,1,1,0,1,7,0,false,false,100.4000015258789,113,-3,280,55,105,1357,,,,1775568896229,1775568896229,,,,,,,,,,,,,,,
1776085914870,002c2969-c559-4f02-85a2-f2403051e800,0,78.21399199724425,-75.69845745896173,87.86117657721286,-102.90299164009579,-95.17463259422637,351.0100603908285,0.0,-0.0021972656861444866,-0.001373291053840304,0.001373291053840304,0.004119873057300496,-0.001373291053840304,78.21502791736398,-75.69539220238808,87.86500998860258,-102.89965453481645,-95.17326800849689,351.00770339001696,0.0,0.0,0.0,0.0,0.0,0.0,0.0314025916159153,-1.644149899482727,-1.8712254762649536,-0.7922476530075073,0.04364075884222984,-0.021260883659124374,-2.6056369177447562e-17,-1.3249893081149904,-1.3532303269093235,-0.5659490727397369,-0.03939408057771185,0.0,33.77998352050781,36.609981536865234,38.769981384277344,40.680015563964844,43.129981994628906,40.949981689453125,-0.008972168900072575,-0.8792725801467896,-1.5204660892486572,-0.6501354575157166,-0.1018284410238266,-0.0839245393872261,253,253,253,253,253,253,0.027623383542940586,-0.36855506380108405,0.20800359495176984,-0.06936345833641648,-3.0543580564493404,-0.004241233256042879,0.027636615385685098,-0.36853860985186876,0.207959488057952,-0.06926193482548451,-3.05441529506927,-0.0045048468265155945,4.708086517576091e-8,-0.0000014754358597079561,0.0000019970110088709276,0.000002346971399105828,0.00003379116443745309,0.00001828767795727037,0,0,0,0,0,0,1.26350879329836,-2.4030721620351585,-13.336193485974245,-0.7491940668146357,0.37016637149668924,-0.4505791329670696,7,1,3,1,2,48.19097137451172,48.19097137451172,0.6445291042327881,0,0,0.0040280818939208984,0.0040280818939208984,0.004000000189989805,0.004000000189989805,1,1,0,1,7,0,false,false,100.4000015258789,113,-3,280,55,105,1357,,,,1775568896229,1775568896229,,,,,,,,,,,,,,,
1776085914880,002c2969-c559-4f02-85a2-f2403051e800,0,78.21399199724425,-75.69845745896173,87.86117657721286,-102.90299164009579,-95.17463259422637,351.0100603908285,0.0,-0.0021972656861444866,-0.001373291053840304,0.001373291053840304,0.004119873057300496,-0.001373291053840304,78.21502791736398,-75.69539220238808,87.86500998860258,-102.89965453481645,-95.17326800849689,351.00770339001696,0.0,0.0,0.0,0.0,0.0,0.0,0.0314025916159153,-1.644149899482727,-1.8712254762649536,-0.7922476530075073,0.04364075884222984,-0.021260883659124374,-2.6056369177447562e-17,-1.3249893081149904,-1.3532303269093235,-0.5659490727397369,-0.03939408057771185,0.0,33.77998352050781,36.609981536865234,38.769981384277344,40.680015563964844,43.129981994628906,40.949981689453125,-0.008972168900072575,-0.8792725801467896,-1.5204660892486572,-0.6501354575157166,-0.1018284410238266,-0.0839245393872261,253,253,253,253,253,253,0.027623383542940586,-0.36855506380108405,0.20800359495176984,-0.06936345833641648,-3.0543580564493404,-0.004241233256042879,0.027636615385685098,-0.36853860985186876,0.207959488057952,-0.06926193482548451,-3.05441529506927,-0.0045048468265155945,4.708086517576091e-8,-0.0000014754358597079561,0.0000019970110088709276,0.000002346971399105828,0.00003379116443745309,0.00001828767795727037,0,0,0,0,0,0,1.26350879329836,-2.4030721620351585,-13.336193485974245,-0.7491940668146357,0.37016637149668924,-0.4505791329670696,7,1,3,1,2,48.19097137451172,48.19097137451172,0.6445291042327881,0,0,0.0040280818939208984,0.0040280818939208984,0.004000000189989805,0.004000000189989805,1,1,0,1,7,0,false,false,100.4000015258789,113,-3,280,55,105,1357,,,,1775568896229,1775568896229,,,,,,,,,,,,,,,
1776085914889,002c2969-c559-4f02-85a2-f2403051e800,0,78.21399199724425,-75.69845745896173,87.86117657721286,-102.90299164009579,-95.17463259422637,351.0100603908285,0.0,-0.0021972656861444866,-0.001373291053840304,0.001373291053840304,0.004119873057300496,-0.001373291053840304,78.21502791736398,-75.69539220238808,87.86500998860258,-102.89965453481645,-95.17326800849689,351.00770339001696,0.0,0.0,0.0,0.0,0.0,0.0,0.0314025916159153,-1.644149899482727,-1.8712254762649536,-0.7922476530075073,0.04364075884222984,-0.021260883659124374,-2.6056369177447562e-17,-1.3249893081149904,-1.3532303269093235,-0.5659490727397369,-0.03939408057771185,0.0,33.77998352050781,36.609981536865234,38.769981384277344,40.680015563964844,43.129981994628906,40.949981689453125,-0.008972168900072575,-0.8792725801467896,-1.5204660892486572,-0.6501354575157166,-0.1018284410238266,-0.0839245393872261,253,253,253,253,253,253,0.027623383542940586,-0.36855506380108405,0.20800359495176984,-0.06936345833641648,-3.0543580564493404,-0.004241233256042879,0.027636615385685098,-0.36853860985186876,0.207959488057952,-0.06926193482548451,-3.05441529506927,-0.0045048468265155945,4.708086517576091e-8,-0.0000014754358597079561,0.0000019970110088709276,0.000002346971399105828,0.00003379116443745309,0.00001828767795727037,0,0,0,0,0,0,1.26350879329836,-2.4030721620351585,-13.336193485974245,-0.7491940668146357,0.37016637149668924,-0.4505791329670696,7,1,3,1,2,48.19097137451172,48.19097137451172,0.6445291042327881,0,0,0.0040280818939208984,0.0040280818939208984,0.004000000189989805,0.004000000189989805,1,1,0,1,7,0,false,false,100.4000015258789,113,-3,280,55,105,1357,,,,1775568896229,1775568896229,,,,,,,,,,,,,,,
1776085914898,002c2969-c559-4f02-85a2-f2403051e800,0,78.2119292801149,-75.69777444004472,87.86046623753919,-102.9036746590128,-95.17394957530936,351.0100603908285,0.0,-0.0021972656861444866,-0.001373291053840304,0.001373291053840304,0.004119873057300496,-0.001373291053840304,78.21502791736398,-75.69539220238808,87.86500998860258,-102.89965453481645,-95.17326800849689,351.00770339001696,0.0,0.0,0.0,0.0,0.0,0.0,0.0358886756002903,-1.576858639717102,-1.8712254762649536,-0.8269364833831787,0.04587874934077263,-0.02014188840985298,-2.6056369177447562e-17,-1.3249893081149904,-1.3532303269093235,-0.5659490727397369,-0.03939408057771185,0.0,33.77998352050781,36.609981536865234,38.769981384277344,40.680015563964844,43.129981994628906,40.949981689453125,-0.008972168900072575,-0.8792725801467896,-1.5204660892486572,-0.6501354575157166,-0.1018284410238266,-0.0839245393872261,253,253,253,253,253,253,0.027610801227955145,-0.36856081507405447,0.20800392077046187,-0.06941945601105591,-3.0543664653817006,-0.00422171909481173,0.027636615385685098,-0.36853860985186876,0.207959488057952,-0.06926193482548451,-3.05441529506927,-0.0045048468265155945,4.708086517576091e-8,-0.0000014754358597079561,0.0000019970110088709276,0.000002346971399105828,0.00003379116443745309,0.00001828767795727037,0,0,0,0,0,0,1.26350879329836,-2.4030721620351585,-13.336193485974245,-0.7491940668146357,0.37016637149668924,-0.4505791329670696,7,1,3,1,2,48.19097137451172,48.19097137451172,0.6445291042327881,0,0,0.0040280818939208984,0.0040280818939208984,0.004000000189989805,0.004000000189989805,1,1,0,1,7,0,false,false,100.4000015258789,113,-3,280,55,105,1357,,,,1775568896229,1775568896229,,,,,,,,,,,,,,,
1776085914908,002c2969-c559-4f02-85a2-f2403051e800,0,78.21467501616125,-75.69777444004472,87.85978321862218,-102.90094258334479,-95.17258353747536,351.0135028061702,0.0,-0.0021972656861444866,-0.001373291053840304,0.001373291053840304,0.004119873057300496,-0.001373291053840304,78.21502791736398,-75.69539220238808,87.86500998860258,-102.89965453481645,-95.17326800849689,351.00770339001696,0.0,0.0,0.0,0.0,0.0,0.0,0.0381317175924778,-1.599289059638977,-1.8681755065917969,-0.7709867358207703,0.05259270966053009,-0.01342792622745037,-2.6056369177447562e-17,-1.3249893081149904,-1.3532303269093235,-0.5659490727397369,-0.03939408057771185,0.0,33.77998352050781,36.609981536865234,38.769981384277344,40.680015563964844,43.129981994628906,40.949981689453125,-0.008972168900072575,-0.8792725801467896,-1.5204660892486572,-0.6501354575157166,-0.1018284410238266,-0.0839245393872261,253,253,253,253,253,253,0.0276325420783089,-0.36855591846308583,0.2080030197886243,-0.06943578852817436,-3.054395706848915,-0.0042618681108746795,0.027636615385685098,-0.36853860985186876,0.207959488057952,-0.06926193482548451,-3.05441529506927,-0.0045048468265155945,4.708086517576091e-8,-0.0000014754358597079561,0.0000019970110088709276,0.000002346971399105828,0.00003379116443745309,0.00001828767795727037,0,0,0,0,0,0,1.26350879329836,-2.4030721620351585,-13.336193485974245,-0.7491940668146357,0.37016637149668924,-0.4505791329670696,7,1,3,1,2,48.19097137451172,48.19097137451172,0.6445291042327881,0,0,0.0040280818939208984,0.0040280818939208984,0.004000000189989805,0.004000000189989805,1,1,0,1,7,0,false,false,100.4000015258789,113,-3,280,55,105,1357,,,,1775568896229,1775568896229,,,,,,,,,,,,,,,
1776085914917,002c2969-c559-4f02-85a2-f2403051e800,0,78.21467501616125,-75.69777444004472,87.85978321862218,-102.90094258334479,-95.17258353747536,351.0135028061702,0.0,-0.0021972656861444866,-0.001373291053840304,0.001373291053840304,0.004119873057300496,-0.001373291053840304,78.21502791736398,-75.69539220238808,87.86500998860258,-102.89965453481645,-95.17326800849689,351.00770339001696,0.0,0.0,0.0,0.0,0.0,0.0,0.0381317175924778,-1.599289059638977,-1.8681755065917969,-0.7709867358207703,0.05259270966053009,-0.01342792622745037,-2.6056369177447562e-17,-1.3249893081149904,-1.3532303269093235,-0.5659490727397369,-0.03939408057771185,0.0,33.77998352050781,36.609981536865234,38.769981384277344,40.680015563964844,43.129981994628906,40.949981689453125,-0.008972168900072575,-0.8792725801467896,-1.5204660892486572,-0.6501354575157166,-0.1018284410238266,-0.0839245393872261,253,253,253,253,253,253,0.0276325420783089,-0.36855591846308583,0.2080030197886243,-0.06943578852817436,-3.054395706848915,-0.0042618681108746795,0.027636615385685098,-0.36853860985186876,0.207959488057952,-0.06926193482548451,-3.05441529506927,-0.0045048468265155945,4.708086517576091e-8,-0.0000014754358597079561,0.0000019970110088709276,0.000002346971399105828,0.00003379116443745309,0.00001828767795727037,0,0,0,0,0,0,1.26350879329836,-2.4030721620351585,-13.336193485974245,-0.7491940668146357,0.37016637149668924,-0.4505791329670696,7,1,3,1,2,48.19097137451172,48.19097137451172,0.6445291042327881,0,0,0.0040280818939208984,0.0040280818939208984,0.004000000189989805,0.004000000189989805,1,1,0,1,7,0,false,false,100.4000015258789,113,-3,280,55,105,1357,,,,1775568896229,1775568896229,,,,,,,,,,,,,,,
1776085914926,002c2969-c559-4f02-85a2-f2403051e800,0,78.21467501616125,-75.69777444004472,87.85978321862218,-102.90094258334479,-95.17258353747536,351.0135028061702,0.0,-0.0021972656861444866,-0.001373291053840304,0.001373291053840304,0.004119873057300496,-0.001373291053840304,78.21502791736398,-75.69539220238808,87.86500998860258,-102.89965453481645,-95.17326800849689,351.00770339001696,0.0,0.0,0.0,0.0,0.0,0.0,0.0381317175924778,-1.599289059638977,-1.8681755065917969,-0.7709867358207703,0.05259270966053009,-0.01342792622745037,-2.6056369177447562e-17,-1.3249893081149904,-1.3532303269093235,-0.5659490727397369,-0.03939408057771185,0.0,33.77998352050781,36.609981536865234,38.769981384277344,40.680015563964844,43.129981994628906,40.949981689453125,-0.008972168900072575,-0.8792725801467896,-1.5204660892486572,-0.6501354575157166,-0.1018284410238266,-0.0839245393872261,253,253,253,253,253,253,0.0276325420783089,-0.36855591846308583,0.2080030197886243,-0.06943578852817436,-3.054395706848915,-0.0042618681108746795,0.027636615385685098,-0.36853860985186876,0.207959488057952,-0.06926193482548451,-3.05441529506927,-0.0045048468265155945,4.708086517576091e-8,-0.0000014754358597079561,0.0000019970110088709276,0.000002346971399105828,0.00003379116443745309,0.00001828767795727037,0,0,0,0,0,0,1.26350879329836,-2.4030721620351585,-13.336193485974245,-0.7491940668146357,0.37016637149668924,-0.4505791329670696,7,1,3,1,2,48.19097137451172,48.19097137451172,0.6445291042327881,0,0,0.0040280818939208984,0.0040280818939208984,0.004000000189989805,0.004000000189989805,1,1,0,1,7,0,false,false,100.4000015258789,113,-3,280,55,105,1357,,,,1775568896229,1775568896229,,,,,,,,,,,,,,,
1776085914935,002c2969-c559-4f02-85a2-f2403051e800,0,78.21261912922107,-75.69982349679573,87.86185959612986,-102.9036746590128,-95.17258353747536,351.0121094475795,0.0,-0.0021972656861444866,-0.001373291053840304,0.001373291053840304,0.004119873057300496,-0.001373291053840304,78.21502791736398,-75.69539220238808,87.86500998860258,-102.89965453481645,-95.17326800849689,351.00770339001696,0.0,0.0,0.0,0.0,0.0,0.0,0.0314025916159153,-1.5835877656936646,-1.8697004318237305,-0.8000805974006653,0.044759754091501236,-0.022379877045750618,-2.6056369177447562e-17,-1.3249893081149904,-1.3532303269093235,-0.5659490727397369,-0.03939408057771185,0.0,33.77998352050781,36.609981536865234,38.769981384277344,40.680015563964844,43.129981994628906,40.949981689453125,-0.008972168900072575,-0.8792725801467896,-1.5204660892486572,-0.6501354575157166,-0.1018284410238266,-0.0839245393872261,253,253,253,253,253,253,0.027619727669612987,-0.3685548792720304,0.2080091546219758,-0.0694566125025974,-3.054386833331562,-0.0041949318718109765,0.027636615385685098,-0.36853860985186876,0.207959488057952,-0.06926193482548451,-3.05441529506927,-0.0045048468265155945,4.708086517576091e-8,-0.0000014754358597079561,0.0000019970110088709276,0.000002346971399105828,0.00003379116443745309,0.00001828767795727037,0,0,0,0,0,0,1.26350879329836,-2.4030721620351585,-13.336193485974245,-0.7491940668146357,0.37016637149668924,-0.4505791329670696,7,1,3,1,2,48.19097137451172,48.19097137451172,0.6445291042327881,0,0,0.0040280818939208984,0.0040280818939208984,0.004000000189989805,0.004000000189989805,1,1,0,1,7,0,false,false,100.4000015258789,113,-3,280,55,105,1357,,,,1775568896229,1775568896229,,,,,,,,,,,,,,,
1776085914945,002c2969-c559-4f02-85a2-f2403051e800,0,78.21261912922107,-75.69982349679573,87.86185959612986,-102.9036746590128,-95.17258353747536,351.0121094475795,0.0,-0.0021972656861444866,-0.001373291053840304,0.001373291053840304,0.004119873057300496,-0.001373291053840304,78.21502791736398,-75.69539220238808,87.86500998860258,-102.89965453481645,-95.17326800849689,351.00770339001696,0.0,0.0,0.0,0.0,0.0,0.0,0.0314025916159153,-1.5835877656936646,-1.8697004318237305,-0.8000805974006653,0.044759754091501236,-0.022379877045750618,-2.6056369177447562e-17,-1.3249893081149904,-1.3532303269093235,-0.5659490727397369,-0.03939408057771185,0.0,33.77998352050781,36.609981536865234,38.769981384277344,40.680015563964844,43.129981994628906,40.949981689453125,-0.008972168900072575,-0.8792725801467896,-1.5204660892486572,-0.6501354575157166,-0.1018284410238266,-0.0839245393872261,253,253,253,253,253,253,0.027619727669612987,-0.3685548792720304,0.2080091546219758,-0.0694566125025974,-3.054386833331562,-0.0041949318718109765,0.027636615385685098,-0.36853860985186876,0.207959488057952,-0.06926193482548451,-3.05441529506927,-0.0045048468265155945,4.708086517576091e-8,-0.0000014754358597079561,0.0000019970110088709276,0.000002346971399105828,0.00003379116443745309,0.00001828767795727037,0,0,0,0,0,0,1.26350879329836,-2.4030721620351585,-13.336193485974245,-0.7491940668146357,0.37016637149668924,-0.4505791329670696,7,1,3,1,2,48.19097137451172,48.19097137451172,0.6445291042327881,0,0,0.0040280818939208984,0.0040280818939208984,0.004000000189989805,0.004000000189989805,1,1,0,1,7,0,false,false,100.4000015258789,113,-3,280,55,105,1357,,,,1775568896229,1775568896229,,,,,,,,,,,,,,,
1776085914954,002c2969-c559-4f02-85a2-f2403051e800,0,78.21536486526742,-75.69845745896173,87.86322563396386,-102.90162560226179,-95.17326655639236,351.0100603908285,0.0,-0.0021972656861444866,-0.001373291053840304,0.001373291053840304,0.004119873057300496,-0.001373291053840304,78.21502791736398,-75.69539220238808,87.86500998860258,-102.89965453481645,-95.17326800849689,351.00770339001696,0.0,0.0,0.0,0.0,0.0,0.0,0.0403747595846653,-1.5925599336624146,-1.8727505207061768,-0.7900096774101257,0.048116736114025116,-0.021260883659124374,-2.6056369177447562e-17,-1.3249893081149904,-1.3532303269093235,-0.5659490727397369,-0.03939408057771185,0.0,33.77998352050781,36.609981536865234,38.769981384277344,40.680015563964844,43.129981994628906,40.949981689453125,-0.008972168900072575,-0.8792725801467896,-1.5204660892486572,-0.6501354575157166,-0.1018284410238266,-0.0839245393872261,253,253,253,253,253,253,0.027637349766068825,-0.3685455770206102,0.20799067581572048,-0.06932329447432524,-3.054392808815585,-0.004322804105452803,0.027636615385685098,-0.36853860985186876,0.207959488057952,-0.06926193482548451,-3.05441529506927,-0.0045048468265155945,4.708086517576091e-8,-0.0000014754358597079561,0.0000019970110088709276,0.000002346971399105828,0.00003379116443745309,0.00001828767795727037,0,0,0,0,0,0,1.26350879329836,-2.4030721620351585,-13.336193485974245,-0.7491940668146357,0.37016637149668924,-0.4505791329670696,7,1,3,1,2,48.19097137451172,48.19097137451172,0.6445291042327881,0,0,0.0040280818939208984,0.0040280818939208984,0.004000000189989805,0.004000000189989805,1,1,0,1,7,0,false,false,100.4000015258789,113,-3,280,55,105,1357,,,,1775568896229,1775568896229,,,,,,,,,,,,,,,
1776085914963,002c2969-c559-4f02-85a2-f2403051e800,0,78.21536486526742,-75.69845745896173,87.86322563396386,-102.90162560226179,-95.17326655639236,351.0100603908285,0.0,-0.0021972656861444866,-0.001373291053840304,0.001373291053840304,0.004119873057300496,-0.001373291053840304,78.21502791736398,-75.69539220238808,87.86500998860258,-102.89965453481645,-95.17326800849689,351.00770339001696,0.0,0.0,0.0,0.0,0.0,0.0,0.0403747595846653,-1.5925599336624146,-1.8727505207061768,-0.7900096774101257,0.048116736114025116,-0.021260883659124374,-2.6056369177447562e-17,-1.3249893081149904,-1.3532303269093235,-0.5659490727397369,-0.03939408057771185,0.0,33.77998352050781,36.609981536865234,38.769981384277344,40.680015563964844,43.129981994628906,40.949981689453125,-0.008972168900072575,-0.8792725801467896,-1.5204660892486572,-0.6501354575157166,-0.1018284410238266,-0.0839245393872261,253,253,253,253,253,253,0.027637349766068825,-0.3685455770206102,0.20799067581572048,-0.06932329447432524,-3.054392808815585,-0.004322804105452803,0.027636615385685098,-0.36853860985186876,0.207959488057952,-0.06926193482548451,-3.05441529506927,-0.0045048468265155945,4.708086517576091e-8,-0.0000014754358597079561,0.0000019970110088709276,0.000002346971399105828,0.00003379116443745309,0.00001828767795727037,0,0,0,0,0,0,1.26350879329836,-2.4030721620351585,-13.336193485974245,-0.7491940668146357,0.37016637149668924,-0.4505791329670696,7,1,3,1,2,48.19097137451172,48.19097137451172,0.6445291042327881,0,0,0.0040280818939208984,0.0040280818939208984,0.004000000189989805,0.004000000189989805,1,1,0,1,7,0,false,false,100.4000015258789,113,-3,280,55,105,1357,,,,1775568896229,1775568896229,,,,,,,,,,,,,,,
1776085914972,002c2969-c559-4f02-85a2-f2403051e800,0,78.21330214813807,-75.69777444004472,87.86254261504686,-102.90162560226179,-95.17326655639236,351.0093773719115,0.0,-0.0021972656861444866,-0.001373291053840304,0.001373291053840304,0.004119873057300496,-0.001373291053840304,78.21502791736398,-75.69539220238808,87.86500998860258,-102.89965453481645,-95.17326800849689,351.00770339001696,0.0,0.0,0.0,0.0,0.0,0.0,0.0336456336081028,-1.6239625215530396,-1.8681755065917969,-0.8045566082000732,0.048116736114025116,-0.02014188840985298,-2.6056369177447562e-17,-1.3249893081149904,-1.3532303269093235,-0.5659490727397369,-0.03939408057771185,0.0,33.77998352050781,36.609981536865234,38.769981384277344,40.680015563964844,43.129981994628906,40.949981689453125,-0.008972168900072575,-0.8792725801467896,-1.5204660892486572,-0.6501354575157166,-0.1018284410238266,-0.0839245393872261,253,253,253,253,253,253,0.02762351406105691,-0.3685493321739116,0.20798996499192046,-0.06936009581942612,-3.054392106000059,-0.00432595083142402,0.027636615385685098,-0.36853860985186876,0.207959488057952,-0.06926193482548451,-3.05441529506927,-0.0045048468265155945,4.708086517576091e-8,-0.0000014754358597079561,0.0000019970110088709276,0.000002346971399105828,0.00003379116443745309,0.00001828767795727037,0,0,0,0,0,0,1.26350879329836,-2.4030721620351585,-13.336193485974245,-0.7491940668146357,0.37016637149668924,-0.4505791329670696,7,1,3,1,2,48.19097137451172,48.19097137451172,0.6445291042327881,0,0,0.0040280818939208984,0.0040280818939208984,0.004000000189989805,0.004000000189989805,1,1,0,1,7,0,false,false,100.4000015258789,113,-3,280,55,105,1357,,,,1775568896229,1775568896229,,,,,,,,,,,,,,,
1776085914982,002c2969-c559-4f02-85a2-f2403051e800,0,78.21330214813807,-75.69777444004472,87.86254261504686,-102.90162560226179,-95.17326655639236,351.0093773719115,0.0,-0.0021972656861444866,-0.001373291053840304,0.001373291053840304,0.004119873057300496,-0.001373291053840304,78.21502791736398,-75.69539220238808,87.86500998860258,-102.89965453481645,-95.17326800849689,351.00770339001696,0.0,0.0,0.0,0.0,0.0,0.0,0.0336456336081028,-1.6239625215530396,-1.8681755065917969,-0.8045566082000732,0.048116736114025116,-0.02014188840985298,-2.6056369177447562e-17,-1.3249893081149904,-1.3532303269093235,-0.5659490727397369,-0.03939408057771185,0.0,33.77998352050781,36.609981536865234,38.769981384277344,40.680015563964844,43.129981994628906,40.949981689453125,-0.008972168900072575,-0.8792725801467896,-1.5204660892486572,-0.6501354575157166,-0.1018284410238266,-0.0839245393872261,253,253,253,253,253,253,0.02762351406105691,-0.3685493321739116,0.20798996499192046,-0.06936009581942612,-3.054392106000059,-0.00432595083142402,0.027636615385685098,-0.36853860985186876,0.207959488057952,-0.06926193482548451,-3.05441529506927,-0.0045048468265155945,4.708086517576091e-8,-0.0000014754358597079561,0.0000019970110088709276,0.000002346971399105828,0.00003379116443745309,0.00001828767795727037,0,0,0,0,0,0,1.26350879329836,-2.4030721620351585,-13.336193485974245,-0.7491940668146357,0.37016637149668924,-0.4505791329670696,7,1,3,1,2,48.19097137451172,48.19097137451172,0.6445291042327881,0,0,0.0040280818939208984,0.0040280818939208984,0.004000000189989805,0.004000000189989805,1,1,0,1,7,0,false,false,100.4000015258789,113,-3,280,55,105,1357,,,,1775568896229,1775568896229,,,,,,,,,,,,,,,
1776085914992,002c2969-c559-4f02-85a2-f2403051e800,0,78.21330214813807,-75.69777444004472,87.86254261504686,-102.90162560226179,-95.17326655639236,351.0093773719115,0.0,-0.0021972656861444866,-0.001373291053840304,0.001373291053840304,0.004119873057300496,-0.001373291053840304,78.21502791736398,-75.69539220238808,87.86500998860258,-102.89965453481645,-95.17326800849689,351.00770339001696,0.0,0.0,0.0,0.0,0.0,0.0,0.0336456336081028,-1.6239625215530396,-1.8681755065917969,-0.8045566082000732,0.048116736114025116,-0.02014188840985298,-2.6056369177447562e-17,-1.3249893081149904,-1.3532303269093235,-0.5659490727397369,-0.03939408057771185,0.0,33.77998352050781,36.609981536865234,38.769981384277344,40.680015563964844,43.129981994628906,40.949981689453125,-0.008972168900072575,-0.8792725801467896,-1.5204660892486572,-0.6501354575157166,-0.1018284410238266,-0.0839245393872261,253,253,253,253,253,253,0.02762351406105691,-0.3685493321739116,0.20798996499192046,-0.06936009581942612,-3.054392106000059,-0.00432595083142402,0.027636615385685098,-0.36853860985186876,0.207959488057952,-0.06926193482548451,-3.05441529506927,-0.0045048468265155945,4.708086517576091e-8,-0.0000014754358597079561,0.0000019970110088709276,0.000002346971399105828,0.00003379116443745309,0.00001828767795727037,0,0,0,0,0,0,1.26350879329836,-2.4030721620351585,-13.336193485974245,-0.7491940668146357,0.37016637149668924,-0.4505791329670696,7,1,3,1,2,48.19097137451172,48.19097137451172,0.6445291042327881,0,0,0.0040280818939208984,0.0040280818939208984,0.004000000189989805,0.004000000189989805,1,1,0,1,7,0,false,false,100.4000015258789,113,-3,280,55,105,1357,,,,1775568896229,1775568896229,,,,,,,,,,,,,,,
1776085915001,002c2969-c559-4f02-85a2-f2403051e800,0,78.21467501616125,-75.69845745896173,87.86046623753919,-102.90299164009579,-95.17394957530936,351.0100603908285,0.0,-0.0021972656861444866,-0.001373291053840304,0.001373291053840304,0.004119873057300496,-0.001373291053840304,78.21502791736398,-75.69539220238808,87.86500998860258,-102.89965453481645,-95.17326800849689,351.00770339001696,0.0,0.0,0.0,0.0,0.0,0.0,0.0358886756002903,-1.6284486055374146,-1.8742755651474,-0.782176673412323,0.048116736114025116,-0.02014188840985298,-2.6056369177447562e-17,-1.3249893081149904,-1.3532303269093235,-0.5659490727397369,-0.03939408057771185,0.0,33.77998352050781,36.609981536865234,38.769981384277344,40.680015563964844,43.129981994628906,40.949981689453125,-0.008972168900072575,-0.8792725801467896,-1.5204660892486572,-0.6501354575157166,-0.1018284410238266,-0.0839245393872261,253,253,253,253,253,253,0.027628930502096628,-0.36855725202766626,0.20800711826614454,-0.06934616954142309,-3.054368013170089,-0.0042185641855724335,0.027636615385685098,-0.36853860985186876,0.207959488057952,-0.06926193482548451,-3.05441529506927,-0.0045048468265155945,4.708086517576091e-8,-0.0000014754358597079561,0.0000019970110088709276,0.000002346971399105828,0.00003379116443745309,0.00001828767795727037,0,0,0,0,0,0,1.26350879329836,-2.4030721620351585,-13.336193485974245,-0.7491940668146357,0.37016637149668924,-0.4505791329670696,7,1,3,1,2,48.19097137451172,48.19097137451172,0.6445291042327881,0,0,0.0040280818939208984,0.0040280818939208984,0.004000000189989805,0.004000000189989805,1,1,0,1,7,0,false,false,100.4000015258789,113,-3,280,55,105,1357,,,,1775568896229,1775568896229,,,,,,,,,,,,,,,
1776085915011,002c2969-c559-4f02-85a2-f2403051e800,0,78.21467501616125,-75.69845745896173,87.86046623753919,-102.90299164009579,-95.17394957530936,351.0100603908285,0.0,-0.0021972656861444866,-0.001373291053840304,0.001373291053840304,0.004119873057300496,-0.001373291053840304,78.21502791736398,-75.69539220238808,87.86500998860258,-102.89965453481645,-95.17326800849689,351.00770339001696,0.0,0.0,0.0,0.0,0.0,0.0,0.0358886756002903,-1.6284486055374146,-1.8742755651474,-0.782176673412323,0.048116736114025116,-0.02014188840985298,-2.6056369177447562e-17,-1.3249893081149904,-1.3532303269093235,-0.5659490727397369,-0.03939408057771185,0.0,33.77998352050781,36.609981536865234,38.769981384277344,40.680015563964844,43.129981994628906,40.949981689453125,-0.008972168900072575,-0.8792725801467896,-1.5204660892486572,-0.6501354575157166,-0.1018284410238266,-0.0839245393872261,253,253,253,253,253,253,0.027628930502096628,-0.36855725202766626,0.20800711826614454,-0.06934616954142309,-3.054368013170089,-0.0042185641855724335,0.027636615385685098,-0.36853860985186876,0.207959488057952,-0.06926193482548451,-3.05441529506927,-0.0045048468265155945,4.708086517576091e-8,-0.0000014754358597079561,0.0000019970110088709276,0.000002346971399105828,0.00003379116443745309,0.00001828767795727037,0,0,0,0,0,0,1.26350879329836,-2.4030721620351585,-13.336193485974245,-0.7491940668146357,0.37016637149668924,-0.4505791329670696,7,1,3,1,2,48.19097137451172,48.19097137451172,0.6445291042327881,0,0,0.0040280818939208984,0.0040280818939208984,0.004000000189989805,0.004000000189989805,1,1,0,1,7,0,false,false,100.4000015258789,113,-3,280,55,105,1357,,,,1775568896229,1775568896229,,,,,,,,,,,,,,,
1776085915020,002c2969-c559-4f02-85a2-f2403051e800,0,78.21399199724425,-75.69914047787873,87.86185959612986,-102.90230862117879,-95.17394957530936,351.0100603908285,0.0,-0.0021972656861444866,-0.001373291053840304,0.001373291053840304,0.004119873057300496,-0.001373291053840304,78.21502791736398,-75.69539220238808,87.86500998860258,-102.89965453481645,-95.17326800849689,351.00770339001696,0.0,0.0,0.0,0.0,0.0,0.0,0.0336456336081028,-1.6688233613967896,-1.8727505207061768,-0.8000805974006653,0.048116736114025116,-0.021260883659124374,-2.6056369177447562e-17,-1.3249893081149904,-1.3532303269093235,-0.5659490727397369,-0.03939408057771185,0.0,33.77998352050781,36.609981536865234,38.769981384277344,40.680015563964844,43.129981994628906,40.949981689453125,-0.008972168900072575,-0.8792725801467896,-1.5204660892486572,-0.6501354575157166,-0.1018284410238266,-0.0839245393872261,253,253,253,253,253,253,0.027625876973336686,-0.368551048279906,0.20800312980261298,-0.06936276194758728,-3.054371828190611,-0.004255935745334636,0.027636615385685098,-0.36853860985186876,0.207959488057952,-0.06926193482548451,-3.05441529506927,-0.0045048468265155945,4.708086517576091e-8,-0.0000014754358597079561,0.0000019970110088709276,0.000002346971399105828,0.00003379116443745309,0.00001828767795727037,0,0,0,0,0,0,1.26350879329836,-2.4030721620351585,-13.336193485974245,-0.7491940668146357,0.37016637149668924,-0.4505791329670696,7,1,3,1,2,48.19097137451172,48.19097137451172,0.6445291042327881,0,0,0.0040280818939208984,0.0040280818939208984,0.004000000189989805,0.004000000189989805,1,1,0,1,7,0,false,false,100.4000015258789,113,-3,280,55,105,1357,,,,1775568896229,1775568896229,,,,,,,,,,,,,,,
1776085915030,002c2969-c559-4f02-85a2-f2403051e800,0,78.21399199724425,-75.69914047787873,87.86185959612986,-102.90230862117879,-95.17394957530936,351.0100603908285,0.0,-0.0021972656861444866,-0.001373291053840304,0.001373291053840304,0.004119873057300496,-0.001373291053840304,78.21502791736398,-75.69539220238808,87.86500998860258,-102.89965453481645,-95.17326800849689,351.00770339001696,0.0,0.0,0.0,0.0,0.0,0.0,0.0336456336081028,-1.6688233613967896,-1.8727505207061768,-0.8000805974006653,0.048116736114025116,-0.021260883659124374,-2.6056369177447562e-17,-1.3249893081149904,-1.3532303269093235,-0.5659490727397369,-0.03939408057771185,0.0,33.77998352050781,36.609981536865234,38.769981384277344,40.680015563964844,43.129981994628906,40.949981689453125,-0.008972168900072575,-0.8792725801467896,-1.5204660892486572,-0.6501354575157166,-0.1018284410238266,-0.0839245393872261,253,253,253,253,253,253,0.027625876973336686,-0.368551048279906,0.20800312980261298,-0.06936276194758728,-3.054371828190611,-0.004255935745334636,0.027636615385685098,-0.36853860985186876,0.207959488057952,-0.06926193482548451,-3.05441529506927,-0.0045048468265155945,4.708086517576091e-8,-0.0000014754358597079561,0.0000019970110088709276,0.000002346971399105828,0.00003379116443745309,0.00001828767795727037,0,0,0,0,0,0,1.26350879329836,-2.4030721620351585,-13.336193485974245,-0.7491940668146357,0.37016637149668924,-0.4505791329670696,7,1,3,1,2,48.19097137451172,48.19097137451172,0.6445291042327881,0,0,0.0040280818939208984,0.0040280818939208984,0.004000000189989805,0.004000000189989805,1,1,0,1,7,0,false,false,100.4000015258789,113,-3,280,55,105,1357,,,,1775568896229,1775568896229,,,,,,,,,,,,,,,
1776085915047,002c2969-c559-4f02-85a2-f2403051e800,0,78.21399199724425,-75.69914047787873,87.86185959612986,-102.90230862117879,-95.17394957530936,351.0100603908285,0.0,-0.0021972656861444866,-0.001373291053840304,0.001373291053840304,0.004119873057300496,-0.001373291053840304,78.21502791736398,-75.69539220238808,87.86500998860258,-102.89965453481645,-95.17326800849689,351.00770339001696,0.0,0.0,0.0,0.0,0.0,0.0,0.0336456336081028,-1.6688233613967896,-1.8727505207061768,-0.8000805974006653,0.048116736114025116,-0.021260883659124374,-2.6056369177447562e-17,-1.3249893081149904,-1.3532303269093235,-0.5659490727397369,-0.03939408057771185,0.0,33.77998352050781,36.609981536865234,38.769981384277344,40.680015563964844,43.129981994628906,40.949981689453125,-0.008972168900072575,-0.8792725801467896,-1.5204660892486572,-0.6501354575157166,-0.1018284410238266,-0.0839245393872261,253,253,253,253,253,253,0.027625876973336686,-0.368551048279906,0.20800312980261298,-0.06936276194758728,-3.054371828190611,-0.004255935745334636,0.027636615385685098,-0.36853860985186876,0.207959488057952,-0.06926193482548451,-3.05441529506927,-0.0045048468265155945,4.708086517576091e-8,-0.0000014754358597079561,0.0000019970110088709276,0.000002346971399105828,0.00003379116443745309,0.00001828767795727037,0,0,0,0,0,0,1.26350879329836,-2.4030721620351585,-13.336193485974245,-0.7491940668146357,0.37016637149668924,-0.4505791329670696,7,1,3,1,2,48.19097137451172,48.19097137451172,0.6445291042327881,0,0,0.0040280818939208984,0.0040280818939208984,0.004000000189989805,0.004000000189989805,1,1,0,1,7,0,false,false,100.4000015258789,113,-3,280,55,105,1357,,,,1775568896229,1775568896229,,,,,,,,,,,,,,,
1776085915057,002c2969-c559-4f02-85a2-f2403051e800,0,78.21536486526742,-75.69777444004472,87.85978321862218,-102.90230862117879,-95.17463259422637,351.0114264286625,0.0,-0.0021972656861444866,-0.001373291053840304,0.001373291053840304,0.004119873057300496,-0.001373291053840304,78.21502791736398,-75.69539220238808,87.86500998860258,-102.89965453481645,-95.17326800849689,351.00770339001696,0.0,0.0,0.0,0.0,0.0,0.0,0.0336456336081028,-1.572372555732727,-1.8803757429122925,-0.8011996150016785,0.051473718136548996,-0.02014188840985298,-2.6056369177447562e-17,-1.3249893081149904,-1.3532303269093235,-0.5659490727397369,-0.03939408057771185,0.0,33.77998352050781,36.609981536865234,38.769981384277344,40.680015563964844,43.129981994628906,40.949981689453125,-0.008972168900072575,-0.8792725801467896,-1.5204660892486572,-0.6501354575157166,-0.1018284410238266,-0.0839245393872261,253,253,253,253,253,253,0.02763152944396594,-0.36855776740778423,0.20800551169985693,-0.06936325461191885,-3.054357999584945,-0.004237332399427413,0.027636615385685098,-0.36853860985186876,0.207959488057952,-0.06926193482548451,-3.05441529506927,-0.0045048468265155945,4.708086517576091e-8,-0.0000014754358597079561,0.0000019970110088709276,0.000002346971399105828,0.00003379116443745309,0.00001828767795727037,0,0,0,0,0,0,1.26350879329836,-2.4030721620351585,-13.336193485974245,-0.7491940668146357,0.37016637149668924,-0.4505791329670696,7,1,3,1,2,48.19097137451172,48.19097137451172,0.6445291042327881,0,0,0.0040280818939208984,0.0040280818939208984,0.004000000189989805,0.004000000189989805,1,1,0,1,7,0,false,false,100.4000015258789,113,-3,280,55,105,1357,,,,1775568896229,1775568896229,,,,,,,,,,,,,,,
1776085915067,002c2969-c559-4f02-85a2-f2403051e800,0,78.21536486526742,-75.69777444004472,87.85978321862218,-102.90230862117879,-95.17463259422637,351.0114264286625,0.0,-0.0021972656861444866,-0.001373291053840304,0.001373291053840304,0.004119873057300496,-0.001373291053840304,78.21502791736398,-75.69539220238808,87.86500998860258,-102.89965453481645,-95.17326800849689,351.00770339001696,0.0,0.0,0.0,0.0,0.0,0.0,0.0336456336081028,-1.572372555732727,-1.8803757429122925,-0.8011996150016785,0.051473718136548996,-0.02014188840985298,-2.6056369177447562e-17,-1.3249893081149904,-1.3532303269093235,-0.5659490727397369,-0.03939408057771185,0.0,33.77998352050781,36.609981536865234,38.769981384277344,40.680015563964844,43.129981994628906,40.949981689453125,-0.008972168900072575,-0.8792725801467896,-1.5204660892486572,-0.6501354575157166,-0.1018284410238266,-0.0839245393872261,253,253,253,253,253,253,0.02763152944396594,-0.36855776740778423,0.20800551169985693,-0.06936325461191885,-3.054357999584945,-0.004237332399427413,0.027636615385685098,-0.36853860985186876,0.207959488057952,-0.06926193482548451,-3.05441529506927,-0.0045048468265155945,4.708086517576091e-8,-0.0000014754358597079561,0.0000019970110088709276,0.000002346971399105828,0.00003379116443745309,0.00001828767795727037,0,0,0,0,0,0,1.26350879329836,-2.4030721620351585,-13.336193485974245,-0.7491940668146357,0.37016637149668924,-0.4505791329670696,7,1,3,1,2,48.19097137451172,48.19097137451172,0.6445291042327881,0,0,0.0040280818939208984,0.0040280818939208984,0.004000000189989805,0.004000000189989805,1,1,0,1,7,0,false,false,100.4000015258789,113,-3,280,55,105,1357,,,,1775568896229,1775568896229,,,,,,,,,,,,,,,
1776085915077,002c2969-c559-4f02-85a2-f2403051e800,0,78.21467501616125,-75.69569806253705,87.86390865288087,-102.9050406968468,-95.17394957530936,351.01074340974554,0.0,-0.0021972656861444866,-0.001373291053840304,0.001373291053840304,0.004119873057300496,-0.001373291053840304,78.21502791736398,-75.69539220238808,87.86500998860258,-102.89965453481645,-95.17326800849689,351.00770339001696,0.0,0.0,0.0,0.0,0.0,0.0,0.0336456336081028,-1.581344723701477,-1.8651254177093506,-0.7900096774101257,0.051473718136548996,-0.021260883659124374,-2.6056369177447562e-17,-1.3249893081149904,-1.3532303269093235,-0.5659490727397369,-0.03939408057771185,0.0,33.77998352050781,36.609981536865234,38.769981384277344,40.680015563964844,43.129981994628906,40.949981689453125,-0.008972168900072575,-0.8792725801467896,-1.5204660892486572,-0.6501354575157166,-0.1018284410238266,-0.0839245393872261,253,253,253,253,253,253,0.027629540717969754,-0.36855404325190555,0.20797536990799137,-0.0693601846641746,-3.0543805266644912,-0.004326728166365977,0.027636615385685098,-0.36853860985186876,0.207959488057952,-0.06926193482548451,-3.05441529506927,-0.0045048468265155945,4.708086517576091e-8,-0.0000014754358597079561,0.0000019970110088709276,0.000002346971399105828,0.00003379116443745309,0.00001828767795727037,0,0,0,0,0,0,1.26350879329836,-2.4030721620351585,-13.336193485974245,-0.7491940668146357,0.37016637149668924,-0.4505791329670696,7,1,3,1,2,48.19097137451172,48.19097137451172,0.6445291042327881,0,0,0.0040280818939208984,0.0040280818939208984,0.004000000189989805,0.004000000189989805,1,1,0,1,7,0,false,false,100.4000015258789,113,-3,280,55,105,1357,,,,1775568896229,1775568896229,,,,,,,,,,,,,,,
1776085915086,002c2969-c559-4f02-85a2-f2403051e800,0,78.21467501616125,-75.69569806253705,87.86390865288087,-102.9050406968468,-95.17394957530936,351.01074340974554,0.0,-0.0021972656861444866,-0.001373291053840304,0.001373291053840304,0.004119873057300496,-0.001373291053840304,78.21502791736398,-75.69539220238808,87.86500998860258,-102.89965453481645,-95.17326800849689,351.00770339001696,0.0,0.0,0.0,0.0,0.0,0.0,0.0336456336081028,-1.581344723701477,-1.8651254177093506,-0.7900096774101257,0.051473718136548996,-0.021260883659124374,-2.6056369177447562e-17,-1.3249893081149904,-1.3532303269093235,-0.5659490727397369,-0.03939408057771185,0.0,33.77998352050781,36.609981536865234,38.769981384277344,40.680015563964844,43.129981994628906,40.949981689453125,-0.008972168900072575,-0.8792725801467896,-1.5204660892486572,-0.6501354575157166,-0.1018284410238266,-0.0839245393872261,253,253,253,253,253,253,0.027629540717969754,-0.36855404325190555,0.20797536990799137,-0.0693601846641746,-3.0543805266644912,-0.004326728166365977,0.027636615385685098,-0.36853860985186876,0.207959488057952,-0.06926193482548451,-3.05441529506927,-0.0045048468265155945,4.708086517576091e-8,-0.0000014754358597079561,0.0000019970110088709276,0.000002346971399105828,0.00003379116443745309,0.00001828767795727037,0,0,0,0,0,0,1.26350879329836,-2.4030721620351585,-13.336193485974245,-0.7491940668146357,0.37016637149668924,-0.4505791329670696,7,1,3,1,2,48.19097137451172,48.19097137451172,0.6445291042327881,0,0,0.0040280818939208984,0.0040280818939208984,0.004000000189989805,0.004000000189989805,1,1,0,1,7,0,false,false,100.4000015258789,113,-3,280,55,105,1357,,,,1775568896229,1775568896229,,,,,,,,,,,,,,,
1776085915095,002c2969-c559-4f02-85a2-f2403051e800,0,78.2119292801149,-75.69569806253705,87.86046623753919,-102.90230862117879,-95.17463259422637,351.0086943529945,0.0,-0.0021972656861444866,-0.001373291053840304,0.001373291053840304,0.004119873057300496,-0.001373291053840304,78.21502791736398,-75.69539220238808,87.86500998860258,-102.89965453481645,-95.17326800849689,351.00770339001696,0.0,0.0,0.0,0.0,0.0,0.0,0.0336456336081028,-1.6777955293655396,-1.8712254762649536,-0.8079135417938232,0.051473718136548996,-0.017903901636600494,-2.6056369177447562e-17,-1.3249893081149904,-1.3532303269093235,-0.5659490727397369,-0.03939408057771185,0.0,33.77998352050781,36.609981536865234,38.769981384277344,40.680015563964844,43.129981994628906,40.949981689453125,-0.008972168900072575,-0.8792725801467896,-1.5204660892486572,-0.6501354575157166,-0.1018284410238266,-0.0839245393872261,253,253,253,253,253,253,0.027609433186170346,-0.3685593118905602,0.20798911983237112,-0.06937908498465908,-3.0543663708184017,-0.004316817877235512,0.027636615385685098,-0.36853860985186876,0.207959488057952,-0.06926193482548451,-3.05441529506927,-0.0045048468265155945,4.708086517576091e-8,-0.0000014754358597079561,0.0000019970110088709276,0.000002346971399105828,0.00003379116443745309,0.00001828767795727037,0,0,0,0,0,0,1.26350879329836,-2.4030721620351585,-13.336193485974245,-0.7491940668146357,0.37016637149668924,-0.4505791329670696,7,1,3,1,2,48.19097137451172,48.19097137451172,0.6445291042327881,0,0,0.0040280818939208984,0.0040280818939208984,0.004000000189989805,0.004000000189989805,1,1,0,1,7,0,false,false,100.4000015258789,113,-3,280,55,105,1357,,,,1775568896229,1775568896229,,,,,,,,,,,,,,,
1776085915105,002c2969-c559-4f02-85a2-f2403051e800,0,78.2119292801149,-75.69569806253705,87.86046623753919,-102.90230862117879,-95.17463259422637,351.0086943529945,0.0,-0.0021972656861444866,-0.001373291053840304,0.001373291053840304,0.004119873057300496,-0.001373291053840304,78.21502791736398,-75.69539220238808,87.86500998860258,-102.89965453481645,-95.17326800849689,351.00770339001696,0.0,0.0,0.0,0.0,0.0,0.0,0.0336456336081028,-1.6777955293655396,-1.8712254762649536,-0.8079135417938232,0.051473718136548996,-0.017903901636600494,-2.6056369177447562e-17,-1.3249893081149904,-1.3532303269093235,-0.5659490727397369,-0.03939408057771185,0.0,33.77998352050781,36.609981536865234,38.769981384277344,40.680015563964844,43.129981994628906,40.949981689453125,-0.008972168900072575,-0.8792725801467896,-1.5204660892486572,-0.6501354575157166,-0.1018284410238266,-0.0839245393872261,253,253,253,253,253,253,0.027609433186170346,-0.3685593118905602,0.20798911983237112,-0.06937908498465908,-3.0543663708184017,-0.004316817877235512,0.027636615385685098,-0.36853860985186876,0.207959488057952,-0.06926193482548451,-3.05441529506927,-0.0045048468265155945,4.708086517576091e-8,-0.0000014754358597079561,0.0000019970110088709276,0.000002346971399105828,0.00003379116443745309,0.00001828767795727037,0,0,0,0,0,0,1.26350879329836,-2.4030721620351585,-13.336193485974245,-0.7491940668146357,0.37016637149668924,-0.4505791329670696,7,1,3,1,2,48.19097137451172,48.19097137451172,0.6445291042327881,0,0,0.0040280818939208984,0.0040280818939208984,0.004000000189989805,0.004000000189989805,1,1,0,1,7,0,false,false,100.4000015258789,113,-3,280,55,105,1357,,,,1775568896229,1775568896229,,,,,,,,,,,,,,,
1776085915114,002c2969-c559-4f02-85a2-f2403051e800,0,78.2119292801149,-75.69569806253705,87.86046623753919,-102.90230862117879,-95.17463259422637,351.0086943529945,0.0,-0.0021972656861444866,-0.001373291053840304,0.001373291053840304,0.004119873057300496,-0.001373291053840304,78.21502791736398,-75.69539220238808,87.86500998860258,-102.89965453481645,-95.17326800849689,351.00770339001696,0.0,0.0,0.0,0.0,0.0,0.0,0.0336456336081028,-1.6777955293655396,-1.8712254762649536,-0.8079135417938232,0.051473718136548996,-0.017903901636600494,-2.6056369177447562e-17,-1.3249893081149904,-1.3532303269093235,-0.5659490727397369,-0.03939408057771185,0.0,33.77998352050781,36.609981536865234,38.769981384277344,40.680015563964844,43.129981994628906,40.949981689453125,-0.008972168900072575,-0.8792725801467896,-1.5204660892486572,-0.6501354575157166,-0.1018284410238266,-0.0839245393872261,253,253,253,253,253,253,0.027609433186170346,-0.3685593118905602,0.20798911983237112,-0.06937908498465908,-3.0543663708184017,-0.004316817877235512,0.027636615385685098,-0.36853860985186876,0.207959488057952,-0.06926193482548451,-3.05441529506927,-0.0045048468265155945,4.708086517576091e-8,-0.0000014754358597079561,0.0000019970110088709276,0.000002346971399105828,0.00003379116443745309,0.00001828767795727037,0,0,0,0,0,0,1.26350879329836,-2.4030721620351585,-13.336193485974245,-0.7491940668146357,0.37016637149668924,-0.4505791329670696,7,1,3,1,2,48.19097137451172,48.19097137451172,0.6445291042327881,0,0,0.0040280818939208984,0.0040280818939208984,0.004000000189989805,0.004000000189989805,1,1,0,1,7,0,false,false,100.4000015258789,113,-3,280,55,105,1357,,,,1775568896229,1775568896229,,,,,,,,,,,,,,,
1776085915124,002c2969-c559-4f02-85a2-f2403051e800,0,78.2119292801149,-75.69569806253705,87.86046623753919,-102.90230862117879,-95.17463259422637,351.0086943529945,0.0,-0.0021972656861444866,-0.001373291053840304,0.001373291053840304,0.004119873057300496,-0.001373291053840304,78.21502791736398,-75.69539220238808,87.86500998860258,-102.89965453481645,-95.17326800849689,351.00770339001696,0.0,0.0,0.0,0.0,0.0,0.0,0.0336456336081028,-1.6777955293655396,-1.8712254762649536,-0.8079135417938232,0.051473718136548996,-0.017903901636600494,-2.6056369177447562e-17,-1.3249893081149904,-1.3532303269093235,-0.5659490727397369,-0.03939408057771185,0.0,33.77998352050781,36.609981536865234,38.769981384277344,40.680015563964844,43.129981994628906,40.949981689453125,-0.008972168900072575,-0.8792725801467896,-1.5204660892486572,-0.6501354575157166,-0.1018284410238266,-0.0839245393872261,253,253,253,253,253,253,0.027609433186170346,-0.3685593118905602,0.20798911983237112,-0.06937908498465908,-3.0543663708184017,-0.004316817877235512,0.027636615385685098,-0.36853860985186876,0.207959488057952,-0.06926193482548451,-3.05441529506927,-0.0045048468265155945,4.708086517576091e-8,-0.0000014754358597079561,0.0000019970110088709276,0.000002346971399105828,0.00003379116443745309,0.00001828767795727037,0,0,0,0,0,0,1.26350879329836,-2.4030721620351585,-13.336193485974245,-0.7491940668146357,0.37016637149668924,-0.4505791329670696,7,1,3,1,2,48.19097137451172,48.19097137451172,0.6445291042327881,0,0,0.0040280818939208984,0.0040280818939208984,0.004000000189989805,0.004000000189989805,1,1,0,1,7,0,false,false,100.4000015258789,113,-3,280,55,105,1357,,,,1775568896229,1775568896229,,,,,,,,,,,,,,,
1776085915134,002c2969-c559-4f02-85a2-f2403051e800,0,78.21261912922107,-75.69914047787873,87.86254261504686,-102.90230862117879,-95.17394957530936,351.01074340974554,0.0,-0.0021972656861444866,-0.001373291053840304,0.001373291053840304,0.004119873057300496,-0.001373291053840304,78.21502791736398,-75.69539220238808,87.86500998860258,-102.89965453481645,-95.17326800849689,351.00770339001696,0.0,0.0,0.0,0.0,0.0,0.0,0.0426178015768528,-1.6060181856155396,-1.8742755651474,-0.8135085105895996,0.0503547228872776,-0.019022895023226738,-2.6056369177447562e-17,-1.3249893081149904,-1.3532303269093235,-0.5659490727397369,-0.03939408057771185,0.0,33.77998352050781,36.609981536865234,38.769981384277344,40.680015563964844,43.129981994628906,40.949981689453125,-0.008972168900072575,-0.8792725801467896,-1.5204660892486572,-0.6501354575157166,-0.1018284410238266,-0.0839245393872261,253,253,253,253,253,253,0.027617474043603357,-0.3685496053625612,0.20799960732587228,-0.06941681853674267,-3.054372689990493,-0.004274659140274858,0.027636615385685098,-0.36853860985186876,0.207959488057952,-0.06926193482548451,-3.05441529506927,-0.0045048468265155945,4.708086517576091e-8,-0.0000014754358597079561,0.0000019970110088709276,0.000002346971399105828,0.00003379116443745309,0.00001828767795727037,0,0,0,0,0,0,1.26350879329836,-2.4030721620351585,-13.336193485974245,-0.7491940668146357,0.37016637149668924,-0.4505791329670696,7,1,3,1,2,48.19097137451172,48.19097137451172,0.6445291042327881,0,0,0.0040280818939208984,0.0040280818939208984,0.004000000189989805,0.004000000189989805,1,1,0,1,7,0,false,false,100.4000015258789,113,-3,280,55,105,1357,,,,1775568896229,1775568896229,,,,,,,,,,,,,,,
1776085915143,002c2969-c559-4f02-85a2-f2403051e800,0,78.21261912922107,-75.69914047787873,87.86254261504686,-102.90230862117879,-95.17394957530936,351.01074340974554,0.0,-0.0021972656861444866,-0.001373291053840304,0.001373291053840304,0.004119873057300496,-0.001373291053840304,78.21502791736398,-75.69539220238808,87.86500998860258,-102.89965453481645,-95.17326800849689,351.00770339001696,0.0,0.0,0.0,0.0,0.0,0.0,0.0426178015768528,-1.6060181856155396,-1.8742755651474,-0.8135085105895996,0.0503547228872776,-0.019022895023226738,-2.6056369177447562e-17,-1.3249893081149904,-1.3532303269093235,-0.5659490727397369,-0.03939408057771185,0.0,33.77998352050781,36.609981536865234,38.769981384277344,40.680015563964844,43.129981994628906,40.949981689453125,-0.008972168900072575,-0.8792725801467896,-1.5204660892486572,-0.6501354575157166,-0.1018284410238266,-0.0839245393872261,253,253,253,253,253,253,0.027617474043603357,-0.3685496053625612,0.20799960732587228,-0.06941681853674267,-3.054372689990493,-0.004274659140274858,0.027636615385685098,-0.36853860985186876,0.207959488057952,-0.06926193482548451,-3.05441529506927,-0.0045048468265155945,4.708086517576091e-8,-0.0000014754358597079561,0.0000019970110088709276,0.000002346971399105828,0.00003379116443745309,0.00001828767795727037,0,0,0,0,0,0,1.26350879329836,-2.4030721620351585,-13.336193485974245,-0.7491940668146357,0.37016637149668924,-0.4505791329670696,7,1,3,1,2,48.19097137451172,48.19097137451172,0.6445291042327881,0,0,0.0040280818939208984,0.0040280818939208984,0.004000000189989805,0.004000000189989805,1,1,0,1,7,0,false,false,100.4000015258789,113,-3,280,55,105,1357,,,,1775568896229,1775568896229,,,,,,,,,,,,,,,
1776085915151,002c2969-c559-4f02-85a2-f2403051e800,0,78.21330214813807,-75.69845745896173,87.86046623753919,-102.90299164009579,-95.17258353747536,351.0100603908285,0.0,-0.0010986328430722433,-0.001373291053840304,0.001373291053840304,0.004119873057300496,-0.001373291053840304,78.21502791736398,-75.69539220238808,87.86500998860258,-102.89965453481645,-95.17326800849689,351.00770339001696,0.0,0.0,0.0,0.0,0.0,0.0,0.0336456336081028,-1.6733094453811646,-1.8666504621505737,-0.7832956910133362,0.0503547228872776,-0.019022895023226738,-2.6056369177447562e-17,-1.3249893081149904,-1.3532303269093235,-0.5659490727397369,-0.03939408057771185,0.0,33.77998352050781,36.609981536865234,38.769981384277344,40.680015563964844,43.129981994628906,40.949981689453125,-0.008972168900072575,-0.8792725801467896,-1.5204660892486572,-0.6501354575157166,-0.1018284410238266,-0.0839245393872261,253,253,253,253,253,253,0.027623296308873377,-0.3685585713051745,0.2080068381073327,-0.06938305320715218,-3.0543906800609903,-0.004213673814355028,0.027636615385685098,-0.36853860985186876,0.207959488057952,-0.06926193482548451,-3.05441529506927,-0.0045048468265155945,4.708086517576091e-8,-0.0000014754358597079561,0.0000019970110088709276,0.000002346971399105828,0.00003379116443745309,0.00001828767795727037,0,0,0,0,0,0,1.26350879329836,-2.4030721620351585,-13.336193485974245,-0.7491940668146357,0.37016637149668924,-0.4505791329670696,7,1,3,1,2,48.19097137451172,48.19097137451172,0.6445291042327881,0,0,0.0040280818939208984,0.0040280818939208984,0.004000000189989805,0.004000000189989805,1,1,0,1,7,0,false,false,100.4000015258789,113,-3,280,55,105,1357,,,,1775568896229,1775568896229,,,,,,,,,,,,,,,
1776085915161,002c2969-c559-4f02-85a2-f2403051e800,0,78.21330214813807,-75.69845745896173,87.86046623753919,-102.90299164009579,-95.17258353747536,351.0100603908285,0.0,-0.0010986328430722433,-0.001373291053840304,0.001373291053840304,0.004119873057300496,-0.001373291053840304,78.21502791736398,-75.69539220238808,87.86500998860258,-102.89965453481645,-95.17326800849689,351.00770339001696,0.0,0.0,0.0,0.0,0.0,0.0,0.0336456336081028,-1.6733094453811646,-1.8666504621505737,-0.7832956910133362,0.0503547228872776,-0.019022895023226738,-2.6056369177447562e-17,-1.3249893081149904,-1.3532303269093235,-0.5659490727397369,-0.03939408057771185,0.0,33.77998352050781,36.609981536865234,38.769981384277344,40.680015563964844,43.129981994628906,40.949981689453125,-0.008972168900072575,-0.8792725801467896,-1.5204660892486572,-0.6501354575157166,-0.1018284410238266,-0.0839245393872261,253,253,253,253,253,253,0.027623296308873377,-0.3685585713051745,0.2080068381073327,-0.06938305320715218,-3.0543906800609903,-0.004213673814355028,0.027636615385685098,-0.36853860985186876,0.207959488057952,-0.06926193482548451,-3.05441529506927,-0.0045048468265155945,4.708086517576091e-8,-0.0000014754358597079561,0.0000019970110088709276,0.000002346971399105828,0.00003379116443745309,0.00001828767795727037,0,0,0,0,0,0,1.26350879329836,-2.4030721620351585,-13.336193485974245,-0.7491940668146357,0.37016637149668924,-0.4505791329670696,7,1,3,1,2,48.19097137451172,48.19097137451172,0.6445291042327881,0,0,0.0040280818939208984,0.0040280818939208984,0.004000000189989805,0.004000000189989805,1,1,0,1,7,0,false,false,100.4000015258789,113,-3,280,55,105,1357,,,,1775568896229,1775568896229,,,,,,,,,,,,,,,
1776085915171,002c2969-c559-4f02-85a2-f2403051e800,0,78.21330214813807,-75.69638108145405,87.85841718078818,-102.90230862117879,-95.17531561314337,351.0135028061702,0.0,-0.0010986328430722433,-0.001373291053840304,0.001373291053840304,0.004119873057300496,-0.001373291053840304,78.21502791736398,-75.69539220238808,87.86500998860258,-102.89965453481645,-95.17326800849689,351.00770339001696,0.0,0.0,0.0,0.0,0.0,0.0,0.0314025916159153,-1.608261227607727,-1.8727505207061768,-0.8011996150016785,0.05259270966053009,-0.017903901636600494,-2.6056369177447562e-17,-1.3249893081149904,-1.3532303269093235,-0.5659490727397369,-0.03939408057771185,0.0,33.77998352050781,36.609981536865234,38.769981384277344,40.680015563964844,43.129981994628906,40.949981689453125,-0.008972168900072575,-0.8792725801467896,-1.5204660892486572,-0.6501354575157166,-0.1018284410238266,-0.0839245393872261,253,253,253,253,253,253,0.027615521696565476,-0.3685639802875182,0.20800406074177002,-0.0694734542731615,-3.054343982113883,-0.004241232665335667,0.027636615385685098,-0.36853860985186876,0.207959488057952,-0.06926193482548451,-3.05441529506927,-0.0045048468265155945,4.708086517576091e-8,-0.0000014754358597079561,0.0000019970110088709276,0.000002346971399105828,0.00003379116443745309,0.00001828767795727037,0,0,0,0,0,0,1.26350879329836,-2.4030721620351585,-13.336193485974245,-0.7491940668146357,0.37016637149668924,-0.4505791329670696,7,1,3,1,2,48.19097137451172,48.19097137451172,0.6445291042327881,0,0,0.0040280818939208984,0.0040280818939208984,0.004000000189989805,0.004000000189989805,1,1,0,1,7,0,false,false,100.4000015258789,113,-3,280,55,105,1357,,,,1775568896229,1775568896229,,,,,,,,,,,,,,,
1776085915180,002c2969-c559-4f02-85a2-f2403051e800,0,78.21330214813807,-75.69638108145405,87.85841718078818,-102.90230862117879,-95.17531561314337,351.0135028061702,0.0,-0.0010986328430722433,-0.001373291053840304,0.001373291053840304,0.004119873057300496,-0.001373291053840304,78.21502791736398,-75.69539220238808,87.86500998860258,-102.89965453481645,-95.17326800849689,351.00770339001696,0.0,0.0,0.0,0.0,0.0,0.0,0.0314025916159153,-1.608261227607727,-1.8727505207061768,-0.8011996150016785,0.05259270966053009,-0.017903901636600494,-2.6056369177447562e-17,-1.3249893081149904,-1.3532303269093235,-0.5659490727397369,-0.03939408057771185,0.0,33.77998352050781,36.609981536865234,38.769981384277344,40.680015563964844,43.129981994628906,40.949981689453125,-0.008972168900072575,-0.8792725801467896,-1.5204660892486572,-0.6501354575157166,-0.1018284410238266,-0.0839245393872261,253,253,253,253,253,253,0.027615521696565476,-0.3685639802875182,0.20800406074177002,-0.0694734542731615,-3.054343982113883,-0.004241232665335667,0.027636615385685098,-0.36853860985186876,0.207959488057952,-0.06926193482548451,-3.05441529506927,-0.0045048468265155945,4.708086517576091e-8,-0.0000014754358597079561,0.0000019970110088709276,0.000002346971399105828,0.00003379116443745309,0.00001828767795727037,0,0,0,0,0,0,1.26350879329836,-2.4030721620351585,-13.336193485974245,-0.7491940668146357,0.37016637149668924,-0.4505791329670696,7,1,3,1,2,48.19097137451172,48.19097137451172,0.6445291042327881,0,0,0.0040280818939208984,0.0040280818939208984,0.004000000189989805,0.004000000189989805,1,1,0,1,7,0,false,false,100.4000015258789,113,-3,280,55,105,1357,,,,1775568896229,1775568896229,,,,,,,,,,,,,,,
1776085915189,002c2969-c559-4f02-85a2-f2403051e800,0,78.21604788418442,-75.69982349679573,87.86117657721286,-102.90162560226179,-95.17258353747536,351.01074340974554,0.0,-0.0010986328430722433,-0.001373291053840304,0.001373291053840304,0.004119873057300496,-0.001373291053840304,78.21502791736398,-75.69539220238808,87.86500998860258,-102.89965453481645,-95.17326800849689,351.00770339001696,0.0,0.0,0.0,0.0,0.0,0.0,0.0426178015768528,-1.6598511934280396,-1.8651254177093506,-0.8000805974006653,0.051473718136548996,-0.015665914863348007,-2.6056369177447562e-17,-1.3249893081149904,-1.3532303269093235,-0.5659490727397369,-0.03939408057771185,0.0,33.77998352050781,36.609981536865234,38.769981384277344,40.680015563964844,43.129981994628906,40.949981689453125,-0.008972168900072575,-0.8792725801467896,-1.5204660892486572,-0.6501354575157166,-0.1018284410238266,-0.0839245393872261,253,253,253,253,253,253,0.027642337394613383,-0.3685505792097431,0.2080095695802174,-0.06932710047526706,-3.0543939202827874,-0.00422838866178784,0.027636615385685098,-0.36853860985186876,0.207959488057952,-0.06926193482548451,-3.05441529506927,-0.0045048468265155945,4.708086517576091e-8,-0.0000014754358597079561,0.0000019970110088709276,0.000002346971399105828,0.00003379116443745309,0.00001828767795727037,0,0,0,0,0,0,1.26350879329836,-2.4030721620351585,-13.336193485974245,-0.7491940668146357,0.37016637149668924,-0.4505791329670696,7,1,3,1,2,48.19097137451172,48.19097137451172,0.6445291042327881,0,0,0.0040280818939208984,0.0040280818939208984,0.004000000189989805,0.004000000189989805,1,1,0,1,7,0,false,false,100.4000015258789,113,-3,280,55,105,1357,,,,1775568896229,1775568896229,,,,,,,,,,,,,,,
1776085915198,002c2969-c559-4f02-85a2-f2403051e800,0,78.21604788418442,-75.69982349679573,87.86117657721286,-102.90162560226179,-95.17258353747536,351.01074340974554,0.0,-0.0010986328430722433,-0.001373291053840304,0.001373291053840304,0.004119873057300496,-0.001373291053840304,78.21502791736398,-75.69539220238808,87.86500998860258,-102.89965453481645,-95.17326800849689,351.00770339001696,0.0,0.0,0.0,0.0,0.0,0.0,0.0426178015768528,-1.6598511934280396,-1.8651254177093506,-0.8000805974006653,0.051473718136548996,-0.015665914863348007,-2.6056369177447562e-17,-1.3249893081149904,-1.3532303269093235,-0.5659490727397369,-0.03939408057771185,0.0,33.77998352050781,36.609981536865234,38.769981384277344,40.680015563964844,43.129981994628906,40.949981689453125,-0.008972168900072575,-0.8792725801467896,-1.5204660892486572,-0.6501354575157166,-0.1018284410238266,-0.0839245393872261,253,253,253,253,253,253,0.027642337394613383,-0.3685505792097431,0.2080095695802174,-0.06932710047526706,-3.0543939202827874,-0.00422838866178784,0.027636615385685098,-0.36853860985186876,0.207959488057952,-0.06926193482548451,-3.05441529506927,-0.0045048468265155945,4.708086517576091e-8,-0.0000014754358597079561,0.0000019970110088709276,0.000002346971399105828,0.00003379116443745309,0.00001828767795727037,0,0,0,0,0,0,1.26350879329836,-2.4030721620351585,-13.336193485974245,-0.7491940668146357,0.37016637149668924,-0.4505791329670696,7,1,3,1,2,48.19097137451172,48.19097137451172,0.6445291042327881,0,0,0.0040280818939208984,0.0040280818939208984,0.004000000189989805,0.004000000189989805,1,1,0,1,7,0,false,false,100.4000015258789,113,-3,280,55,105,1357,,,,1775568896229,1775568896229,,,,,,,,,,,,,,,
1776085915208,002c2969-c559-4f02-85a2-f2403051e800,0,78.21604788418442,-75.69982349679573,87.86117657721286,-102.90162560226179,-95.17258353747536,351.01074340974554,0.0,-0.0010986328430722433,-0.001373291053840304,0.001373291053840304,0.004119873057300496,-0.001373291053840304,78.21502791736398,-75.69539220238808,87.86500998860258,-102.89965453481645,-95.17326800849689,351.00770339001696,0.0,0.0,0.0,0.0,0.0,0.0,0.0426178015768528,-1.6598511934280396,-1.8651254177093506,-0.8000805974006653,0.051473718136548996,-0.015665914863348007,-2.6056369177447562e-17,-1.3249893081149904,-1.3532303269093235,-0.5659490727397369,-0.03939408057771185,0.0,33.77998352050781,36.609981536865234,38.769981384277344,40.680015563964844,43.129981994628906,40.949981689453125,-0.008972168900072575,-0.8792725801467896,-1.5204660892486572,-0.6501354575157166,-0.1018284410238266,-0.0839245393872261,253,253,253,253,253,253,0.027642337394613383,-0.3685505792097431,0.2080095695802174,-0.06932710047526706,-3.0543939202827874,-0.00422838866178784,0.027636615385685098,-0.36853860985186876,0.207959488057952,-0.06926193482548451,-3.05441529506927,-0.0045048468265155945,4.708086517576091e-8,-0.0000014754358597079561,0.0000019970110088709276,0.000002346971399105828,0.00003379116443745309,0.00001828767795727037,0,0,0,0,0,0,1.26350879329836,-2.4030721620351585,-13.336193485974245,-0.7491940668146357,0.37016637149668924,-0.4505791329670696,7,1,3,1,2,48.19097137451172,48.19097137451172,0.6445291042327881,0,0,0.0040280818939208984,0.0040280818939208984,0.004000000189989805,0.004000000189989805,1,1,0,1,7,0,false,false,100.4000015258789,113,-3,280,55,105,1357,,,,1775568896229,1775568896229,,,,,,,,,,,,,,,
1776085915217,002c2969-c559-4f02-85a2-f2403051e800,0,78.21604788418442,-75.69982349679573,87.86117657721286,-102.90162560226179,-95.17258353747536,351.01074340974554,0.0,-0.0010986328430722433,-0.001373291053840304,0.001373291053840304,0.004119873057300496,-0.001373291053840304,78.21502791736398,-75.69539220238808,87.86500998860258,-102.89965453481645,-95.17326800849689,351.00770339001696,0.0,0.0,0.0,0.0,0.0,0.0,0.0426178015768528,-1.6598511934280396,-1.8651254177093506,-0.8000805974006653,0.051473718136548996,-0.015665914863348007,-2.6056369177447562e-17,-1.3249893081149904,-1.3532303269093235,-0.5659490727397369,-0.03939408057771185,0.0,33.77998352050781,36.609981536865234,38.769981384277344,40.680015563964844,43.129981994628906,40.949981689453125,-0.008972168900072575,-0.8792725801467896,-1.5204660892486572,-0.6501354575157166,-0.1018284410238266,-0.0839245393872261,253,253,253,253,253,253,0.027642337394613383,-0.3685505792097431,0.2080095695802174,-0.06932710047526706,-3.0543939202827874,-0.00422838866178784,0.027636615385685098,-0.36853860985186876,0.207959488057952,-0.06926193482548451,-3.05441529506927,-0.0045048468265155945,4.708086517576091e-8,-0.0000014754358597079561,0.0000019970110088709276,0.000002346971399105828,0.00003379116443745309,0.00001828767795727037,0,0,0,0,0,0,1.26350879329836,-2.4030721620351585,-13.336193485974245,-0.7491940668146357,0.37016637149668924,-0.4505791329670696,7,1,3,1,2,48.19097137451172,48.19097137451172,0.6445291042327881,0,0,0.0040280818939208984,0.0040280818939208984,0.004000000189989805,0.004000000189989805,1,1,0,1,7,0,false,false,100.4000015258789,113,-3,280,55,105,1357,,,,1775568896229,1775568896229,,,,,,,,,,,,,,,
1776085915226,002c2969-c559-4f02-85a2-f2403051e800,0,78.21604788418442,-75.69914047787873,87.86185959612986,-102.90162560226179,-95.17670897173406,351.0121094475795,0.0,-0.0010986328430722433,-0.001373291053840304,0.001373291053840304,0.004119873057300496,-0.001373291053840304,78.21502791736398,-75.69539220238808,87.86500998860258,-102.89965453481645,-95.17326800849689,351.00770339001696,0.0,0.0,0.0,0.0,0.0,0.0,0.0358886756002903,-1.585830807685852,-1.8742755651474,-0.7911286354064941,0.048116736114025116,-0.015665914863348007,-2.6056369177447562e-17,-1.3249893081149904,-1.3532303269093235,-0.5659490727397369,-0.03939408057771185,0.0,33.77998352050781,36.609981536865234,38.769981384277344,40.680015563964844,43.129981994628906,40.949981689453125,-0.008972168900072575,-0.8792725801467896,-1.5204660892486572,-0.6501354575157166,-0.1018284410238266,-0.0839245393872261,253,253,253,253,253,253,0.02763928904518117,-0.36854912864883466,0.20799786074328105,-0.06930642779967447,-3.054377291505013,-0.004289396243455073,0.027636615385685098,-0.36853860985186876,0.207959488057952,-0.06926193482548451,-3.05441529506927,-0.0045048468265155945,4.708086517576091e-8,-0.0000014754358597079561,0.0000019970110088709276,0.000002346971399105828,0.00003379116443745309,0.00001828767795727037,0,0,0,0,0,0,1.26350879329836,-2.4030721620351585,-13.336193485974245,-0.7491940668146357,0.37016637149668924,-0.4505791329670696,7,1,3,1,2,48.19097137451172,48.19097137451172,0.6445291042327881,0,0,0.0040280818939208984,0.0040280818939208984,0.004000000189989805,0.004000000189989805,1,1,0,1,7,0,false,false,100.4000015258789,113,-3,280,55,105,1357,,,,1775568896229,1775568896229,,,,,,,,,,,,,,,
1776085915236,002c2969-c559-4f02-85a2-f2403051e800,0,78.21604788418442,-75.69914047787873,87.86185959612986,-102.90162560226179,-95.17670897173406,351.0121094475795,0.0,-0.0010986328430722433,-0.001373291053840304,0.001373291053840304,0.004119873057300496,-0.001373291053840304,78.21502791736398,-75.69539220238808,87.86500998860258,-102.89965453481645,-95.17326800849689,351.00770339001696,0.0,0.0,0.0,0.0,0.0,0.0,0.0358886756002903,-1.585830807685852,-1.8742755651474,-0.7911286354064941,0.048116736114025116,-0.015665914863348007,-2.6056369177447562e-17,-1.3249893081149904,-1.3532303269093235,-0.5659490727397369,-0.03939408057771185,0.0,33.77998352050781,36.609981536865234,38.769981384277344,40.680015563964844,43.129981994628906,40.949981689453125,-0.008972168900072575,-0.8792725801467896,-1.5204660892486572,-0.6501354575157166,-0.1018284410238266,-0.0839245393872261,253,253,253,253,253,253,0.02763928904518117,-0.36854912864883466,0.20799786074328105,-0.06930642779967447,-3.054377291505013,-0.004289396243455073,0.027636615385685098,-0.36853860985186876,0.207959488057952,-0.06926193482548451,-3.05441529506927,-0.0045048468265155945,4.708086517576091e-8,-0.0000014754358597079561,0.0000019970110088709276,0.000002346971399105828,0.00003379116443745309,0.00001828767795727037,0,0,0,0,0,0,1.26350879329836,-2.4030721620351585,-13.336193485974245,-0.7491940668146357,0.37016637149668924,-0.4505791329670696,7,1,3,1,2,48.19097137451172,48.19097137451172,0.6445291042327881,0,0,0.0040280818939208984,0.0040280818939208984,0.004000000189989805,0.004000000189989805,1,1,0,1,7,0,false,false,100.4000015258789,113,-3,280,55,105,1357,,,,1775568896229,1775568896229,,,,,,,,,,,,,,,
1776085915244,002c2969-c559-4f02-85a2-f2403051e800,0,78.21604788418442,-75.69914047787873,87.86390865288087,-102.90162560226179,-95.17326655639236,351.01074340974554,0.0,-0.0010986328430722433,-0.001373291053840304,0.001373291053840304,0.004119873057300496,-0.001373291053840304,78.21502791736398,-75.69539220238808,87.86500998860258,-102.89965453481645,-95.17326800849689,351.00770339001696,0.0,0.0,0.0,0.0,0.0,0.0,0.0358886756002903,-1.558914303779602,-1.8727505207061768,-0.8023185729980469,0.0503547228872776,-0.015665914863348007,-2.6056369177447562e-17,-1.3249893081149904,-1.3532303269093235,-0.5659490727397369,-0.03939408057771185,0.0,33.77998352050781,36.609981536865234,38.769981384277344,40.680015563964844,43.129981994628906,40.949981689453125,-0.008972168900072575,-0.8792725801467896,-1.5204660892486572,-0.6501354575157166,-0.1018284410238266,-0.0839245393872261,253,253,253,253,253,253,0.027642310640962703,-0.3685424870817588,0.20799138660592578,-0.06932326916141704,-3.0543927085887437,-0.004321247700874527,0.027636615385685098,-0.36853860985186876,0.207959488057952,-0.06926193482548451,-3.05441529506927,-0.0045048468265155945,4.708086517576091e-8,-0.0000014754358597079561,0.0000019970110088709276,0.000002346971399105828,0.00003379116443745309,0.00001828767795727037,0,0,0,0,0,0,1.26350879329836,-2.4030721620351585,-13.336193485974245,-0.7491940668146357,0.37016637149668924,-0.4505791329670696,7,1,3,1,2,48.19097137451172,48.19097137451172,0.6445291042327881,0,0,0.0040280818939208984,0.0040280818939208984,0.004000000189989805,0.004000000189989805,1,1,0,1,7,0,false,false,100.4000015258789,113,-3,280,55,105,1357,,,,1775568896229,1775568896229,,,,,,,,,,,,,,,
1776085915252,002c2969-c559-4f02-85a2-f2403051e800,0,78.21604788418442,-75.69914047787873,87.86390865288087,-102.90162560226179,-95.17326655639236,351.01074340974554,0.0,-0.0010986328430722433,-0.001373291053840304,0.001373291053840304,0.004119873057300496,-0.001373291053840304,78.21502791736398,-75.69539220238808,87.86500998860258,-102.89965453481645,-95.17326800849689,351.00770339001696,0.0,0.0,0.0,0.0,0.0,0.0,0.0358886756002903,-1.558914303779602,-1.8727505207061768,-0.8023185729980469,0.0503547228872776,-0.015665914863348007,-2.6056369177447562e-17,-1.3249893081149904,-1.3532303269093235,-0.5659490727397369,-0.03939408057771185,0.0,33.77998352050781,36.609981536865234,38.769981384277344,40.680015563964844,43.129981994628906,40.949981689453125,-0.008972168900072575,-0.8792725801467896,-1.5204660892486572,-0.6501354575157166,-0.1018284410238266,-0.0839245393872261,253,253,253,253,253,253,0.027642310640962703,-0.3685424870817588,0.20799138660592578,-0.06932326916141704,-3.0543927085887437,-0.004321247700874527,0.027636615385685098,-0.36853860985186876,0.207959488057952,-0.06926193482548451,-3.05441529506927,-0.0045048468265155945,4.708086517576091e-8,-0.0000014754358597079561,0.0000019970110088709276,0.000002346971399105828,0.00003379116443745309,0.00001828767795727037,0,0,0,0,0,0,1.26350879329836,-2.4030721620351585,-13.336193485974245,-0.7491940668146357,0.37016637149668924,-0.4505791329670696,7,1,3,1,2,48.19097137451172,48.19097137451172,0.6445291042327881,0,0,0.0040280818939208984,0.0040280818939208984,0.004000000189989805,0.004000000189989805,1,1,0,1,7,0,false,false,100.4000015258789,113,-3,280,55,105,1357,,,,1775568896229,1775568896229,,,,,,,,,,,,,,,
1776085915262,002c2969-c559-4f02-85a2-f2403051e800,0,78.21399199724425,-75.70050651571273,87.86254261504686,-102.90230862117879,-95.17463259422637,351.0121094475795,0.0,-0.0010986328430722433,-0.001373291053840304,0.001373291053840304,0.004119873057300496,-0.001373291053840304,78.21502791736398,-75.69539220238808,87.86500998860258,-102.89965453481645,-95.17326800849689,351.00770339001696,0.0,0.0,0.0,0.0,0.0,0.0,0.0471038855612278,-1.630691647529602,-1.8666504621505737,-0.8011996150016785,0.05259270966053009,-0.019022895023226738,-2.6056369177447562e-17,-1.3249893081149904,-1.3532303269093235,-0.5659490727397369,-0.03939408057771185,0.0,33.77998352050781,36.609981536865234,38.769981384277344,40.680015563964844,43.129981994628906,40.949981689453125,-0.008972168900072575,-0.8792725801467896,-1.5204660892486572,-0.6501354575157166,-0.1018284410238266,-0.0839245393872261,253,253,253,253,253,253,0.027624985803007176,-0.36854730346159625,0.20800821389377816,-0.06941792508211593,-3.0543565789470635,-0.00423891769928195,0.027636615385685098,-0.36853860985186876,0.207959488057952,-0.06926193482548451,-3.05441529506927,-0.0045048468265155945,4.708086517576091e-8,-0.0000014754358597079561,0.0000019970110088709276,0.000002346971399105828,0.00003379116443745309,0.00001828767795727037,0,0,0,0,0,0,1.26350879329836,-2.4030721620351585,-13.336193485974245,-0.7491940668146357,0.37016637149668924,-0.4505791329670696,7,1,3,1,2,48.19097137451172,48.19097137451172,0.6445291042327881,0,0,0.0040280818939208984,0.0040280818939208984,0.004000000189989805,0.004000000189989805,1,1,0,1,7,0,false,false,100.4000015258789,113,-3,280,55,105,1357,,,,1775568896229,1775568896229,,,,,,,,,,,,,,,
1776085915266,002c2969-c559-4f02-85a2-f2403051e800,0,78.21399199724425,-75.70050651571273,87.86254261504686,-102.90230862117879,-95.17463259422637,351.0121094475795,0.0,-0.0010986328430722433,-0.001373291053840304,0.001373291053840304,0.004119873057300496,-0.001373291053840304,78.21502791736398,-75.69539220238808,87.86500998860258,-102.89965453481645,-95.17326800849689,351.00770339001696,0.0,0.0,0.0,0.0,0.0,0.0,0.0471038855612278,-1.630691647529602,-1.8666504621505737,-0.8011996150016785,0.05259270966053009,-0.019022895023226738,-2.6056369177447562e-17,-1.3249893081149904,-1.3532303269093235,-0.5659490727397369,-0.03939408057771185,0.0,33.77998352050781,36.609981536865234,38.769981384277344,40.680015563964844,43.129981994628906,40.949981689453125,-0.008972168900072575,-0.8792725801467896,-1.5204660892486572,-0.6501354575157166,-0.1018284410238266,-0.0839245393872261,253,253,253,253,253,253,0.027624985803007176,-0.36854730346159625,0.20800821389377816,-0.06941792508211593,-3.0543565789470635,-0.00423891769928195,0.027636615385685098,-0.36853860985186876,0.207959488057952,-0.06926193482548451,-3.05441529506927,-0.0045048468265155945,4.708086517576091e-8,-0.0000014754358597079561,0.0000019970110088709276,0.000002346971399105828,0.00003379116443745309,0.00001828767795727037,0,0,0,0,0,0,1.26350879329836,-2.4030721620351585,-13.336193485974245,-0.7491940668146357,0.37016637149668924,-0.4505791329670696,7,1,3,1,2,48.19097137451172,48.19097137451172,0.6445291042327881,0,0,0.0040280818939208984,0.0040280818939208984,0.004000000189989805,0.004000000189989805,1,1,0,1,7,0,false,false,100.4000015258789,113,-3,280,55,105,1357,,,,1775568896229,1775568896229,,,,,,,,,,,,,,,
1776085915276,002c2969-c559-4f02-85a2-f2403051e800,0,78.21399199724425,-75.70050651571273,87.86254261504686,-102.90230862117879,-95.17463259422637,351.0121094475795,0.0,-0.0010986328430722433,-0.001373291053840304,0.001373291053840304,0.004119873057300496,-0.001373291053840304,78.21502791736398,-75.69539220238808,87.86500998860258,-102.89965453481645,-95.17326800849689,351.00770339001696,0.0,0.0,0.0,0.0,0.0,0.0,0.0471038855612278,-1.630691647529602,-1.8666504621505737,-0.8011996150016785,0.05259270966053009,-0.019022895023226738,-2.6056369177447562e-17,-1.3249893081149904,-1.3532303269093235,-0.5659490727397369,-0.03939408057771185,0.0,33.77998352050781,36.609981536865234,38.769981384277344,40.680015563964844,43.129981994628906,40.949981689453125,-0.008972168900072575,-0.8792725801467896,-1.5204660892486572,-0.6501354575157166,-0.1018284410238266,-0.0839245393872261,253,253,253,253,253,253,0.027624985803007176,-0.36854730346159625,0.20800821389377816,-0.06941792508211593,-3.0543565789470635,-0.00423891769928195,0.027636615385685098,-0.36853860985186876,0.207959488057952,-0.06926193482548451,-3.05441529506927,-0.0045048468265155945,4.708086517576091e-8,-0.0000014754358597079561,0.0000019970110088709276,0.000002346971399105828,0.00003379116443745309,0.00001828767795727037,0,0,0,0,0,0,1.26350879329836,-2.4030721620351585,-13.336193485974245,-0.7491940668146357,0.37016637149668924,-0.4505791329670696,7,1,3,1,2,48.19097137451172,48.19097137451172,0.6445291042327881,0,0,0.0040280818939208984,0.0040280818939208984,0.004000000189989805,0.004000000189989805,1,1,0,1,7,0,false,false,100.4000015258789,113,-3,280,55,105,1357,,,,1775568896229,1775568896229,,,,,,,,,,,,,,,
1776085915286,002c2969-c559-4f02-85a2-f2403051e800,0,78.21330214813807,-75.69845745896173,87.86185959612986,-102.90299164009579,-95.17531561314337,351.0121094475795,0.0,-0.0010986328430722433,-0.001373291053840304,0.001373291053840304,0.004119873057300496,-0.001373291053840304,78.21502791736398,-75.69539220238808,87.86500998860258,-102.89965453481645,-95.17326800849689,351.00770339001696,0.0,0.0,0.0,0.0,0.0,0.0,0.0336456336081028,-1.5521851778030396,-1.875800609588623,-0.7978426218032837,0.04923573136329651,-0.019022895023226738,-2.6056369177447562e-17,-1.3249893081149904,-1.3532303269093235,-0.5659490727397369,-0.03939408057771185,0.0,33.77998352050781,36.609981536865234,38.769981384277344,40.680015563964844,43.129981994628906,40.949981689453125,-0.008972168900072575,-0.8792725801467896,-1.5204660892486572,-0.6501354575157166,-0.1018284410238266,-0.0839245393872261,253,253,253,253,253,253,0.027617775597703384,-0.36855296293664663,0.20800021258396909,-0.069435573477862,-3.054346724322482,-0.004260830091025137,0.027636615385685098,-0.36853860985186876,0.207959488057952,-0.06926193482548451,-3.05441529506927,-0.0045048468265155945,4.708086517576091e-8,-0.0000014754358597079561,0.0000019970110088709276,0.000002346971399105828,0.00003379116443745309,0.00001828767795727037,0,0,0,0,0,0,1.26350879329836,-2.4030721620351585,-13.336193485974245,-0.7491940668146357,0.37016637149668924,-0.4505791329670696,7,1,3,1,2,48.19097137451172,48.19097137451172,0.6445291042327881,0,0,0.0040280818939208984,0.0040280818939208984,0.004000000189989805,0.004000000189989805,1,1,0,1,7,0,false,false,100.4000015258789,113,-3,280,55,105,1357,,,,1775568896229,1775568896229,,,,,,,,,,,,,,,
1776085915295,002c2969-c559-4f02-85a2-f2403051e800,0,78.21330214813807,-75.69845745896173,87.86185959612986,-102.90299164009579,-95.17531561314337,351.0121094475795,0.0,-0.0010986328430722433,-0.001373291053840304,0.001373291053840304,0.004119873057300496,-0.001373291053840304,78.21502791736398,-75.69539220238808,87.86500998860258,-102.89965453481645,-95.17326800849689,351.00770339001696,0.0,0.0,0.0,0.0,0.0,0.0,0.0336456336081028,-1.5521851778030396,-1.875800609588623,-0.7978426218032837,0.04923573136329651,-0.019022895023226738,-2.6056369177447562e-17,-1.3249893081149904,-1.3532303269093235,-0.5659490727397369,-0.03939408057771185,0.0,33.77998352050781,36.609981536865234,38.769981384277344,40.680015563964844,43.129981994628906,40.949981689453125,-0.008972168900072575,-0.8792725801467896,-1.5204660892486572,-0.6501354575157166,-0.1018284410238266,-0.0839245393872261,253,253,253,253,253,253,0.027617775597703384,-0.36855296293664663,0.20800021258396909,-0.069435573477862,-3.054346724322482,-0.004260830091025137,0.027636615385685098,-0.36853860985186876,0.207959488057952,-0.06926193482548451,-3.05441529506927,-0.0045048468265155945,4.708086517576091e-8,-0.0000014754358597079561,0.0000019970110088709276,0.000002346971399105828,0.00003379116443745309,0.00001828767795727037,0,0,0,0,0,0,1.26350879329836,-2.4030721620351585,-13.336193485974245,-0.7491940668146357,0.37016637149668924,-0.4505791329670696,7,1,3,1,2,48.19097137451172,48.19097137451172,0.6445291042327881,0,0,0.0040280818939208984,0.0040280818939208984,0.004000000189989805,0.004000000189989805,1,1,0,1,7,0,false,false,100.4000015258789,113,-3,280,55,105,1357,,,,1775568896229,1775568896229,,,,,,,,,,,,,,,
1776085915306,002c2969-c559-4f02-85a2-f2403051e800,0,78.21330214813807,-75.69845745896173,87.86117657721286,-102.90299164009579,-95.17394957530936,351.0114264286625,0.0,-0.0010986328430722433,-0.001373291053840304,0.001373291053840304,0.004119873057300496,-0.001373291053840304,78.21502791736398,-75.69539220238808,87.86500998860258,-102.89965453481645,-95.17326800849689,351.00770339001696,0.0,0.0,0.0,0.0,0.0,0.0,0.0314025916159153,-1.6643372774124146,-1.8712254762649536,-0.8056755661964417,0.054830700159072876,-0.019022895023226738,-2.6056369177447562e-17,-1.3249893081149904,-1.3532303269093235,-0.5659490727397369,-0.03939408057771185,0.0,33.77998352050781,36.609981536865234,38.769981384277344,40.680015563964844,43.129981994628906,40.949981689453125,-0.008972168900072575,-0.8792725801467896,-1.5204660892486572,-0.6501354575157166,-0.1018284410238266,-0.0839245393872261,253,253,253,253,253,253,0.027620544504731212,-0.36855572504420797,0.20800345484312333,-0.06941840146686336,-3.0543685297650667,-0.004237217225213457,0.027636615385685098,-0.36853860985186876,0.207959488057952,-0.06926193482548451,-3.05441529506927,-0.0045048468265155945,4.708086517576091e-8,-0.0000014754358597079561,0.0000019970110088709276,0.000002346971399105828,0.00003379116443745309,0.00001828767795727037,0,0,0,0,0,0,1.26350879329836,-2.4030721620351585,-13.336193485974245,-0.7491940668146357,0.37016637149668924,-0.4505791329670696,7,1,3,1,2,48.19097137451172,48.19097137451172,0.6445291042327881,0,0,0.0040280818939208984,0.0040280818939208984,0.004000000189989805,0.004000000189989805,1,1,0,1,7,0,false,false,100.4000015258789,113,-3,280,55,105,1357,,,,1775568896229,1775568896229,,,,,,,,,,,,,,,
1776085915315,002c2969-c559-4f02-85a2-f2403051e800,0,78.21330214813807,-75.69845745896173,87.86117657721286,-102.90299164009579,-95.17394957530936,351.0114264286625,0.0,-0.0010986328430722433,-0.001373291053840304,0.001373291053840304,0.004119873057300496,-0.001373291053840304,78.21502791736398,-75.69539220238808,87.86500998860258,-102.89965453481645,-95.17326800849689,351.00770339001696,0.0,0.0,0.0,0.0,0.0,0.0,0.0314025916159153,-1.6643372774124146,-1.8712254762649536,-0.8056755661964417,0.054830700159072876,-0.019022895023226738,-2.6056369177447562e-17,-1.3249893081149904,-1.3532303269093235,-0.5659490727397369,-0.03939408057771185,0.0,33.77998352050781,36.609981536865234,38.769981384277344,40.680015563964844,43.129981994628906,40.949981689453125,-0.008972168900072575,-0.8792725801467896,-1.5204660892486572,-0.6501354575157166,-0.1018284410238266,-0.0839245393872261,253,253,253,253,253,253,0.027620544504731212,-0.36855572504420797,0.20800345484312333,-0.06941840146686336,-3.0543685297650667,-0.004237217225213457,0.027636615385685098,-0.36853860985186876,0.207959488057952,-0.06926193482548451,-3.05441529506927,-0.0045048468265155945,4.708086517576091e-8,-0.0000014754358597079561,0.0000019970110088709276,0.000002346971399105828,0.00003379116443745309,0.00001828767795727037,0,0,0,0,0,0,1.26350879329836,-2.4030721620351585,-13.336193485974245,-0.7491940668146357,0.37016637149668924,-0.4505791329670696,7,1,3,1,2,48.19097137451172,48.19097137451172,0.6445291042327881,0,0,0.0040280818939208984,0.0040280818939208984,0.004000000189989805,0.004000000189989805,1,1,0,1,7,0,false,false,100.4000015258789,113,-3,280,55,105,1357,,,,1775568896229,1775568896229,,,,,,,,,,,,,,,
1776085915324,002c2969-c559-4f02-85a2-f2403051e800,0,78.21467501616125,-75.69777444004472,87.85978321862218,-102.90162560226179,-95.17531561314337,351.0128197872532,0.0,-0.0010986328430722433,-0.001373291053840304,0.001373291053840304,0.004119873057300496,-0.001373291053840304,78.21502791736398,-75.69539220238808,87.86500998860258,-102.89965453481645,-95.17326800849689,351.00770339001696,0.0,0.0,0.0,0.0,0.0,0.0,0.0381317175924778,-1.630691647529602,-1.8697004318237305,-0.786652684211731,0.04923573136329651,-0.01678490824997425,-2.6056369177447562e-17,-1.3249893081149904,-1.3532303269093235,-0.5659490727397369,-0.03939408057771185,0.0,33.77998352050781,36.609981536865234,38.769981384277344,40.680015563964844,43.129981994628906,40.949981689453125,-0.008972168900072575,-0.8792725801467896,-1.5204660892486572,-0.6501354575157166,-0.1018284410238266,-0.0839245393872261,253,253,253,253,253,253,0.027625820949474408,-0.368556187673227,0.20800461599628753,-0.06941781841354511,-3.0543470951813476,-0.004257677742518225,0.027636615385685098,-0.36853860985186876,0.207959488057952,-0.06926193482548451,-3.05441529506927,-0.0045048468265155945,4.708086517576091e-8,-0.0000014754358597079561,0.0000019970110088709276,0.000002346971399105828,0.00003379116443745309,0.00001828767795727037,0,0,0,0,0,0,1.26350879329836,-2.4030721620351585,-13.336193485974245,-0.7491940668146357,0.37016637149668924,-0.4505791329670696,7,1,3,1,2,48.19097137451172,48.19097137451172,0.6445291042327881,0,0,0.0040280818939208984,0.0040280818939208984,0.004000000189989805,0.004000000189989805,1,1,0,1,7,0,false,false,100.4000015258789,113,-3,280,55,105,1357,,,,1775568896229,1775568896229,,,,,,,,,,,,,,,
1776085915334,002c2969-c559-4f02-85a2-f2403051e800,0,78.21467501616125,-75.69777444004472,87.85978321862218,-102.90162560226179,-95.17531561314337,351.0128197872532,0.0,-0.0010986328430722433,-0.001373291053840304,0.001373291053840304,0.004119873057300496,-0.001373291053840304,78.21502791736398,-75.69539220238808,87.86500998860258,-102.89965453481645,-95.17326800849689,351.00770339001696,0.0,0.0,0.0,0.0,0.0,0.0,0.0381317175924778,-1.630691647529602,-1.8697004318237305,-0.786652684211731,0.04923573136329651,-0.01678490824997425,-2.6056369177447562e-17,-1.3249893081149904,-1.3532303269093235,-0.5659490727397369,-0.03939408057771185,0.0,33.77998352050781,36.609981536865234,38.769981384277344,40.680015563964844,43.129981994628906,40.949981689453125,-0.008972168900072575,-0.8792725801467896,-1.5204660892486572,-0.6501354575157166,-0.1018284410238266,-0.0839245393872261,253,253,253,253,253,253,0.027625820949474408,-0.368556187673227,0.20800461599628753,-0.06941781841354511,-3.0543470951813476,-0.004257677742518225,0.027636615385685098,-0.36853860985186876,0.207959488057952,-0.06926193482548451,-3.05441529506927,-0.0045048468265155945,4.708086517576091e-8,-0.0000014754358597079561,0.0000019970110088709276,0.000002346971399105828,0.00003379116443745309,0.00001828767795727037,0,0,0,0,0,0,1.26350879329836,-2.4030721620351585,-13.336193485974245,-0.7491940668146357,0.37016637149668924,-0.4505791329670696,7,1,3,1,2,48.19097137451172,48.19097137451172,0.6445291042327881,0,0,0.0040280818939208984,0.0040280818939208984,0.004000000189989805,0.004000000189989805,1,1,0,1,7,0,false,false,100.4000015258789,113,-3,280,55,105,1357,,,,1775568896229,1775568896229,,,,,,,,,,,,,,,
1776085915344,002c2969-c559-4f02-85a2-f2403051e800,0,78.21399199724425,-75.69777444004472,87.86185959612986,-102.9036746590128,-95.17258353747536,351.0100603908285,0.0,-0.0010986328430722433,-0.001373291053840304,0.001373291053840304,0.004119873057300496,-0.001373291053840304,78.21502791736398,-75.69539220238808,87.86500998860258,-102.89965453481645,-95.17326800849689,351.00770339001696,0.0,0.0,0.0,0.0,0.0,0.0,0.0358886756002903,-1.6508790254592896,-1.8712254762649536,-0.8011996150016785,0.051473718136548996,-0.019022895023226738,-2.6056369177447562e-17,-1.3249893081149904,-1.3532303269093235,-0.5659490727397369,-0.03939408057771185,0.0,33.77998352050781,36.609981536865234,38.769981384277344,40.680015563964844,43.129981994628906,40.949981689453125,-0.008972168900072575,-0.8792725801467896,-1.5204660892486572,-0.6501354575157166,-0.1018284410238266,-0.0839245393872261,253,253,253,253,253,253,0.027628139616589473,-0.368556184416761,0.2079964547054462,-0.06936325057980647,-3.0543954010855514,-0.004249441248006006,0.027636615385685098,-0.36853860985186876,0.207959488057952,-0.06926193482548451,-3.05441529506927,-0.0045048468265155945,4.708086517576091e-8,-0.0000014754358597079561,0.0000019970110088709276,0.000002346971399105828,0.00003379116443745309,0.00001828767795727037,0,0,0,0,0,0,1.26350879329836,-2.4030721620351585,-13.336193485974245,-0.7491940668146357,0.37016637149668924,-0.4505791329670696,7,1,3,1,2,48.19097137451172,48.19097137451172,0.6445291042327881,0,0,0.0040280818939208984,0.0040280818939208984,0.004000000189989805,0.004000000189989805,1,1,0,1,7,0,false,false,100.4000015258789,113,-3,280,55,105,1357,,,,1775568896229,1775568896229,,,,,,,,,,,,,,,
1776085915353,002c2969-c559-4f02-85a2-f2403051e800,0,78.21399199724425,-75.69777444004472,87.86185959612986,-102.9036746590128,-95.17258353747536,351.0100603908285,0.0,-0.0010986328430722433,-0.001373291053840304,0.001373291053840304,0.004119873057300496,-0.001373291053840304,78.21502791736398,-75.69539220238808,87.86500998860258,-102.89965453481645,-95.17326800849689,351.00770339001696,0.0,0.0,0.0,0.0,0.0,0.0,0.0358886756002903,-1.6508790254592896,-1.8712254762649536,-0.8011996150016785,0.051473718136548996,-0.019022895023226738,-2.6056369177447562e-17,-1.3249893081149904,-1.3532303269093235,-0.5659490727397369,-0.03939408057771185,0.0,33.77998352050781,36.609981536865234,38.769981384277344,40.680015563964844,43.129981994628906,40.949981689453125,-0.008972168900072575,-0.8792725801467896,-1.5204660892486572,-0.6501354575157166,-0.1018284410238266,-0.0839245393872261,253,253,253,253,253,253,0.027628139616589473,-0.368556184416761,0.2079964547054462,-0.06936325057980647,-3.0543954010855514,-0.004249441248006006,0.027636615385685098,-0.36853860985186876,0.207959488057952,-0.06926193482548451,-3.05441529506927,-0.0045048468265155945,4.708086517576091e-8,-0.0000014754358597079561,0.0000019970110088709276,0.000002346971399105828,0.00003379116443745309,0.00001828767795727037,0,0,0,0,0,0,1.26350879329836,-2.4030721620351585,-13.336193485974245,-0.7491940668146357,0.37016637149668924,-0.4505791329670696,7,1,3,1,2,48.19097137451172,48.19097137451172,0.6445291042327881,0,0,0.0040280818939208984,0.0040280818939208984,0.004000000189989805,0.004000000189989805,1,1,0,1,7,0,false,false,100.4000015258789,113,-3,280,55,105,1357,,,,1775568896229,1775568896229,,,,,,,,,,,,,,,
1776085915362,002c2969-c559-4f02-85a2-f2403051e800,0,78.21330214813807,-75.69569806253705,87.86117657721286,-102.90299164009579,-95.17531561314337,351.0121094475795,0.0,-0.0010986328430722433,-0.001373291053840304,0.001373291053840304,0.004119873057300496,-0.001373291053840304,78.21502791736398,-75.69539220238808,87.86500998860258,-102.89965453481645,-95.17326800849689,351.00770339001696,0.0,0.0,0.0,0.0,0.0,0.0,0.0358886756002903,-1.6015321016311646,-1.8742755651474,-0.7956046462059021,0.051473718136548996,-0.01342792622745037,-2.6056369177447562e-17,-1.3249893081149904,-1.3532303269093235,-0.5659490727397369,-0.03939408057771185,0.0,33.77998352050781,36.609981536865234,38.769981384277344,40.680015563964844,43.129981994628906,40.949981689453125,-0.008972168900072575,-0.8792725801467896,-1.5204660892486572,-0.6501354575157166,-0.1018284410238266,-0.0839245393872261,253,253,253,253,253,253,0.027616783442725182,-0.3685577162759067,0.2079866324178246,-0.06943341585228618,-3.054353357842886,-0.004315257768748948,0.027636615385685098,-0.36853860985186876,0.207959488057952,-0.06926193482548451,-3.05441529506927,-0.0045048468265155945,4.708086517576091e-8,-0.0000014754358597079561,0.0000019970110088709276,0.000002346971399105828,0.00003379116443745309,0.00001828767795727037,0,0,0,0,0,0,1.26350879329836,-2.4030721620351585,-13.336193485974245,-0.7491940668146357,0.37016637149668924,-0.4505791329670696,7,1,3,1,2,48.19097137451172,48.19097137451172,0.6445291042327881,0,0,0.0040280818939208984,0.0040280818939208984,0.004000000189989805,0.004000000189989805,1,1,0,1,7,0,false,false,100.4000015258789,113,-3,280,55,105,1357,,,,1775568896229,1775568896229,,,,,,,,,,,,,,,
1776085915371,002c2969-c559-4f02-85a2-f2403051e800,0,78.21330214813807,-75.69569806253705,87.86117657721286,-102.90299164009579,-95.17531561314337,351.0121094475795,0.0,-0.0010986328430722433,-0.001373291053840304,0.001373291053840304,0.004119873057300496,-0.001373291053840304,78.21502791736398,-75.69539220238808,87.86500998860258,-102.89965453481645,-95.17326800849689,351.00770339001696,0.0,0.0,0.0,0.0,0.0,0.0,0.0358886756002903,-1.6015321016311646,-1.8742755651474,-0.7956046462059021,0.051473718136548996,-0.01342792622745037,-2.6056369177447562e-17,-1.3249893081149904,-1.3532303269093235,-0.5659490727397369,-0.03939408057771185,0.0,33.77998352050781,36.609981536865234,38.769981384277344,40.680015563964844,43.129981994628906,40.949981689453125,-0.008972168900072575,-0.8792725801467896,-1.5204660892486572,-0.6501354575157166,-0.1018284410238266,-0.0839245393872261,253,253,253,253,253,253,0.027616783442725182,-0.3685577162759067,0.2079866324178246,-0.06943341585228618,-3.054353357842886,-0.004315257768748948,0.027636615385685098,-0.36853860985186876,0.207959488057952,-0.06926193482548451,-3.05441529506927,-0.0045048468265155945,4.708086517576091e-8,-0.0000014754358597079561,0.0000019970110088709276,0.000002346971399105828,0.00003379116443745309,0.00001828767795727037,0,0,0,0,0,0,1.26350879329836,-2.4030721620351585,-13.336193485974245,-0.7491940668146357,0.37016637149668924,-0.4505791329670696,7,1,3,1,2,48.19097137451172,48.19097137451172,0.6445291042327881,0,0,0.0040280818939208984,0.0040280818939208984,0.004000000189989805,0.004000000189989805,1,1,0,1,7,0,false,false,100.4000015258789,113,-3,280,55,105,1357,,,,1775568896229,1775568896229,,,,,,,,,,,,,,,
1776085915381,002c2969-c559-4f02-85a2-f2403051e800,0,78.21399199724425,-75.69845745896173,87.86254261504686,-102.9043576779298,-95.17326655639236,351.0100603908285,0.0,-0.0010986328430722433,-0.001373291053840304,0.001373291053840304,0.004119873057300496,-0.001373291053840304,78.21502791736398,-75.69539220238808,87.86500998860258,-102.89965453481645,-95.17326800849689,351.00770339001696,0.0,0.0,0.0,0.0,0.0,0.0,0.0336456336081028,-1.612747311592102,-1.8681755065917969,-0.8023185729980469,0.0503547228872776,-0.02014188840985298,-2.6056369177447562e-17,-1.3249893081149904,-1.3532303269093235,-0.5659490727397369,-0.03939408057771185,0.0,33.77998352050781,36.609981536865234,38.769981384277344,40.680015563964844,43.129981994628906,40.949981689453125,-0.008972168900072575,-0.8792725801467896,-1.5204660892486572,-0.6501354575157166,-0.1018284410238266,-0.0839245393872261,253,253,253,253,253,253,0.02762678132260093,-0.36855467909085615,0.20799834142982515,-0.06936389755374683,-3.0543814918503194,-0.004234775032211142,0.027636615385685098,-0.36853860985186876,0.207959488057952,-0.06926193482548451,-3.05441529506927,-0.0045048468265155945,4.708086517576091e-8,-0.0000014754358597079561,0.0000019970110088709276,0.000002346971399105828,0.00003379116443745309,0.00001828767795727037,0,0,0,0,0,0,1.26350879329836,-2.4030721620351585,-13.336193485974245,-0.7491940668146357,0.37016637149668924,-0.4505791329670696,7,1,3,1,2,48.19097137451172,48.19097137451172,0.6445291042327881,0,0,0.0040280818939208984,0.0040280818939208984,0.004000000189989805,0.004000000189989805,1,1,0,1,7,0,false,false,100.4000015258789,113,-3,280,55,105,1357,,,,1775568896229,1775568896229,,,,,,,,,,,,,,,
1776085915390,002c2969-c559-4f02-85a2-f2403051e800,0,78.21399199724425,-75.69845745896173,87.86254261504686,-102.9043576779298,-95.17326655639236,351.0100603908285,0.0,-0.0010986328430722433,-0.001373291053840304,0.001373291053840304,0.004119873057300496,-0.001373291053840304,78.21502791736398,-75.69539220238808,87.86500998860258,-102.89965453481645,-95.17326800849689,351.00770339001696,0.0,0.0,0.0,0.0,0.0,0.0,0.0336456336081028,-1.612747311592102,-1.8681755065917969,-0.8023185729980469,0.0503547228872776,-0.02014188840985298,-2.6056369177447562e-17,-1.3249893081149904,-1.3532303269093235,-0.5659490727397369,-0.03939408057771185,0.0,33.77998352050781,36.609981536865234,38.769981384277344,40.680015563964844,43.129981994628906,40.949981689453125,-0.008972168900072575,-0.8792725801467896,-1.5204660892486572,-0.6501354575157166,-0.1018284410238266,-0.0839245393872261,253,253,253,253,253,253,0.02762678132260093,-0.36855467909085615,0.20799834142982515,-0.06936389755374683,-3.0543814918503194,-0.004234775032211142,0.027636615385685098,-0.36853860985186876,0.207959488057952,-0.06926193482548451,-3.05441529506927,-0.0045048468265155945,4.708086517576091e-8,-0.0000014754358597079561,0.0000019970110088709276,0.000002346971399105828,0.00003379116443745309,0.00001828767795727037,0,0,0,0,0,0,1.26350879329836,-2.4030721620351585,-13.336193485974245,-0.7491940668146357,0.37016637149668924,-0.4505791329670696,7,1,3,1,2,48.19097137451172,48.19097137451172,0.6445291042327881,0,0,0.0040280818939208984,0.0040280818939208984,0.004000000189989805,0.004000000189989805,1,1,0,1,7,0,false,false,100.4000015258789,113,-3,280,55,105,1357,,,,1775568896229,1775568896229,,,,,,,,,,,,,,,
1776085915400,002c2969-c559-4f02-85a2-f2403051e800,0,78.21604788418442,-75.69709142112772,87.86117657721286,-102.9036746590128,-95.17602595281706,351.0093773719115,0.0,-0.0010986328430722433,-0.001373291053840304,0.001373291053840304,0.004119873057300496,-0.001373291053840304,78.21502791736398,-75.69539220238808,87.86500998860258,-102.89965453481645,-95.17326800849689,351.00770339001696,0.0,0.0,0.0,0.0,0.0,0.0,0.0314025916159153,-1.644149899482727,-1.8681755065917969,-0.7933666706085205,0.05371170490980148,-0.017903901636600494,-2.6056369177447562e-17,-1.3249893081149904,-1.3532303269093235,-0.5659490727397369,-0.03939408057771185,0.0,33.77998352050781,36.609981536865234,38.769981384277344,40.680015563964844,43.129981994628906,40.949981689453125,-0.008972168900072575,-0.8792725801467896,-1.5204660892486572,-0.6501354575157166,-0.1018284410238266,-0.0839245393872261,253,253,253,253,253,253,0.02763274055538255,-0.36855629710378346,0.20799644999697198,-0.06928953977919583,-3.0543379584353114,-0.004264150842906282,0.027636615385685098,-0.36853860985186876,0.207959488057952,-0.06926193482548451,-3.05441529506927,-0.0045048468265155945,4.708086517576091e-8,-0.0000014754358597079561,0.0000019970110088709276,0.000002346971399105828,0.00003379116443745309,0.00001828767795727037,0,0,0,0,0,0,1.26350879329836,-2.4030721620351585,-13.336193485974245,-0.7491940668146357,0.37016637149668924,-0.4505791329670696,7,1,3,1,2,48.19097137451172,48.19097137451172,0.6445291042327881,0,0,0.0040280818939208984,0.0040280818939208984,0.004000000189989805,0.004000000189989805,1,1,0,1,7,0,false,false,100.4000015258789,113,-3,280,55,105,1357,,,,1775568896229,1775568896229,,,,,,,,,,,,,,,
1776085915409,002c2969-c559-4f02-85a2-f2403051e800,0,78.21604788418442,-75.69709142112772,87.86117657721286,-102.9036746590128,-95.17602595281706,351.0093773719115,0.0,-0.0010986328430722433,-0.001373291053840304,0.001373291053840304,0.004119873057300496,-0.001373291053840304,78.21502791736398,-75.69539220238808,87.86500998860258,-102.89965453481645,-95.17326800849689,351.00770339001696,0.0,0.0,0.0,0.0,0.0,0.0,0.0314025916159153,-1.644149899482727,-1.8681755065917969,-0.7933666706085205,0.05371170490980148,-0.017903901636600494,-2.6056369177447562e-17,-1.3249893081149904,-1.3532303269093235,-0.5659490727397369,-0.03939408057771185,0.0,33.77998352050781,36.609981536865234,38.769981384277344,40.680015563964844,43.129981994628906,40.949981689453125,-0.008972168900072575,-0.8792725801467896,-1.5204660892486572,-0.6501354575157166,-0.1018284410238266,-0.0839245393872261,253,253,253,253,253,253,0.02763274055538255,-0.36855629710378346,0.20799644999697198,-0.06928953977919583,-3.0543379584353114,-0.004264150842906282,0.027636615385685098,-0.36853860985186876,0.207959488057952,-0.06926193482548451,-3.05441529506927,-0.0045048468265155945,4.708086517576091e-8,-0.0000014754358597079561,0.0000019970110088709276,0.000002346971399105828,0.00003379116443745309,0.00001828767795727037,0,0,0,0,0,0,1.26350879329836,-2.4030721620351585,-13.336193485974245,-0.7491940668146357,0.37016637149668924,-0.4505791329670696,7,1,3,1,2,48.19097137451172,48.19097137451172,0.6445291042327881,0,0,0.0040280818939208984,0.0040280818939208984,0.004000000189989805,0.004000000189989805,1,1,0,1,7,0,false,false,100.4000015258789,113,-3,280,55,105,1357,,,,1775568896229,1775568896229,,,,,,,,,,,,,,,
1776085915420,002c2969-c559-4f02-85a2-f2403051e800,0,78.21467501616125,-75.69914047787873,87.86254261504686,-102.9036746590128,-95.17531561314337,351.0093773719115,0.0,-0.0010986328430722433,-0.001373291053840304,0.001373291053840304,0.004119873057300496,-0.001373291053840304,78.21502791736398,-75.69539220238808,87.86500998860258,-102.89965453481645,-95.17326800849689,351.00770339001696,0.0,0.0,0.0,0.0,0.0,0.0,0.0358886756002903,-1.6419068574905396,-1.8712254762649536,-0.7844147086143494,0.051473718136548996,-0.021260883659124374,-2.6056369177447562e-17,-1.3249893081149904,-1.3532303269093235,-0.5659490727397369,-0.03939408057771185,0.0,33.77998352050781,36.609981536865234,38.769981384277344,40.680015563964844,43.129981994628906,40.949981689453125,-0.008972168900072575,-0.8792725801467896,-1.5204660892486572,-0.6501354575157166,-0.1018284410238266,-0.0839245393872261,253,253,253,253,253,253,0.02762684663227323,-0.3685511243971819,0.208001959205274,-0.06932695259964108,-3.0543470649869713,-0.004244495151610618,0.027636615385685098,-0.36853860985186876,0.207959488057952,-0.06926193482548451,-3.05441529506927,-0.0045048468265155945,4.708086517576091e-8,-0.0000014754358597079561,0.0000019970110088709276,0.000002346971399105828,0.00003379116443745309,0.00001828767795727037,0,0,0,0,0,0,1.26350879329836,-2.4030721620351585,-13.336193485974245,-0.7491940668146357,0.37016637149668924,-0.4505791329670696,7,1,3,1,2,48.19097137451172,48.19097137451172,0.6445291042327881,0,0,0.0040280818939208984,0.0040280818939208984,0.004000000189989805,0.004000000189989805,1,1,0,1,7,0,false,false,100.4000015258789,113,-3,280,55,105,1357,,,,1775568896229,1775568896229,,,,,,,,,,,,,,,
1776085915430,002c2969-c559-4f02-85a2-f2403051e800,0,78.21467501616125,-75.69914047787873,87.86254261504686,-102.9036746590128,-95.17531561314337,351.0093773719115,0.0,-0.0010986328430722433,-0.001373291053840304,0.001373291053840304,0.004119873057300496,-0.001373291053840304,78.21502791736398,-75.69539220238808,87.86500998860258,-102.89965453481645,-95.17326800849689,351.00770339001696,0.0,0.0,0.0,0.0,0.0,0.0,0.0358886756002903,-1.6419068574905396,-1.8712254762649536,-0.7844147086143494,0.051473718136548996,-0.021260883659124374,-2.6056369177447562e-17,-1.3249893081149904,-1.3532303269093235,-0.5659490727397369,-0.03939408057771185,0.0,33.77998352050781,36.609981536865234,38.769981384277344,40.680015563964844,43.129981994628906,40.949981689453125,-0.008972168900072575,-0.8792725801467896,-1.5204660892486572,-0.6501354575157166,-0.1018284410238266,-0.0839245393872261,253,253,253,253,253,253,0.02762684663227323,-0.3685511243971819,0.208001959205274,-0.06932695259964108,-3.0543470649869713,-0.004244495151610618,0.027636615385685098,-0.36853860985186876,0.207959488057952,-0.06926193482548451,-3.05441529506927,-0.0045048468265155945,4.708086517576091e-8,-0.0000014754358597079561,0.0000019970110088709276,0.000002346971399105828,0.00003379116443745309,0.00001828767795727037,0,0,0,0,0,0,1.26350879329836,-2.4030721620351585,-13.336193485974245,-0.7491940668146357,0.37016637149668924,-0.4505791329670696,7,1,3,1,2,48.19097137451172,48.19097137451172,0.6445291042327881,0,0,0.0040280818939208984,0.0040280818939208984,0.004000000189989805,0.004000000189989805,1,1,0,1,7,0,false,false,100.4000015258789,113,-3,280,55,105,1357,,,,1775568896229,1775568896229,,,,,,,,,,,,,,,
1776085915439,002c2969-c559-4f02-85a2-f2403051e800,0,78.21467501616125,-75.69914047787873,87.86254261504686,-102.9036746590128,-95.17531561314337,351.0093773719115,0.0,-0.0010986328430722433,-0.001373291053840304,0.001373291053840304,0.004119873057300496,-0.001373291053840304,78.21502791736398,-75.69539220238808,87.86500998860258,-102.89965453481645,-95.17326800849689,351.00770339001696,0.0,0.0,0.0,0.0,0.0,0.0,0.0358886756002903,-1.6419068574905396,-1.8712254762649536,-0.7844147086143494,0.051473718136548996,-0.021260883659124374,-2.6056369177447562e-17,-1.3249893081149904,-1.3532303269093235,-0.5659490727397369,-0.03939408057771185,0.0,33.77998352050781,36.609981536865234,38.769981384277344,40.680015563964844,43.129981994628906,40.949981689453125,-0.008972168900072575,-0.8792725801467896,-1.5204660892486572,-0.6501354575157166,-0.1018284410238266,-0.0839245393872261,253,253,253,253,253,253,0.02762684663227323,-0.3685511243971819,0.208001959205274,-0.06932695259964108,-3.0543470649869713,-0.004244495151610618,0.027636615385685098,-0.36853860985186876,0.207959488057952,-0.06926193482548451,-3.05441529506927,-0.0045048468265155945,4.708086517576091e-8,-0.0000014754358597079561,0.0000019970110088709276,0.000002346971399105828,0.00003379116443745309,0.00001828767795727037,0,0,0,0,0,0,1.26350879329836,-2.4030721620351585,-13.336193485974245,-0.7491940668146357,0.37016637149668924,-0.4505791329670696,7,1,3,1,2,48.19097137451172,48.19097137451172,0.6445291042327881,0,0,0.0040280818939208984,0.0040280818939208984,0.004000000189989805,0.004000000189989805,1,1,0,1,7,0,false,false,100.4000015258789,113,-3,280,55,105,1357,,,,1775568896229,1775568896229,,,,,,,,,,,,,,,
1776085915449,002c2969-c559-4f02-85a2-f2403051e800,0,78.21467501616125,-75.69914047787873,87.86254261504686,-102.9036746590128,-95.17531561314337,351.0093773719115,0.0,-0.0010986328430722433,-0.001373291053840304,0.001373291053840304,0.004119873057300496,-0.001373291053840304,78.21502791736398,-75.69539220238808,87.86500998860258,-102.89965453481645,-95.17326800849689,351.00770339001696,0.0,0.0,0.0,0.0,0.0,0.0,0.0358886756002903,-1.6419068574905396,-1.8712254762649536,-0.7844147086143494,0.051473718136548996,-0.021260883659124374,-2.6056369177447562e-17,-1.3249893081149904,-1.3532303269093235,-0.5659490727397369,-0.03939408057771185,0.0,33.77998352050781,36.609981536865234,38.769981384277344,40.680015563964844,43.129981994628906,40.949981689453125,-0.008972168900072575,-0.8792725801467896,-1.5204660892486572,-0.6501354575157166,-0.1018284410238266,-0.0839245393872261,253,253,253,253,253,253,0.02762684663227323,-0.3685511243971819,0.208001959205274,-0.06932695259964108,-3.0543470649869713,-0.004244495151610618,0.027636615385685098,-0.36853860985186876,0.207959488057952,-0.06926193482548451,-3.05441529506927,-0.0045048468265155945,4.708086517576091e-8,-0.0000014754358597079561,0.0000019970110088709276,0.000002346971399105828,0.00003379116443745309,0.00001828767795727037,0,0,0,0,0,0,1.26350879329836,-2.4030721620351585,-13.336193485974245,-0.7491940668146357,0.37016637149668924,-0.4505791329670696,7,1,3,1,2,48.19097137451172,48.19097137451172,0.6445291042327881,0,0,0.0040280818939208984,0.0040280818939208984,0.004000000189989805,0.004000000189989805,1,1,0,1,7,0,false,false,100.4000015258789,113,-3,280,55,105,1357,,,,1775568896229,1775568896229,,,,,,,,,,,,,,,
1776085915458,002c2969-c559-4f02-85a2-f2403051e800,0,78.21399199724425,-75.69777444004472,87.86117657721286,-102.9043576779298,-95.17531561314337,351.0114264286625,0.0,-0.0010986328430722433,-0.001373291053840304,0.001373291053840304,0.004119873057300496,-0.001373291053840304,78.21502791736398,-75.69539220238808,87.86500998860258,-102.89965453481645,-95.17326800849689,351.00770339001696,0.0,0.0,0.0,0.0,0.0,0.0,0.0403747595846653,-1.594802975654602,-1.8697004318237305,-0.8168655037879944,0.04699774086475372,-0.017903901636600494,-2.6056369177447562e-17,-1.3249893081149904,-1.3532303269093235,-0.5659490727397369,-0.03939408057771185,0.0,33.77998352050781,36.609981536865234,38.769981384277344,40.680015563964844,43.129981994628906,40.949981689453125,-0.008972168900072575,-0.8792725801467896,-1.5204660892486572,-0.6501354575157166,-0.1018284410238266,-0.0839245393872261,253,253,253,253,253,253,0.027620990583128446,-0.3685585582962644,0.20800157344061412,-0.06940063941301652,-3.0543434109014056,-0.0042249627957717546,0.027636615385685098,-0.36853860985186876,0.207959488057952,-0.06926193482548451,-3.05441529506927,-0.0045048468265155945,4.708086517576091e-8,-0.0000014754358597079561,0.0000019970110088709276,0.000002346971399105828,0.00003379116443745309,0.00001828767795727037,0,0,0,0,0,0,1.26350879329836,-2.4030721620351585,-13.336193485974245,-0.7491940668146357,0.37016637149668924,-0.4505791329670696,7,1,3,1,2,48.19097137451172,48.19097137451172,0.6445291042327881,0,0,0.0040280818939208984,0.0040280818939208984,0.004000000189989805,0.004000000189989805,1,1,0,1,7,0,false,false,100.4000015258789,113,-3,280,55,105,1357,,,,1775568896229,1775568896229,,,,,,,,,,,,,,,
1776085915468,002c2969-c559-4f02-85a2-f2403051e800,0,78.21399199724425,-75.69777444004472,87.86117657721286,-102.9043576779298,-95.17531561314337,351.0114264286625,0.0,-0.0010986328430722433,-0.001373291053840304,0.001373291053840304,0.004119873057300496,-0.001373291053840304,78.21502791736398,-75.69539220238808,87.86500998860258,-102.89965453481645,-95.17326800849689,351.00770339001696,0.0,0.0,0.0,0.0,0.0,0.0,0.0403747595846653,-1.594802975654602,-1.8697004318237305,-0.8168655037879944,0.04699774086475372,-0.017903901636600494,-2.6056369177447562e-17,-1.3249893081149904,-1.3532303269093235,-0.5659490727397369,-0.03939408057771185,0.0,33.77998352050781,36.609981536865234,38.769981384277344,40.680015563964844,43.129981994628906,40.949981689453125,-0.008972168900072575,-0.8792725801467896,-1.5204660892486572,-0.6501354575157166,-0.1018284410238266,-0.0839245393872261,253,253,253,253,253,253,0.027620990583128446,-0.3685585582962644,0.20800157344061412,-0.06940063941301652,-3.0543434109014056,-0.0042249627957717546,0.027636615385685098,-0.36853860985186876,0.207959488057952,-0.06926193482548451,-3.05441529506927,-0.0045048468265155945,4.708086517576091e-8,-0.0000014754358597079561,0.0000019970110088709276,0.000002346971399105828,0.00003379116443745309,0.00001828767795727037,0,0,0,0,0,0,1.26350879329836,-2.4030721620351585,-13.336193485974245,-0.7491940668146357,0.37016637149668924,-0.4505791329670696,7,1,3,1,2,48.19097137451172,48.19097137451172,0.6445291042327881,0,0,0.0040280818939208984,0.0040280818939208984,0.004000000189989805,0.004000000189989805,1,1,0,1,7,0,false,false,100.4000015258789,113,-3,280,55,105,1357,,,,1775568896229,1775568896229,,,,,,,,,,,,,,,
1776085915478,002c2969-c559-4f02-85a2-f2403051e800,0,78.21536486526742,-75.69914047787873,87.86046623753919,-102.90299164009579,-95.17326655639236,351.0086943529945,0.0,-0.0010986328430722433,-0.001373291053840304,0.001373291053840304,0.004119873057300496,-0.001373291053840304,78.21502791736398,-75.69539220238808,87.86500998860258,-102.89965453481645,-95.17326800849689,351.00770339001696,0.0,0.0,0.0,0.0,0.0,0.0,0.0336456336081028,-1.585830807685852,-1.8681755065917969,-0.8034375905990601,0.0503547228872776,-0.02349887043237686,-2.6056369177447562e-17,-1.3249893081149904,-1.3532303269093235,-0.5659490727397369,-0.03939408057771185,0.0,33.77998352050781,36.609981536865234,38.769981384277344,40.680015563964844,43.129981994628906,40.949981689453125,-0.008972168900072575,-0.8792725801467896,-1.5204660892486572,-0.6501354575157166,-0.1018284410238266,-0.0839245393872261,253,253,253,253,253,253,0.027607941098105538,-0.36855421475774536,0.20799072575401753,-0.06948954921388767,-3.0543711319984492,-0.004274628989605703,0.027636615385685098,-0.36853860985186876,0.207959488057952,-0.06926193482548451,-3.05441529506927,-0.0045048468265155945,4.708086517576091e-8,-0.0000014754358597079561,0.0000019970110088709276,0.000002346971399105828,0.00003379116443745309,0.00001828767795727037,0,0,0,0,0,0,1.26350879329836,-2.4030721620351585,-13.336193485974245,-0.7491940668146357,0.37016637149668924,-0.4505791329670696,7,1,3,1,2,48.19097137451172,48.19097137451172,0.6445291042327881,0,0,0.0040280818939208984,0.0040280818939208984,0.004000000189989805,0.004000000189989805,1,1,0,1,7,0,false,false,100.4000015258789,113,-3,280,55,105,1357,,,,1775568896229,1775568896229,,,,,,,,,,,,,,,
